dataset,hardware,vmaf_version,clip,complexity,codec,profile,encoder_kind,rung,resolution_p,target_kbps,achieved_kbps,vmaf,wh_per_min,delta_w_watts,n,confidence,source_file,notes
clean_iso_bitrate_sweep_2026-09-06,"Ryzen 9 7900 (24c CPU, libx264/libx265/libsvtav1)","v0.6.1 (default model, explicit override 2026-09-06)",meridian_120s,low (SI~13/TI~2),h264,cpu,cpu,sweep,1080,3000,2928.1,92.17,0.3433,66.22,3,Repeatable,results/calibration/_staging/encode_parity_CLEAN_nvenc_24c_2026-09-06.json,"measured point; pass 1 of 2; clean protocol: active wait-for-idle (not a flat 10s sleep), baseline_elevated persisted, page cache evicted per row"
clean_iso_bitrate_sweep_2026-09-06,RTX 5080 NVENC,"v0.6.1 (default model, explicit override 2026-09-06)",meridian_120s,low (SI~13/TI~2),h264,gpu_baseline,gpu,sweep,1080,3000,3004.4,91.52,0.115,56.73,6,Repeatable,results/calibration/_staging/encode_parity_CLEAN_nvenc_24c_2026-09-06.json,"measured point; pass 1 of 2; clean protocol: active wait-for-idle (not a flat 10s sleep), baseline_elevated persisted, page cache evicted per row"
clean_iso_bitrate_sweep_2026-09-06,RTX 5080 NVENC,"v0.6.1 (default model, explicit override 2026-09-06)",meridian_120s,low (SI~13/TI~2),h264,gpu_tuned,gpu,sweep,1080,3000,2988.7,90.19,0.2057,48.92,3,Repeatable,results/calibration/_staging/encode_parity_CLEAN_nvenc_24c_2026-09-06.json,"measured point; pass 1 of 2; clean protocol: active wait-for-idle (not a flat 10s sleep), baseline_elevated persisted, page cache evicted per row"
clean_iso_bitrate_sweep_2026-09-06,"Ryzen 9 7900 (24c CPU, libx264/libx265/libsvtav1)","v0.6.1 (default model, explicit override 2026-09-06)",meridian_120s,low (SI~13/TI~2),h264,cpu,cpu,sweep,1080,4500,4399.0,93.62,0.366,63.66,2,Repeatable,results/calibration/_staging/encode_parity_CLEAN_nvenc_24c_2026-09-06.json,"measured point; pass 1 of 2; clean protocol: active wait-for-idle (not a flat 10s sleep), baseline_elevated persisted, page cache evicted per row"
clean_iso_bitrate_sweep_2026-09-06,RTX 5080 NVENC,"v0.6.1 (default model, explicit override 2026-09-06)",meridian_120s,low (SI~13/TI~2),h264,gpu_baseline,gpu,sweep,1080,4500,4488.8,93.5,0.111,54.51,6,Repeatable,results/calibration/_staging/encode_parity_CLEAN_nvenc_24c_2026-09-06.json,"measured point; pass 1 of 2; clean protocol: active wait-for-idle (not a flat 10s sleep), baseline_elevated persisted, page cache evicted per row"
clean_iso_bitrate_sweep_2026-09-06,RTX 5080 NVENC,"v0.6.1 (default model, explicit override 2026-09-06)",meridian_120s,low (SI~13/TI~2),h264,gpu_tuned,gpu,sweep,1080,4500,4477.2,92.07,0.2044,48.63,3,Repeatable,results/calibration/_staging/encode_parity_CLEAN_nvenc_24c_2026-09-06.json,"measured point; pass 1 of 2; clean protocol: active wait-for-idle (not a flat 10s sleep), baseline_elevated persisted, page cache evicted per row"
clean_iso_bitrate_sweep_2026-09-06,"Ryzen 9 7900 (24c CPU, libx264/libx265/libsvtav1)","v0.6.1 (default model, explicit override 2026-09-06)",meridian_120s,low (SI~13/TI~2),h264,cpu,cpu,sweep,1080,6000,5874.4,94.44,0.4089,65.72,2,Repeatable,results/calibration/_staging/encode_parity_CLEAN_nvenc_24c_2026-09-06.json,"measured point; pass 1 of 2; clean protocol: active wait-for-idle (not a flat 10s sleep), baseline_elevated persisted, page cache evicted per row"
clean_iso_bitrate_sweep_2026-09-06,RTX 5080 NVENC,"v0.6.1 (default model, explicit override 2026-09-06)",meridian_120s,low (SI~13/TI~2),h264,gpu_baseline,gpu,sweep,1080,6000,5990.6,94.26,0.1126,55.27,6,Repeatable,results/calibration/_staging/encode_parity_CLEAN_nvenc_24c_2026-09-06.json,"measured point; pass 1 of 2; clean protocol: active wait-for-idle (not a flat 10s sleep), baseline_elevated persisted, page cache evicted per row"
clean_iso_bitrate_sweep_2026-09-06,RTX 5080 NVENC,"v0.6.1 (default model, explicit override 2026-09-06)",meridian_120s,low (SI~13/TI~2),h264,gpu_tuned,gpu,sweep,1080,6000,5977.4,93.11,0.2379,56.34,3,Repeatable,results/calibration/_staging/encode_parity_CLEAN_nvenc_24c_2026-09-06.json,"measured point; pass 1 of 2; clean protocol: active wait-for-idle (not a flat 10s sleep), baseline_elevated persisted, page cache evicted per row"
clean_iso_bitrate_sweep_2026-09-06,"Ryzen 9 7900 (24c CPU, libx264/libx265/libsvtav1)","v0.6.1 (default model, explicit override 2026-09-06)",meridian_120s,low (SI~13/TI~2),h264,cpu,cpu,sweep,1080,8000,7827.4,95.06,0.4391,64.78,2,Repeatable,results/calibration/_staging/encode_parity_CLEAN_nvenc_24c_2026-09-06.json,"measured point; pass 1 of 2; clean protocol: active wait-for-idle (not a flat 10s sleep), baseline_elevated persisted, page cache evicted per row"
clean_iso_bitrate_sweep_2026-09-06,RTX 5080 NVENC,"v0.6.1 (default model, explicit override 2026-09-06)",meridian_120s,low (SI~13/TI~2),h264,gpu_baseline,gpu,sweep,1080,8000,7988.9,94.77,0.1132,55.56,6,Repeatable,results/calibration/_staging/encode_parity_CLEAN_nvenc_24c_2026-09-06.json,"measured point; pass 1 of 2; clean protocol: active wait-for-idle (not a flat 10s sleep), baseline_elevated persisted, page cache evicted per row"
clean_iso_bitrate_sweep_2026-09-06,RTX 5080 NVENC,"v0.6.1 (default model, explicit override 2026-09-06)",meridian_120s,low (SI~13/TI~2),h264,gpu_tuned,gpu,sweep,1080,8000,7962.7,93.85,0.2153,51.0,3,Repeatable,results/calibration/_staging/encode_parity_CLEAN_nvenc_24c_2026-09-06.json,"measured point; pass 1 of 2; clean protocol: active wait-for-idle (not a flat 10s sleep), baseline_elevated persisted, page cache evicted per row"
clean_iso_bitrate_sweep_2026-09-06,"Ryzen 9 7900 (24c CPU, libx264/libx265/libsvtav1)","v0.6.1 (default model, explicit override 2026-09-06)",meridian_120s,low (SI~13/TI~2),h264,cpu,cpu,sweep,1080,11000,10745.1,95.6,0.5067,69.1,2,Repeatable,results/calibration/_staging/encode_parity_CLEAN_nvenc_24c_2026-09-06.json,"measured point; pass 1 of 2; clean protocol: active wait-for-idle (not a flat 10s sleep), baseline_elevated persisted, page cache evicted per row"
clean_iso_bitrate_sweep_2026-09-06,RTX 5080 NVENC,"v0.6.1 (default model, explicit override 2026-09-06)",meridian_120s,low (SI~13/TI~2),h264,gpu_baseline,gpu,sweep,1080,11000,10976.5,95.22,0.116,56.44,6,Repeatable,results/calibration/_staging/encode_parity_CLEAN_nvenc_24c_2026-09-06.json,"measured point; pass 1 of 2; clean protocol: active wait-for-idle (not a flat 10s sleep), baseline_elevated persisted, page cache evicted per row"
clean_iso_bitrate_sweep_2026-09-06,RTX 5080 NVENC,"v0.6.1 (default model, explicit override 2026-09-06)",meridian_120s,low (SI~13/TI~2),h264,gpu_tuned,gpu,sweep,1080,11000,10942.6,94.47,0.2184,51.5,3,Repeatable,results/calibration/_staging/encode_parity_CLEAN_nvenc_24c_2026-09-06.json,"measured point; pass 1 of 2; clean protocol: active wait-for-idle (not a flat 10s sleep), baseline_elevated persisted, page cache evicted per row"
clean_iso_bitrate_sweep_2026-09-06,"Ryzen 9 7900 (24c CPU, libx264/libx265/libsvtav1)","v0.6.1 (default model, explicit override 2026-09-06)",meridian_120s,low (SI~13/TI~2),h264,cpu,cpu,sweep,1080,13000,12693.0,95.84,0.5304,69.69,2,Repeatable,results/calibration/_staging/encode_parity_CLEAN_nvenc_24c_2026-09-06.json,"measured point; pass 1 of 2; clean protocol: active wait-for-idle (not a flat 10s sleep), baseline_elevated persisted, page cache evicted per row"
clean_iso_bitrate_sweep_2026-09-06,RTX 5080 NVENC,"v0.6.1 (default model, explicit override 2026-09-06)",meridian_120s,low (SI~13/TI~2),h264,gpu_baseline,gpu,sweep,1080,13000,12985.8,95.38,0.115,55.95,6,Repeatable,results/calibration/_staging/encode_parity_CLEAN_nvenc_24c_2026-09-06.json,"measured point; pass 1 of 2; clean protocol: active wait-for-idle (not a flat 10s sleep), baseline_elevated persisted, page cache evicted per row"
clean_iso_bitrate_sweep_2026-09-06,RTX 5080 NVENC,"v0.6.1 (default model, explicit override 2026-09-06)",meridian_120s,low (SI~13/TI~2),h264,gpu_tuned,gpu,sweep,1080,13000,12934.2,94.74,0.2358,55.85,3,Repeatable,results/calibration/_staging/encode_parity_CLEAN_nvenc_24c_2026-09-06.json,"measured point; pass 1 of 2; clean protocol: active wait-for-idle (not a flat 10s sleep), baseline_elevated persisted, page cache evicted per row"
clean_iso_bitrate_sweep_2026-09-06,"Ryzen 9 7900 (24c CPU, libx264/libx265/libsvtav1)","v0.6.1 (default model, explicit override 2026-09-06)",meridian_120s,low (SI~13/TI~2),h264,cpu,cpu,sweep,1080,15000,14652.1,96.03,0.5282,67.91,2,Repeatable,results/calibration/_staging/encode_parity_CLEAN_nvenc_24c_2026-09-06.json,"measured point; pass 1 of 2; clean protocol: active wait-for-idle (not a flat 10s sleep), baseline_elevated persisted, page cache evicted per row"
clean_iso_bitrate_sweep_2026-09-06,RTX 5080 NVENC,"v0.6.1 (default model, explicit override 2026-09-06)",meridian_120s,low (SI~13/TI~2),h264,gpu_baseline,gpu,sweep,1080,15000,14975.8,95.53,0.1178,57.32,6,Repeatable,results/calibration/_staging/encode_parity_CLEAN_nvenc_24c_2026-09-06.json,"measured point; pass 1 of 2; clean protocol: active wait-for-idle (not a flat 10s sleep), baseline_elevated persisted, page cache evicted per row"
clean_iso_bitrate_sweep_2026-09-06,RTX 5080 NVENC,"v0.6.1 (default model, explicit override 2026-09-06)",meridian_120s,low (SI~13/TI~2),h264,gpu_tuned,gpu,sweep,1080,15000,14925.3,94.94,0.2105,49.84,3,Repeatable,results/calibration/_staging/encode_parity_CLEAN_nvenc_24c_2026-09-06.json,"measured point; pass 1 of 2; clean protocol: active wait-for-idle (not a flat 10s sleep), baseline_elevated persisted, page cache evicted per row"
clean_iso_bitrate_sweep_2026-09-06,"Ryzen 9 7900 (24c CPU, libx264/libx265/libsvtav1)","v0.6.1 (default model, explicit override 2026-09-06)",meridian_120s,low (SI~13/TI~2),h265,cpu,cpu,sweep,1080,1500,1480.6,92.57,0.6052,67.24,2,Repeatable,results/calibration/_staging/encode_parity_CLEAN_nvenc_24c_2026-09-06.json,"measured point; pass 1 of 2; clean protocol: active wait-for-idle (not a flat 10s sleep), baseline_elevated persisted, page cache evicted per row"
clean_iso_bitrate_sweep_2026-09-06,RTX 5080 NVENC,"v0.6.1 (default model, explicit override 2026-09-06)",meridian_120s,low (SI~13/TI~2),h265,gpu_baseline,gpu,sweep,1080,1500,1561.3,88.13,0.1271,55.26,5,Repeatable,results/calibration/_staging/encode_parity_CLEAN_nvenc_24c_2026-09-06.json,"measured point; pass 1 of 2; clean protocol: active wait-for-idle (not a flat 10s sleep), baseline_elevated persisted, page cache evicted per row"
clean_iso_bitrate_sweep_2026-09-06,RTX 5080 NVENC,"v0.6.1 (default model, explicit override 2026-09-06)",meridian_120s,low (SI~13/TI~2),h265,gpu_tuned,gpu,sweep,1080,1500,1524.3,88.73,0.3594,45.08,2,Repeatable,results/calibration/_staging/encode_parity_CLEAN_nvenc_24c_2026-09-06.json,"measured point; pass 1 of 2; clean protocol: active wait-for-idle (not a flat 10s sleep), baseline_elevated persisted, page cache evicted per row"
clean_iso_bitrate_sweep_2026-09-06,"Ryzen 9 7900 (24c CPU, libx264/libx265/libsvtav1)","v0.6.1 (default model, explicit override 2026-09-06)",meridian_120s,low (SI~13/TI~2),h265,cpu,cpu,sweep,1080,2500,2464.3,93.83,0.676,69.53,2,Repeatable,results/calibration/_staging/encode_parity_CLEAN_nvenc_24c_2026-09-06.json,"measured point; pass 1 of 2; clean protocol: active wait-for-idle (not a flat 10s sleep), baseline_elevated persisted, page cache evicted per row"
clean_iso_bitrate_sweep_2026-09-06,RTX 5080 NVENC,"v0.6.1 (default model, explicit override 2026-09-06)",meridian_120s,low (SI~13/TI~2),h265,gpu_baseline,gpu,sweep,1080,2500,2554.7,91.15,0.1271,55.79,5,Repeatable,results/calibration/_staging/encode_parity_CLEAN_nvenc_24c_2026-09-06.json,"measured point; pass 1 of 2; clean protocol: active wait-for-idle (not a flat 10s sleep), baseline_elevated persisted, page cache evicted per row"
clean_iso_bitrate_sweep_2026-09-06,RTX 5080 NVENC,"v0.6.1 (default model, explicit override 2026-09-06)",meridian_120s,low (SI~13/TI~2),h265,gpu_tuned,gpu,sweep,1080,2500,2494.1,91.87,0.3612,45.46,2,Repeatable,results/calibration/_staging/encode_parity_CLEAN_nvenc_24c_2026-09-06.json,"measured point; pass 1 of 2; clean protocol: active wait-for-idle (not a flat 10s sleep), baseline_elevated persisted, page cache evicted per row"
clean_iso_bitrate_sweep_2026-09-06,"Ryzen 9 7900 (24c CPU, libx264/libx265/libsvtav1)","v0.6.1 (default model, explicit override 2026-09-06)",meridian_120s,low (SI~13/TI~2),h265,cpu,cpu,sweep,1080,3500,3450.3,94.44,0.7184,68.06,2,Repeatable,results/calibration/_staging/encode_parity_CLEAN_nvenc_24c_2026-09-06.json,"measured point; pass 1 of 2; clean protocol: active wait-for-idle (not a flat 10s sleep), baseline_elevated persisted, page cache evicted per row"
clean_iso_bitrate_sweep_2026-09-06,RTX 5080 NVENC,"v0.6.1 (default model, explicit override 2026-09-06)",meridian_120s,low (SI~13/TI~2),h265,gpu_baseline,gpu,sweep,1080,3500,3538.8,93.03,0.1269,55.71,5,Repeatable,results/calibration/_staging/encode_parity_CLEAN_nvenc_24c_2026-09-06.json,"measured point; pass 1 of 2; clean protocol: active wait-for-idle (not a flat 10s sleep), baseline_elevated persisted, page cache evicted per row"
clean_iso_bitrate_sweep_2026-09-06,RTX 5080 NVENC,"v0.6.1 (default model, explicit override 2026-09-06)",meridian_120s,low (SI~13/TI~2),h265,gpu_tuned,gpu,sweep,1080,3500,3493.2,92.8,0.3708,46.67,2,Repeatable,results/calibration/_staging/encode_parity_CLEAN_nvenc_24c_2026-09-06.json,"measured point; pass 1 of 2; clean protocol: active wait-for-idle (not a flat 10s sleep), baseline_elevated persisted, page cache evicted per row"
clean_iso_bitrate_sweep_2026-09-06,"Ryzen 9 7900 (24c CPU, libx264/libx265/libsvtav1)","v0.6.1 (default model, explicit override 2026-09-06)",meridian_120s,low (SI~13/TI~2),h265,cpu,cpu,sweep,1080,5000,4925.9,95.0,0.7464,63.98,1,Repeatable,results/calibration/_staging/encode_parity_CLEAN_nvenc_24c_2026-09-06.json,"measured point; pass 1 of 2; clean protocol: active wait-for-idle (not a flat 10s sleep), baseline_elevated persisted, page cache evicted per row"
clean_iso_bitrate_sweep_2026-09-06,RTX 5080 NVENC,"v0.6.1 (default model, explicit override 2026-09-06)",meridian_120s,low (SI~13/TI~2),h265,gpu_baseline,gpu,sweep,1080,5000,4994.6,93.96,0.1315,57.17,5,Repeatable,results/calibration/_staging/encode_parity_CLEAN_nvenc_24c_2026-09-06.json,"measured point; pass 1 of 2; clean protocol: active wait-for-idle (not a flat 10s sleep), baseline_elevated persisted, page cache evicted per row"
clean_iso_bitrate_sweep_2026-09-06,RTX 5080 NVENC,"v0.6.1 (default model, explicit override 2026-09-06)",meridian_120s,low (SI~13/TI~2),h265,gpu_tuned,gpu,sweep,1080,5000,4966.7,93.53,0.3779,47.4,2,Repeatable,results/calibration/_staging/encode_parity_CLEAN_nvenc_24c_2026-09-06.json,"measured point; pass 1 of 2; clean protocol: active wait-for-idle (not a flat 10s sleep), baseline_elevated persisted, page cache evicted per row"
clean_iso_bitrate_sweep_2026-09-06,"Ryzen 9 7900 (24c CPU, libx264/libx265/libsvtav1)","v0.6.1 (default model, explicit override 2026-09-06)",meridian_120s,low (SI~13/TI~2),h265,cpu,cpu,sweep,1080,7000,6888.8,95.45,0.861,67.38,1,Repeatable,results/calibration/_staging/encode_parity_CLEAN_nvenc_24c_2026-09-06.json,"measured point; pass 1 of 2; clean protocol: active wait-for-idle (not a flat 10s sleep), baseline_elevated persisted, page cache evicted per row"
clean_iso_bitrate_sweep_2026-09-06,RTX 5080 NVENC,"v0.6.1 (default model, explicit override 2026-09-06)",meridian_120s,low (SI~13/TI~2),h265,gpu_baseline,gpu,sweep,1080,7000,6880.1,94.47,0.1254,54.81,5,Repeatable,results/calibration/_staging/encode_parity_CLEAN_nvenc_24c_2026-09-06.json,"measured point; pass 1 of 2; clean protocol: active wait-for-idle (not a flat 10s sleep), baseline_elevated persisted, page cache evicted per row"
clean_iso_bitrate_sweep_2026-09-06,RTX 5080 NVENC,"v0.6.1 (default model, explicit override 2026-09-06)",meridian_120s,low (SI~13/TI~2),h265,gpu_tuned,gpu,sweep,1080,7000,6952.5,94.06,0.3473,43.71,2,Repeatable,results/calibration/_staging/encode_parity_CLEAN_nvenc_24c_2026-09-06.json,"measured point; pass 1 of 2; clean protocol: active wait-for-idle (not a flat 10s sleep), baseline_elevated persisted, page cache evicted per row"
clean_iso_bitrate_sweep_2026-09-06,"Ryzen 9 7900 (24c CPU, libx264/libx265/libsvtav1)","v0.6.1 (default model, explicit override 2026-09-06)",meridian_120s,low (SI~13/TI~2),h265,cpu,cpu,sweep,1080,8500,8360.7,95.7,0.9262,68.33,1,Repeatable,results/calibration/_staging/encode_parity_CLEAN_nvenc_24c_2026-09-06.json,"measured point; pass 1 of 2; clean protocol: active wait-for-idle (not a flat 10s sleep), baseline_elevated persisted, page cache evicted per row"
clean_iso_bitrate_sweep_2026-09-06,RTX 5080 NVENC,"v0.6.1 (default model, explicit override 2026-09-06)",meridian_120s,low (SI~13/TI~2),h265,gpu_baseline,gpu,sweep,1080,8500,8365.9,94.75,0.1255,54.57,5,Repeatable,results/calibration/_staging/encode_parity_CLEAN_nvenc_24c_2026-09-06.json,"measured point; pass 1 of 2; clean protocol: active wait-for-idle (not a flat 10s sleep), baseline_elevated persisted, page cache evicted per row"
clean_iso_bitrate_sweep_2026-09-06,RTX 5080 NVENC,"v0.6.1 (default model, explicit override 2026-09-06)",meridian_120s,low (SI~13/TI~2),h265,gpu_tuned,gpu,sweep,1080,8500,8457.9,94.32,0.353,44.43,2,Repeatable,results/calibration/_staging/encode_parity_CLEAN_nvenc_24c_2026-09-06.json,"measured point; pass 1 of 2; clean protocol: active wait-for-idle (not a flat 10s sleep), baseline_elevated persisted, page cache evicted per row"
clean_iso_bitrate_sweep_2026-09-06,"Ryzen 9 7900 (24c CPU, libx264/libx265/libsvtav1)","v0.6.1 (default model, explicit override 2026-09-06)",meridian_120s,low (SI~13/TI~2),h265,cpu,cpu,sweep,1080,10000,9840.0,95.88,0.968,67.8,1,Repeatable,results/calibration/_staging/encode_parity_CLEAN_nvenc_24c_2026-09-06.json,"measured point; pass 1 of 2; clean protocol: active wait-for-idle (not a flat 10s sleep), baseline_elevated persisted, page cache evicted per row"
clean_iso_bitrate_sweep_2026-09-06,RTX 5080 NVENC,"v0.6.1 (default model, explicit override 2026-09-06)",meridian_120s,low (SI~13/TI~2),h265,gpu_baseline,gpu,sweep,1080,10000,9815.5,94.97,0.1267,55.1,5,Repeatable,results/calibration/_staging/encode_parity_CLEAN_nvenc_24c_2026-09-06.json,"measured point; pass 1 of 2; clean protocol: active wait-for-idle (not a flat 10s sleep), baseline_elevated persisted, page cache evicted per row"
clean_iso_bitrate_sweep_2026-09-06,RTX 5080 NVENC,"v0.6.1 (default model, explicit override 2026-09-06)",meridian_120s,low (SI~13/TI~2),h265,gpu_tuned,gpu,sweep,1080,10000,9962.8,94.53,0.3552,44.56,2,Repeatable,results/calibration/_staging/encode_parity_CLEAN_nvenc_24c_2026-09-06.json,"measured point; pass 1 of 2; clean protocol: active wait-for-idle (not a flat 10s sleep), baseline_elevated persisted, page cache evicted per row"
clean_iso_bitrate_sweep_2026-09-06,"Ryzen 9 7900 (24c CPU, libx264/libx265/libsvtav1)","v0.6.1 (default model, explicit override 2026-09-06)",meridian_120s,low (SI~13/TI~2),av1,cpu,cpu,sweep,1080,1000,680.7,90.77,0.322,65.13,3,Repeatable,results/calibration/_staging/encode_parity_CLEAN_nvenc_24c_2026-09-06.json,"measured point; pass 1 of 2; clean protocol: active wait-for-idle (not a flat 10s sleep), baseline_elevated persisted, page cache evicted per row"
clean_iso_bitrate_sweep_2026-09-06,RTX 5080 NVENC,"v0.6.1 (default model, explicit override 2026-09-06)",meridian_120s,low (SI~13/TI~2),av1,gpu_baseline,gpu,sweep,1080,1000,1033.6,90.64,0.1225,58.3,6,Repeatable,results/calibration/_staging/encode_parity_CLEAN_nvenc_24c_2026-09-06.json,"measured point; pass 1 of 2; clean protocol: active wait-for-idle (not a flat 10s sleep), baseline_elevated persisted, page cache evicted per row"
clean_iso_bitrate_sweep_2026-09-06,RTX 5080 NVENC,"v0.6.1 (default model, explicit override 2026-09-06)",meridian_120s,low (SI~13/TI~2),av1,gpu_tuned,gpu,sweep,1080,1000,997.3,89.04,0.2481,50.75,3,Repeatable,results/calibration/_staging/encode_parity_CLEAN_nvenc_24c_2026-09-06.json,"measured point; pass 1 of 2; clean protocol: active wait-for-idle (not a flat 10s sleep), baseline_elevated persisted, page cache evicted per row"
clean_iso_bitrate_sweep_2026-09-06,"Ryzen 9 7900 (24c CPU, libx264/libx265/libsvtav1)","v0.6.1 (default model, explicit override 2026-09-06)",meridian_120s,low (SI~13/TI~2),av1,cpu,cpu,sweep,1080,1800,1241.1,92.17,0.3521,65.8,3,Repeatable,results/calibration/_staging/encode_parity_CLEAN_nvenc_24c_2026-09-06.json,"measured point; pass 1 of 2; clean protocol: active wait-for-idle (not a flat 10s sleep), baseline_elevated persisted, page cache evicted per row"
clean_iso_bitrate_sweep_2026-09-06,RTX 5080 NVENC,"v0.6.1 (default model, explicit override 2026-09-06)",meridian_120s,low (SI~13/TI~2),av1,gpu_baseline,gpu,sweep,1080,1800,1840.0,92.63,0.1185,56.63,6,Repeatable,results/calibration/_staging/encode_parity_CLEAN_nvenc_24c_2026-09-06.json,"measured point; pass 1 of 2; clean protocol: active wait-for-idle (not a flat 10s sleep), baseline_elevated persisted, page cache evicted per row"
clean_iso_bitrate_sweep_2026-09-06,RTX 5080 NVENC,"v0.6.1 (default model, explicit override 2026-09-06)",meridian_120s,low (SI~13/TI~2),av1,gpu_tuned,gpu,sweep,1080,1800,1776.2,91.46,0.2504,51.41,3,Repeatable,results/calibration/_staging/encode_parity_CLEAN_nvenc_24c_2026-09-06.json,"measured point; pass 1 of 2; clean protocol: active wait-for-idle (not a flat 10s sleep), baseline_elevated persisted, page cache evicted per row"
clean_iso_bitrate_sweep_2026-09-06,"Ryzen 9 7900 (24c CPU, libx264/libx265/libsvtav1)","v0.6.1 (default model, explicit override 2026-09-06)",meridian_120s,low (SI~13/TI~2),av1,cpu,cpu,sweep,1080,2800,1865.6,92.87,0.3642,66.0,3,Repeatable,results/calibration/_staging/encode_parity_CLEAN_nvenc_24c_2026-09-06.json,"measured point; pass 1 of 2; clean protocol: active wait-for-idle (not a flat 10s sleep), baseline_elevated persisted, page cache evicted per row"
clean_iso_bitrate_sweep_2026-09-06,RTX 5080 NVENC,"v0.6.1 (default model, explicit override 2026-09-06)",meridian_120s,low (SI~13/TI~2),av1,gpu_baseline,gpu,sweep,1080,2800,2854.5,93.58,0.129,61.39,6,Repeatable,results/calibration/_staging/encode_parity_CLEAN_nvenc_24c_2026-09-06.json,"measured point; pass 1 of 2; clean protocol: active wait-for-idle (not a flat 10s sleep), baseline_elevated persisted, page cache evicted per row"
clean_iso_bitrate_sweep_2026-09-06,RTX 5080 NVENC,"v0.6.1 (default model, explicit override 2026-09-06)",meridian_120s,low (SI~13/TI~2),av1,gpu_tuned,gpu,sweep,1080,2800,2816.7,92.74,0.2541,51.97,3,Repeatable,results/calibration/_staging/encode_parity_CLEAN_nvenc_24c_2026-09-06.json,"measured point; pass 1 of 2; clean protocol: active wait-for-idle (not a flat 10s sleep), baseline_elevated persisted, page cache evicted per row"
clean_iso_bitrate_sweep_2026-09-06,"Ryzen 9 7900 (24c CPU, libx264/libx265/libsvtav1)","v0.6.1 (default model, explicit override 2026-09-06)",meridian_120s,low (SI~13/TI~2),av1,cpu,cpu,sweep,1080,4000,2681.6,93.36,0.3639,63.29,2,Repeatable,results/calibration/_staging/encode_parity_CLEAN_nvenc_24c_2026-09-06.json,"measured point; pass 1 of 2; clean protocol: active wait-for-idle (not a flat 10s sleep), baseline_elevated persisted, page cache evicted per row"
clean_iso_bitrate_sweep_2026-09-06,RTX 5080 NVENC,"v0.6.1 (default model, explicit override 2026-09-06)",meridian_120s,low (SI~13/TI~2),av1,gpu_baseline,gpu,sweep,1080,4000,4075.9,94.14,0.1189,57.05,6,Repeatable,results/calibration/_staging/encode_parity_CLEAN_nvenc_24c_2026-09-06.json,"measured point; pass 1 of 2; clean protocol: active wait-for-idle (not a flat 10s sleep), baseline_elevated persisted, page cache evicted per row"
clean_iso_bitrate_sweep_2026-09-06,RTX 5080 NVENC,"v0.6.1 (default model, explicit override 2026-09-06)",meridian_120s,low (SI~13/TI~2),av1,gpu_tuned,gpu,sweep,1080,4000,4034.6,93.47,0.2445,50.58,3,Repeatable,results/calibration/_staging/encode_parity_CLEAN_nvenc_24c_2026-09-06.json,"measured point; pass 1 of 2; clean protocol: active wait-for-idle (not a flat 10s sleep), baseline_elevated persisted, page cache evicted per row"
clean_iso_bitrate_sweep_2026-09-06,"Ryzen 9 7900 (24c CPU, libx264/libx265/libsvtav1)","v0.6.1 (default model, explicit override 2026-09-06)",meridian_120s,low (SI~13/TI~2),av1,cpu,cpu,sweep,1080,6000,4096.1,93.83,0.3786,64.29,2,Repeatable,results/calibration/_staging/encode_parity_CLEAN_nvenc_24c_2026-09-06.json,"measured point; pass 1 of 2; clean protocol: active wait-for-idle (not a flat 10s sleep), baseline_elevated persisted, page cache evicted per row"
clean_iso_bitrate_sweep_2026-09-06,RTX 5080 NVENC,"v0.6.1 (default model, explicit override 2026-09-06)",meridian_120s,low (SI~13/TI~2),av1,gpu_baseline,gpu,sweep,1080,6000,6105.4,94.63,0.1212,57.93,6,Repeatable,results/calibration/_staging/encode_parity_CLEAN_nvenc_24c_2026-09-06.json,"measured point; pass 1 of 2; clean protocol: active wait-for-idle (not a flat 10s sleep), baseline_elevated persisted, page cache evicted per row"
clean_iso_bitrate_sweep_2026-09-06,RTX 5080 NVENC,"v0.6.1 (default model, explicit override 2026-09-06)",meridian_120s,low (SI~13/TI~2),av1,gpu_tuned,gpu,sweep,1080,6000,6067.9,94.12,0.2432,49.94,3,Repeatable,results/calibration/_staging/encode_parity_CLEAN_nvenc_24c_2026-09-06.json,"measured point; pass 1 of 2; clean protocol: active wait-for-idle (not a flat 10s sleep), baseline_elevated persisted, page cache evicted per row"
clean_iso_bitrate_sweep_2026-09-06,"Ryzen 9 7900 (24c CPU, libx264/libx265/libsvtav1)","v0.6.1 (default model, explicit override 2026-09-06)",meridian_120s,low (SI~13/TI~2),av1,cpu,cpu,sweep,1080,7500,5052.2,94.06,0.3885,65.05,2,Repeatable,results/calibration/_staging/encode_parity_CLEAN_nvenc_24c_2026-09-06.json,"measured point; pass 1 of 2; clean protocol: active wait-for-idle (not a flat 10s sleep), baseline_elevated persisted, page cache evicted per row"
clean_iso_bitrate_sweep_2026-09-06,RTX 5080 NVENC,"v0.6.1 (default model, explicit override 2026-09-06)",meridian_120s,low (SI~13/TI~2),av1,gpu_baseline,gpu,sweep,1080,7500,7610.2,94.86,0.1256,60.02,6,Repeatable,results/calibration/_staging/encode_parity_CLEAN_nvenc_24c_2026-09-06.json,"measured point; pass 1 of 2; clean protocol: active wait-for-idle (not a flat 10s sleep), baseline_elevated persisted, page cache evicted per row"
clean_iso_bitrate_sweep_2026-09-06,RTX 5080 NVENC,"v0.6.1 (default model, explicit override 2026-09-06)",meridian_120s,low (SI~13/TI~2),av1,gpu_tuned,gpu,sweep,1080,7500,7576.2,94.39,0.2483,50.98,3,Repeatable,results/calibration/_staging/encode_parity_CLEAN_nvenc_24c_2026-09-06.json,"measured point; pass 1 of 2; clean protocol: active wait-for-idle (not a flat 10s sleep), baseline_elevated persisted, page cache evicted per row"
clean_iso_bitrate_sweep_2026-09-06,"Ryzen 9 7900 (24c CPU, libx264/libx265/libsvtav1)","v0.6.1 (default model, explicit override 2026-09-06)",bbb_120s,high (SI~33/TI~6),h264,cpu,cpu,sweep,1080,3000,3346.3,88.46,0.3053,68.69,3,Repeatable,results/calibration/_staging/encode_parity_CLEAN_nvenc_24c_2026-09-06.json,"measured point; pass 1 of 2; clean protocol: active wait-for-idle (not a flat 10s sleep), baseline_elevated persisted, page cache evicted per row"
clean_iso_bitrate_sweep_2026-09-06,RTX 5080 NVENC,"v0.6.1 (default model, explicit override 2026-09-06)",bbb_120s,high (SI~33/TI~6),h264,gpu_baseline,gpu,sweep,1080,3000,3031.4,85.95,0.1434,70.71,6,Repeatable,results/calibration/_staging/encode_parity_CLEAN_nvenc_24c_2026-09-06.json,"measured point; pass 1 of 2; clean protocol: active wait-for-idle (not a flat 10s sleep), baseline_elevated persisted, page cache evicted per row"
clean_iso_bitrate_sweep_2026-09-06,RTX 5080 NVENC,"v0.6.1 (default model, explicit override 2026-09-06)",bbb_120s,high (SI~33/TI~6),h264,gpu_tuned,gpu,sweep,1080,3000,3010.6,84.82,0.2166,52.92,3,Repeatable,results/calibration/_staging/encode_parity_CLEAN_nvenc_24c_2026-09-06.json,"measured point; pass 1 of 2; clean protocol: active wait-for-idle (not a flat 10s sleep), baseline_elevated persisted, page cache evicted per row"
clean_iso_bitrate_sweep_2026-09-06,"Ryzen 9 7900 (24c CPU, libx264/libx265/libsvtav1)","v0.6.1 (default model, explicit override 2026-09-06)",bbb_120s,high (SI~33/TI~6),h264,cpu,cpu,sweep,1080,4500,5081.9,91.48,0.3306,71.13,3,Repeatable,results/calibration/_staging/encode_parity_CLEAN_nvenc_24c_2026-09-06.json,"measured point; pass 1 of 2; clean protocol: active wait-for-idle (not a flat 10s sleep), baseline_elevated persisted, page cache evicted per row"
clean_iso_bitrate_sweep_2026-09-06,RTX 5080 NVENC,"v0.6.1 (default model, explicit override 2026-09-06)",bbb_120s,high (SI~33/TI~6),h264,gpu_baseline,gpu,sweep,1080,4500,4535.2,89.66,0.1404,68.61,6,Repeatable,results/calibration/_staging/encode_parity_CLEAN_nvenc_24c_2026-09-06.json,"measured point; pass 1 of 2; clean protocol: active wait-for-idle (not a flat 10s sleep), baseline_elevated persisted, page cache evicted per row"
clean_iso_bitrate_sweep_2026-09-06,RTX 5080 NVENC,"v0.6.1 (default model, explicit override 2026-09-06)",bbb_120s,high (SI~33/TI~6),h264,gpu_tuned,gpu,sweep,1080,4500,4497.9,89.03,0.2161,52.33,3,Repeatable,results/calibration/_staging/encode_parity_CLEAN_nvenc_24c_2026-09-06.json,"measured point; pass 1 of 2; clean protocol: active wait-for-idle (not a flat 10s sleep), baseline_elevated persisted, page cache evicted per row"
clean_iso_bitrate_sweep_2026-09-06,"Ryzen 9 7900 (24c CPU, libx264/libx265/libsvtav1)","v0.6.1 (default model, explicit override 2026-09-06)",bbb_120s,high (SI~33/TI~6),h264,cpu,cpu,sweep,1080,6000,6875.9,93.1,0.3451,71.14,3,Repeatable,results/calibration/_staging/encode_parity_CLEAN_nvenc_24c_2026-09-06.json,"measured point; pass 1 of 2; clean protocol: active wait-for-idle (not a flat 10s sleep), baseline_elevated persisted, page cache evicted per row"
clean_iso_bitrate_sweep_2026-09-06,RTX 5080 NVENC,"v0.6.1 (default model, explicit override 2026-09-06)",bbb_120s,high (SI~33/TI~6),h264,gpu_tuned,gpu,sweep,1080,6000,5985.2,91.12,0.2419,58.85,3,Repeatable,results/calibration/_staging/encode_parity_CLEAN_nvenc_24c_2026-09-06.json,"measured point; pass 1 of 2; clean protocol: active wait-for-idle (not a flat 10s sleep), baseline_elevated persisted, page cache evicted per row"
clean_iso_bitrate_sweep_2026-09-06,"Ryzen 9 7900 (24c CPU, libx264/libx265/libsvtav1)","v0.6.1 (default model, explicit override 2026-09-06)",bbb_120s,high (SI~33/TI~6),h264,cpu,cpu,sweep,1080,8000,9357.3,94.41,0.3518,70.1,3,Repeatable,results/calibration/_staging/encode_parity_CLEAN_nvenc_24c_2026-09-06.json,"measured point; pass 1 of 2; clean protocol: active wait-for-idle (not a flat 10s sleep), baseline_elevated persisted, page cache evicted per row"
clean_iso_bitrate_sweep_2026-09-06,RTX 5080 NVENC,"v0.6.1 (default model, explicit override 2026-09-06)",bbb_120s,high (SI~33/TI~6),h264,gpu_baseline,gpu,sweep,1080,8000,8033.5,92.81,0.1362,66.58,6,Repeatable,results/calibration/_staging/encode_parity_CLEAN_nvenc_24c_2026-09-06.json,"measured point; pass 1 of 2; clean protocol: active wait-for-idle (not a flat 10s sleep), baseline_elevated persisted, page cache evicted per row"
clean_iso_bitrate_sweep_2026-09-06,RTX 5080 NVENC,"v0.6.1 (default model, explicit override 2026-09-06)",bbb_120s,high (SI~33/TI~6),h264,gpu_tuned,gpu,sweep,1080,8000,7977.4,92.52,0.2093,50.92,3,Repeatable,results/calibration/_staging/encode_parity_CLEAN_nvenc_24c_2026-09-06.json,"measured point; pass 1 of 2; clean protocol: active wait-for-idle (not a flat 10s sleep), baseline_elevated persisted, page cache evicted per row"
clean_iso_bitrate_sweep_2026-09-06,"Ryzen 9 7900 (24c CPU, libx264/libx265/libsvtav1)","v0.6.1 (default model, explicit override 2026-09-06)",bbb_120s,high (SI~33/TI~6),h264,cpu,cpu,sweep,1080,11000,13056.0,95.62,0.3673,70.09,3,Repeatable,results/calibration/_staging/encode_parity_CLEAN_nvenc_24c_2026-09-06.json,"measured point; pass 1 of 2; clean protocol: active wait-for-idle (not a flat 10s sleep), baseline_elevated persisted, page cache evicted per row"
clean_iso_bitrate_sweep_2026-09-06,RTX 5080 NVENC,"v0.6.1 (default model, explicit override 2026-09-06)",bbb_120s,high (SI~33/TI~6),h264,gpu_baseline,gpu,sweep,1080,11000,11037.0,93.89,0.1361,66.23,6,Repeatable,results/calibration/_staging/encode_parity_CLEAN_nvenc_24c_2026-09-06.json,"measured point; pass 1 of 2; clean protocol: active wait-for-idle (not a flat 10s sleep), baseline_elevated persisted, page cache evicted per row"
clean_iso_bitrate_sweep_2026-09-06,RTX 5080 NVENC,"v0.6.1 (default model, explicit override 2026-09-06)",bbb_120s,high (SI~33/TI~6),h264,gpu_tuned,gpu,sweep,1080,11000,10987.9,93.67,0.2135,51.69,3,Repeatable,results/calibration/_staging/encode_parity_CLEAN_nvenc_24c_2026-09-06.json,"measured point; pass 1 of 2; clean protocol: active wait-for-idle (not a flat 10s sleep), baseline_elevated persisted, page cache evicted per row"
clean_iso_bitrate_sweep_2026-09-06,"Ryzen 9 7900 (24c CPU, libx264/libx265/libsvtav1)","v0.6.1 (default model, explicit override 2026-09-06)",bbb_120s,high (SI~33/TI~6),h264,cpu,cpu,sweep,1080,13000,15457.0,96.13,0.3777,70.32,3,Repeatable,results/calibration/_staging/encode_parity_CLEAN_nvenc_24c_2026-09-06.json,"measured point; pass 1 of 2; clean protocol: active wait-for-idle (not a flat 10s sleep), baseline_elevated persisted, page cache evicted per row"
clean_iso_bitrate_sweep_2026-09-06,RTX 5080 NVENC,"v0.6.1 (default model, explicit override 2026-09-06)",bbb_120s,high (SI~33/TI~6),h264,gpu_baseline,gpu,sweep,1080,13000,13044.6,94.36,0.1412,68.36,6,Repeatable,results/calibration/_staging/encode_parity_CLEAN_nvenc_24c_2026-09-06.json,"measured point; pass 1 of 2; clean protocol: active wait-for-idle (not a flat 10s sleep), baseline_elevated persisted, page cache evicted per row"
clean_iso_bitrate_sweep_2026-09-06,RTX 5080 NVENC,"v0.6.1 (default model, explicit override 2026-09-06)",bbb_120s,high (SI~33/TI~6),h264,gpu_tuned,gpu,sweep,1080,13000,12976.3,94.16,0.2209,53.48,3,Repeatable,results/calibration/_staging/encode_parity_CLEAN_nvenc_24c_2026-09-06.json,"measured point; pass 1 of 2; clean protocol: active wait-for-idle (not a flat 10s sleep), baseline_elevated persisted, page cache evicted per row"
clean_iso_bitrate_sweep_2026-09-06,"Ryzen 9 7900 (24c CPU, libx264/libx265/libsvtav1)","v0.6.1 (default model, explicit override 2026-09-06)",bbb_120s,high (SI~33/TI~6),h264,cpu,cpu,sweep,1080,15000,17847.6,96.51,0.3875,70.21,3,Repeatable,results/calibration/_staging/encode_parity_CLEAN_nvenc_24c_2026-09-06.json,"measured point; pass 1 of 2; clean protocol: active wait-for-idle (not a flat 10s sleep), baseline_elevated persisted, page cache evicted per row"
clean_iso_bitrate_sweep_2026-09-06,RTX 5080 NVENC,"v0.6.1 (default model, explicit override 2026-09-06)",bbb_120s,high (SI~33/TI~6),h264,gpu_baseline,gpu,sweep,1080,15000,15052.7,94.69,0.1457,70.88,6,Repeatable,results/calibration/_staging/encode_parity_CLEAN_nvenc_24c_2026-09-06.json,"measured point; pass 1 of 2; clean protocol: active wait-for-idle (not a flat 10s sleep), baseline_elevated persisted, page cache evicted per row"
clean_iso_bitrate_sweep_2026-09-06,RTX 5080 NVENC,"v0.6.1 (default model, explicit override 2026-09-06)",bbb_120s,high (SI~33/TI~6),h264,gpu_tuned,gpu,sweep,1080,15000,14975.6,94.53,0.2137,51.99,3,Repeatable,results/calibration/_staging/encode_parity_CLEAN_nvenc_24c_2026-09-06.json,"measured point; pass 1 of 2; clean protocol: active wait-for-idle (not a flat 10s sleep), baseline_elevated persisted, page cache evicted per row"
clean_iso_bitrate_sweep_2026-09-06,"Ryzen 9 7900 (24c CPU, libx264/libx265/libsvtav1)","v0.6.1 (default model, explicit override 2026-09-06)",bbb_120s,high (SI~33/TI~6),h265,cpu,cpu,sweep,1080,1500,1697.7,85.18,0.577,69.47,2,Repeatable,results/calibration/_staging/encode_parity_CLEAN_nvenc_24c_2026-09-06.json,"measured point; pass 1 of 2; clean protocol: active wait-for-idle (not a flat 10s sleep), baseline_elevated persisted, page cache evicted per row"
clean_iso_bitrate_sweep_2026-09-06,RTX 5080 NVENC,"v0.6.1 (default model, explicit override 2026-09-06)",bbb_120s,high (SI~33/TI~6),h265,gpu_baseline,gpu,sweep,1080,1500,1447.8,80.15,0.144,65.35,6,Repeatable,results/calibration/_staging/encode_parity_CLEAN_nvenc_24c_2026-09-06.json,"measured point; pass 1 of 2; clean protocol: active wait-for-idle (not a flat 10s sleep), baseline_elevated persisted, page cache evicted per row"
clean_iso_bitrate_sweep_2026-09-06,RTX 5080 NVENC,"v0.6.1 (default model, explicit override 2026-09-06)",bbb_120s,high (SI~33/TI~6),h265,gpu_tuned,gpu,sweep,1080,1500,1509.7,82.13,0.3744,46.48,2,Repeatable,results/calibration/_staging/encode_parity_CLEAN_nvenc_24c_2026-09-06.json,"measured point; pass 1 of 2; clean protocol: active wait-for-idle (not a flat 10s sleep), baseline_elevated persisted, page cache evicted per row"
clean_iso_bitrate_sweep_2026-09-06,"Ryzen 9 7900 (24c CPU, libx264/libx265/libsvtav1)","v0.6.1 (default model, explicit override 2026-09-06)",bbb_120s,high (SI~33/TI~6),h265,cpu,cpu,sweep,1080,2500,2866.6,89.83,0.6332,71.01,2,Repeatable,results/calibration/_staging/encode_parity_CLEAN_nvenc_24c_2026-09-06.json,"measured point; pass 1 of 2; clean protocol: active wait-for-idle (not a flat 10s sleep), baseline_elevated persisted, page cache evicted per row"
clean_iso_bitrate_sweep_2026-09-06,RTX 5080 NVENC,"v0.6.1 (default model, explicit override 2026-09-06)",bbb_120s,high (SI~33/TI~6),h265,gpu_baseline,gpu,sweep,1080,2500,2356.0,86.51,0.1496,67.88,6,Repeatable,results/calibration/_staging/encode_parity_CLEAN_nvenc_24c_2026-09-06.json,"measured point; pass 1 of 2; clean protocol: active wait-for-idle (not a flat 10s sleep), baseline_elevated persisted, page cache evicted per row"
clean_iso_bitrate_sweep_2026-09-06,RTX 5080 NVENC,"v0.6.1 (default model, explicit override 2026-09-06)",bbb_120s,high (SI~33/TI~6),h265,gpu_tuned,gpu,sweep,1080,2500,2419.6,87.6,0.3744,46.48,2,Repeatable,results/calibration/_staging/encode_parity_CLEAN_nvenc_24c_2026-09-06.json,"measured point; pass 1 of 2; clean protocol: active wait-for-idle (not a flat 10s sleep), baseline_elevated persisted, page cache evicted per row"
clean_iso_bitrate_sweep_2026-09-06,"Ryzen 9 7900 (24c CPU, libx264/libx265/libsvtav1)","v0.6.1 (default model, explicit override 2026-09-06)",bbb_120s,high (SI~33/TI~6),h265,cpu,cpu,sweep,1080,3500,4068.0,92.05,0.6493,68.75,2,Repeatable,results/calibration/_staging/encode_parity_CLEAN_nvenc_24c_2026-09-06.json,"measured point; pass 1 of 2; clean protocol: active wait-for-idle (not a flat 10s sleep), baseline_elevated persisted, page cache evicted per row"
clean_iso_bitrate_sweep_2026-09-06,RTX 5080 NVENC,"v0.6.1 (default model, explicit override 2026-09-06)",bbb_120s,high (SI~33/TI~6),h265,gpu_baseline,gpu,sweep,1080,3500,3258.6,89.38,0.1354,60.92,5,Repeatable,results/calibration/_staging/encode_parity_CLEAN_nvenc_24c_2026-09-06.json,"measured point; pass 1 of 2; clean protocol: active wait-for-idle (not a flat 10s sleep), baseline_elevated persisted, page cache evicted per row"
clean_iso_bitrate_sweep_2026-09-06,RTX 5080 NVENC,"v0.6.1 (default model, explicit override 2026-09-06)",bbb_120s,high (SI~33/TI~6),h265,gpu_tuned,gpu,sweep,1080,3500,3334.2,90.25,0.3655,45.53,2,Repeatable,results/calibration/_staging/encode_parity_CLEAN_nvenc_24c_2026-09-06.json,"measured point; pass 1 of 2; clean protocol: active wait-for-idle (not a flat 10s sleep), baseline_elevated persisted, page cache evicted per row"
clean_iso_bitrate_sweep_2026-09-06,"Ryzen 9 7900 (24c CPU, libx264/libx265/libsvtav1)","v0.6.1 (default model, explicit override 2026-09-06)",bbb_120s,high (SI~33/TI~6),h265,cpu,cpu,sweep,1080,5000,5923.6,93.84,0.699,68.57,2,Repeatable,results/calibration/_staging/encode_parity_CLEAN_nvenc_24c_2026-09-06.json,"measured point; pass 1 of 2; clean protocol: active wait-for-idle (not a flat 10s sleep), baseline_elevated persisted, page cache evicted per row"
clean_iso_bitrate_sweep_2026-09-06,RTX 5080 NVENC,"v0.6.1 (default model, explicit override 2026-09-06)",bbb_120s,high (SI~33/TI~6),h265,gpu_baseline,gpu,sweep,1080,5000,4583.5,91.58,0.142,63.88,5,Repeatable,results/calibration/_staging/encode_parity_CLEAN_nvenc_24c_2026-09-06.json,"measured point; pass 1 of 2; clean protocol: active wait-for-idle (not a flat 10s sleep), baseline_elevated persisted, page cache evicted per row"
clean_iso_bitrate_sweep_2026-09-06,RTX 5080 NVENC,"v0.6.1 (default model, explicit override 2026-09-06)",bbb_120s,high (SI~33/TI~6),h265,gpu_tuned,gpu,sweep,1080,5000,4680.8,92.19,0.3613,45.0,2,Repeatable,results/calibration/_staging/encode_parity_CLEAN_nvenc_24c_2026-09-06.json,"measured point; pass 1 of 2; clean protocol: active wait-for-idle (not a flat 10s sleep), baseline_elevated persisted, page cache evicted per row"
clean_iso_bitrate_sweep_2026-09-06,"Ryzen 9 7900 (24c CPU, libx264/libx265/libsvtav1)","v0.6.1 (default model, explicit override 2026-09-06)",bbb_120s,high (SI~33/TI~6),h265,cpu,cpu,sweep,1080,7000,8468.5,95.11,0.7504,67.2,1,Repeatable,results/calibration/_staging/encode_parity_CLEAN_nvenc_24c_2026-09-06.json,"measured point; pass 1 of 2; clean protocol: active wait-for-idle (not a flat 10s sleep), baseline_elevated persisted, page cache evicted per row"
clean_iso_bitrate_sweep_2026-09-06,RTX 5080 NVENC,"v0.6.1 (default model, explicit override 2026-09-06)",bbb_120s,high (SI~33/TI~6),h265,gpu_baseline,gpu,sweep,1080,7000,6327.1,92.94,0.1453,65.64,6,Repeatable,results/calibration/_staging/encode_parity_CLEAN_nvenc_24c_2026-09-06.json,"measured point; pass 1 of 2; clean protocol: active wait-for-idle (not a flat 10s sleep), baseline_elevated persisted, page cache evicted per row"
clean_iso_bitrate_sweep_2026-09-06,RTX 5080 NVENC,"v0.6.1 (default model, explicit override 2026-09-06)",bbb_120s,high (SI~33/TI~6),h265,gpu_tuned,gpu,sweep,1080,7000,6450.0,93.48,0.3703,45.81,2,Repeatable,results/calibration/_staging/encode_parity_CLEAN_nvenc_24c_2026-09-06.json,"measured point; pass 1 of 2; clean protocol: active wait-for-idle (not a flat 10s sleep), baseline_elevated persisted, page cache evicted per row"
clean_iso_bitrate_sweep_2026-09-06,"Ryzen 9 7900 (24c CPU, libx264/libx265/libsvtav1)","v0.6.1 (default model, explicit override 2026-09-06)",bbb_120s,high (SI~33/TI~6),h265,cpu,cpu,sweep,1080,8500,10423.6,95.69,0.7868,66.49,1,Repeatable,results/calibration/_staging/encode_parity_CLEAN_nvenc_24c_2026-09-06.json,"measured point; pass 1 of 2; clean protocol: active wait-for-idle (not a flat 10s sleep), baseline_elevated persisted, page cache evicted per row"
clean_iso_bitrate_sweep_2026-09-06,RTX 5080 NVENC,"v0.6.1 (default model, explicit override 2026-09-06)",bbb_120s,high (SI~33/TI~6),h265,gpu_baseline,gpu,sweep,1080,8500,7573.9,93.61,0.1414,63.9,6,Repeatable,results/calibration/_staging/encode_parity_CLEAN_nvenc_24c_2026-09-06.json,"measured point; pass 1 of 2; clean protocol: active wait-for-idle (not a flat 10s sleep), baseline_elevated persisted, page cache evicted per row"
clean_iso_bitrate_sweep_2026-09-06,RTX 5080 NVENC,"v0.6.1 (default model, explicit override 2026-09-06)",bbb_120s,high (SI~33/TI~6),h265,gpu_tuned,gpu,sweep,1080,8500,7777.3,94.05,0.3763,46.55,2,Repeatable,results/calibration/_staging/encode_parity_CLEAN_nvenc_24c_2026-09-06.json,"measured point; pass 1 of 2; clean protocol: active wait-for-idle (not a flat 10s sleep), baseline_elevated persisted, page cache evicted per row"
clean_iso_bitrate_sweep_2026-09-06,"Ryzen 9 7900 (24c CPU, libx264/libx265/libsvtav1)","v0.6.1 (default model, explicit override 2026-09-06)",bbb_120s,high (SI~33/TI~6),h265,cpu,cpu,sweep,1080,10000,12431.2,96.12,0.8572,68.88,1,Repeatable,results/calibration/_staging/encode_parity_CLEAN_nvenc_24c_2026-09-06.json,"measured point; pass 1 of 2; clean protocol: active wait-for-idle (not a flat 10s sleep), baseline_elevated persisted, page cache evicted per row"
clean_iso_bitrate_sweep_2026-09-06,RTX 5080 NVENC,"v0.6.1 (default model, explicit override 2026-09-06)",bbb_120s,high (SI~33/TI~6),h265,gpu_baseline,gpu,sweep,1080,10000,8803.7,94.1,0.1413,62.96,5,Repeatable,results/calibration/_staging/encode_parity_CLEAN_nvenc_24c_2026-09-06.json,"measured point; pass 1 of 2; clean protocol: active wait-for-idle (not a flat 10s sleep), baseline_elevated persisted, page cache evicted per row"
clean_iso_bitrate_sweep_2026-09-06,RTX 5080 NVENC,"v0.6.1 (default model, explicit override 2026-09-06)",bbb_120s,high (SI~33/TI~6),h265,gpu_tuned,gpu,sweep,1080,10000,9031.8,94.45,0.368,45.52,2,Repeatable,results/calibration/_staging/encode_parity_CLEAN_nvenc_24c_2026-09-06.json,"measured point; pass 1 of 2; clean protocol: active wait-for-idle (not a flat 10s sleep), baseline_elevated persisted, page cache evicted per row"
clean_iso_bitrate_sweep_2026-09-06,"Ryzen 9 7900 (24c CPU, libx264/libx265/libsvtav1)","v0.6.1 (default model, explicit override 2026-09-06)",bbb_120s,high (SI~33/TI~6),av1,cpu,cpu,sweep,1080,1000,981.3,87.81,0.3888,67.62,2,Repeatable,results/calibration/_staging/encode_parity_CLEAN_nvenc_24c_2026-09-06.json,"measured point; pass 1 of 2; clean protocol: active wait-for-idle (not a flat 10s sleep), baseline_elevated persisted, page cache evicted per row"
clean_iso_bitrate_sweep_2026-09-06,RTX 5080 NVENC,"v0.6.1 (default model, explicit override 2026-09-06)",bbb_120s,high (SI~33/TI~6),av1,gpu_baseline,gpu,sweep,1080,1000,1037.1,78.93,0.1455,71.45,6,Repeatable,results/calibration/_staging/encode_parity_CLEAN_nvenc_24c_2026-09-06.json,"measured point; pass 1 of 2; clean protocol: active wait-for-idle (not a flat 10s sleep), baseline_elevated persisted, page cache evicted per row"
clean_iso_bitrate_sweep_2026-09-06,RTX 5080 NVENC,"v0.6.1 (default model, explicit override 2026-09-06)",bbb_120s,high (SI~33/TI~6),av1,gpu_tuned,gpu,sweep,1080,1000,931.2,78.7,0.2893,59.63,3,Repeatable,results/calibration/_staging/encode_parity_CLEAN_nvenc_24c_2026-09-06.json,"measured point; pass 1 of 2; clean protocol: active wait-for-idle (not a flat 10s sleep), baseline_elevated persisted, page cache evicted per row"
clean_iso_bitrate_sweep_2026-09-06,"Ryzen 9 7900 (24c CPU, libx264/libx265/libsvtav1)","v0.6.1 (default model, explicit override 2026-09-06)",bbb_120s,high (SI~33/TI~6),av1,cpu,cpu,sweep,1080,1800,1770.2,92.26,0.402,66.38,2,Repeatable,results/calibration/_staging/encode_parity_CLEAN_nvenc_24c_2026-09-06.json,"measured point; pass 1 of 2; clean protocol: active wait-for-idle (not a flat 10s sleep), baseline_elevated persisted, page cache evicted per row"
clean_iso_bitrate_sweep_2026-09-06,RTX 5080 NVENC,"v0.6.1 (default model, explicit override 2026-09-06)",bbb_120s,high (SI~33/TI~6),av1,gpu_baseline,gpu,sweep,1080,1800,1838.4,86.84,0.151,74.48,6,Repeatable,results/calibration/_staging/encode_parity_CLEAN_nvenc_24c_2026-09-06.json,"measured point; pass 1 of 2; clean protocol: active wait-for-idle (not a flat 10s sleep), baseline_elevated persisted, page cache evicted per row"
clean_iso_bitrate_sweep_2026-09-06,RTX 5080 NVENC,"v0.6.1 (default model, explicit override 2026-09-06)",bbb_120s,high (SI~33/TI~6),av1,gpu_tuned,gpu,sweep,1080,1800,1601.7,85.9,0.2421,49.72,3,Repeatable,results/calibration/_staging/encode_parity_CLEAN_nvenc_24c_2026-09-06.json,"measured point; pass 1 of 2; clean protocol: active wait-for-idle (not a flat 10s sleep), baseline_elevated persisted, page cache evicted per row"
clean_iso_bitrate_sweep_2026-09-06,"Ryzen 9 7900 (24c CPU, libx264/libx265/libsvtav1)","v0.6.1 (default model, explicit override 2026-09-06)",bbb_120s,high (SI~33/TI~6),av1,cpu,cpu,sweep,1080,2800,2714.9,94.3,0.4611,67.2,2,Repeatable,results/calibration/_staging/encode_parity_CLEAN_nvenc_24c_2026-09-06.json,"measured point; pass 1 of 2; clean protocol: active wait-for-idle (not a flat 10s sleep), baseline_elevated persisted, page cache evicted per row"
clean_iso_bitrate_sweep_2026-09-06,RTX 5080 NVENC,"v0.6.1 (default model, explicit override 2026-09-06)",bbb_120s,high (SI~33/TI~6),av1,gpu_baseline,gpu,sweep,1080,2800,2801.8,90.77,0.137,66.95,6,Repeatable,results/calibration/_staging/encode_parity_CLEAN_nvenc_24c_2026-09-06.json,"measured point; pass 1 of 2; clean protocol: active wait-for-idle (not a flat 10s sleep), baseline_elevated persisted, page cache evicted per row"
clean_iso_bitrate_sweep_2026-09-06,RTX 5080 NVENC,"v0.6.1 (default model, explicit override 2026-09-06)",bbb_120s,high (SI~33/TI~6),av1,gpu_tuned,gpu,sweep,1080,2800,2520.0,90.06,0.2501,51.55,3,Repeatable,results/calibration/_staging/encode_parity_CLEAN_nvenc_24c_2026-09-06.json,"measured point; pass 1 of 2; clean protocol: active wait-for-idle (not a flat 10s sleep), baseline_elevated persisted, page cache evicted per row"
clean_iso_bitrate_sweep_2026-09-06,"Ryzen 9 7900 (24c CPU, libx264/libx265/libsvtav1)","v0.6.1 (default model, explicit override 2026-09-06)",bbb_120s,high (SI~33/TI~6),av1,cpu,cpu,sweep,1080,4000,3747.7,95.34,0.4067,66.55,2,Repeatable,results/calibration/_staging/encode_parity_CLEAN_nvenc_24c_2026-09-06.json,"measured point; pass 1 of 2; clean protocol: active wait-for-idle (not a flat 10s sleep), baseline_elevated persisted, page cache evicted per row"
clean_iso_bitrate_sweep_2026-09-06,RTX 5080 NVENC,"v0.6.1 (default model, explicit override 2026-09-06)",bbb_120s,high (SI~33/TI~6),av1,gpu_baseline,gpu,sweep,1080,4000,3916.3,92.89,0.1386,68.37,6,Repeatable,results/calibration/_staging/encode_parity_CLEAN_nvenc_24c_2026-09-06.json,"measured point; pass 1 of 2; clean protocol: active wait-for-idle (not a flat 10s sleep), baseline_elevated persisted, page cache evicted per row"
clean_iso_bitrate_sweep_2026-09-06,RTX 5080 NVENC,"v0.6.1 (default model, explicit override 2026-09-06)",bbb_120s,high (SI~33/TI~6),av1,gpu_tuned,gpu,sweep,1080,4000,3671.4,92.37,0.2569,52.76,3,Repeatable,results/calibration/_staging/encode_parity_CLEAN_nvenc_24c_2026-09-06.json,"measured point; pass 1 of 2; clean protocol: active wait-for-idle (not a flat 10s sleep), baseline_elevated persisted, page cache evicted per row"
clean_iso_bitrate_sweep_2026-09-06,"Ryzen 9 7900 (24c CPU, libx264/libx265/libsvtav1)","v0.6.1 (default model, explicit override 2026-09-06)",bbb_120s,high (SI~33/TI~6),av1,cpu,cpu,sweep,1080,6000,5121.5,96.02,0.4845,66.07,2,Repeatable,results/calibration/_staging/encode_parity_CLEAN_nvenc_24c_2026-09-06.json,"measured point; pass 1 of 2; clean protocol: active wait-for-idle (not a flat 10s sleep), baseline_elevated persisted, page cache evicted per row"
clean_iso_bitrate_sweep_2026-09-06,RTX 5080 NVENC,"v0.6.1 (default model, explicit override 2026-09-06)",bbb_120s,high (SI~33/TI~6),av1,gpu_baseline,gpu,sweep,1080,6000,5722.5,94.36,0.1437,70.87,6,Repeatable,results/calibration/_staging/encode_parity_CLEAN_nvenc_24c_2026-09-06.json,"measured point; pass 1 of 2; clean protocol: active wait-for-idle (not a flat 10s sleep), baseline_elevated persisted, page cache evicted per row"
clean_iso_bitrate_sweep_2026-09-06,RTX 5080 NVENC,"v0.6.1 (default model, explicit override 2026-09-06)",bbb_120s,high (SI~33/TI~6),av1,gpu_tuned,gpu,sweep,1080,6000,5490.2,93.94,0.2569,52.75,3,Repeatable,results/calibration/_staging/encode_parity_CLEAN_nvenc_24c_2026-09-06.json,"measured point; pass 1 of 2; clean protocol: active wait-for-idle (not a flat 10s sleep), baseline_elevated persisted, page cache evicted per row"
clean_iso_bitrate_sweep_2026-09-06,"Ryzen 9 7900 (24c CPU, libx264/libx265/libsvtav1)","v0.6.1 (default model, explicit override 2026-09-06)",bbb_120s,high (SI~33/TI~6),av1,cpu,cpu,sweep,1080,7500,6160.1,96.35,0.5002,67.7,2,Repeatable,results/calibration/_staging/encode_parity_CLEAN_nvenc_24c_2026-09-06.json,"measured point; pass 1 of 2; clean protocol: active wait-for-idle (not a flat 10s sleep), baseline_elevated persisted, page cache evicted per row"
clean_iso_bitrate_sweep_2026-09-06,RTX 5080 NVENC,"v0.6.1 (default model, explicit override 2026-09-06)",bbb_120s,high (SI~33/TI~6),av1,gpu_baseline,gpu,sweep,1080,7500,7057.1,94.93,0.1482,73.41,6,Repeatable,results/calibration/_staging/encode_parity_CLEAN_nvenc_24c_2026-09-06.json,"measured point; pass 1 of 2; clean protocol: active wait-for-idle (not a flat 10s sleep), baseline_elevated persisted, page cache evicted per row"
clean_iso_bitrate_sweep_2026-09-06,RTX 5080 NVENC,"v0.6.1 (default model, explicit override 2026-09-06)",bbb_120s,high (SI~33/TI~6),av1,gpu_tuned,gpu,sweep,1080,7500,6819.8,94.53,0.2494,50.82,3,Repeatable,results/calibration/_staging/encode_parity_CLEAN_nvenc_24c_2026-09-06.json,"measured point; pass 1 of 2; clean protocol: active wait-for-idle (not a flat 10s sleep), baseline_elevated persisted, page cache evicted per row"
clean_iso_bitrate_sweep_2026-09-06,"Ryzen 9 7900 (24c CPU, libx264/libx265/libsvtav1)","v0.6.1 (default model, explicit override 2026-09-06)",readysetgo_30s,"sport (SI~38.5/TI~40.4, measured 2026-08-28)",h264,cpu,cpu,sweep,1080,3000,3037.0,70.45,0.4989,69.08,2,Repeatable,results/calibration/_staging/encode_parity_CLEAN_nvenc_24c_2026-09-06.json,"measured point; pass 1 of 2; clean protocol: active wait-for-idle (not a flat 10s sleep), baseline_elevated persisted, page cache evicted per row"
clean_iso_bitrate_sweep_2026-09-06,RTX 5080 NVENC,"v0.6.1 (default model, explicit override 2026-09-06)",readysetgo_30s,"sport (SI~38.5/TI~40.4, measured 2026-08-28)",h264,gpu_baseline,gpu,sweep,1080,3000,3004.9,69.29,0.1795,53.41,4,Repeatable,results/calibration/_staging/encode_parity_CLEAN_nvenc_24c_2026-09-06.json,"measured point; pass 1 of 2; clean protocol: active wait-for-idle (not a flat 10s sleep), baseline_elevated persisted, page cache evicted per row"
clean_iso_bitrate_sweep_2026-09-06,RTX 5080 NVENC,"v0.6.1 (default model, explicit override 2026-09-06)",readysetgo_30s,"sport (SI~38.5/TI~40.4, measured 2026-08-28)",h264,gpu_tuned,gpu,sweep,1080,3000,3002.4,65.45,0.2968,57.65,3,Repeatable,results/calibration/_staging/encode_parity_CLEAN_nvenc_24c_2026-09-06.json,"measured point; pass 1 of 2; clean protocol: active wait-for-idle (not a flat 10s sleep), baseline_elevated persisted, page cache evicted per row"
clean_iso_bitrate_sweep_2026-09-06,"Ryzen 9 7900 (24c CPU, libx264/libx265/libsvtav1)","v0.6.1 (default model, explicit override 2026-09-06)",readysetgo_30s,"sport (SI~38.5/TI~40.4, measured 2026-08-28)",h264,cpu,cpu,sweep,1080,4500,4554.6,85.47,0.5173,68.21,2,Repeatable,results/calibration/_staging/encode_parity_CLEAN_nvenc_24c_2026-09-06.json,"measured point; pass 1 of 2; clean protocol: active wait-for-idle (not a flat 10s sleep), baseline_elevated persisted, page cache evicted per row"
clean_iso_bitrate_sweep_2026-09-06,RTX 5080 NVENC,"v0.6.1 (default model, explicit override 2026-09-06)",readysetgo_30s,"sport (SI~38.5/TI~40.4, measured 2026-08-28)",h264,gpu_baseline,gpu,sweep,1080,4500,4508.2,84.64,0.1732,51.76,4,Repeatable,results/calibration/_staging/encode_parity_CLEAN_nvenc_24c_2026-09-06.json,"measured point; pass 1 of 2; clean protocol: active wait-for-idle (not a flat 10s sleep), baseline_elevated persisted, page cache evicted per row"
clean_iso_bitrate_sweep_2026-09-06,RTX 5080 NVENC,"v0.6.1 (default model, explicit override 2026-09-06)",readysetgo_30s,"sport (SI~38.5/TI~40.4, measured 2026-08-28)",h264,gpu_tuned,gpu,sweep,1080,4500,4507.4,82.91,0.2549,50.23,3,Repeatable,results/calibration/_staging/encode_parity_CLEAN_nvenc_24c_2026-09-06.json,"measured point; pass 1 of 2; clean protocol: active wait-for-idle (not a flat 10s sleep), baseline_elevated persisted, page cache evicted per row"
clean_iso_bitrate_sweep_2026-09-06,"Ryzen 9 7900 (24c CPU, libx264/libx265/libsvtav1)","v0.6.1 (default model, explicit override 2026-09-06)",readysetgo_30s,"sport (SI~38.5/TI~40.4, measured 2026-08-28)",h264,cpu,cpu,sweep,1080,6000,6070.9,93.98,0.5385,68.99,2,Repeatable,results/calibration/_staging/encode_parity_CLEAN_nvenc_24c_2026-09-06.json,"measured point; pass 1 of 2; clean protocol: active wait-for-idle (not a flat 10s sleep), baseline_elevated persisted, page cache evicted per row"
clean_iso_bitrate_sweep_2026-09-06,RTX 5080 NVENC,"v0.6.1 (default model, explicit override 2026-09-06)",readysetgo_30s,"sport (SI~38.5/TI~40.4, measured 2026-08-28)",h264,gpu_baseline,gpu,sweep,1080,6000,6016.5,92.97,0.1759,52.35,4,Repeatable,results/calibration/_staging/encode_parity_CLEAN_nvenc_24c_2026-09-06.json,"measured point; pass 1 of 2; clean protocol: active wait-for-idle (not a flat 10s sleep), baseline_elevated persisted, page cache evicted per row"
clean_iso_bitrate_sweep_2026-09-06,RTX 5080 NVENC,"v0.6.1 (default model, explicit override 2026-09-06)",readysetgo_30s,"sport (SI~38.5/TI~40.4, measured 2026-08-28)",h264,gpu_tuned,gpu,sweep,1080,6000,6016.4,92.1,0.2661,52.24,3,Repeatable,results/calibration/_staging/encode_parity_CLEAN_nvenc_24c_2026-09-06.json,"measured point; pass 1 of 2; clean protocol: active wait-for-idle (not a flat 10s sleep), baseline_elevated persisted, page cache evicted per row"
clean_iso_bitrate_sweep_2026-09-06,"Ryzen 9 7900 (24c CPU, libx264/libx265/libsvtav1)","v0.6.1 (default model, explicit override 2026-09-06)",readysetgo_30s,"sport (SI~38.5/TI~40.4, measured 2026-08-28)",h264,cpu,cpu,sweep,1080,8000,8094.0,98.29,0.5658,69.76,2,Repeatable,results/calibration/_staging/encode_parity_CLEAN_nvenc_24c_2026-09-06.json,"measured point; pass 1 of 2; clean protocol: active wait-for-idle (not a flat 10s sleep), baseline_elevated persisted, page cache evicted per row"
clean_iso_bitrate_sweep_2026-09-06,RTX 5080 NVENC,"v0.6.1 (default model, explicit override 2026-09-06)",readysetgo_30s,"sport (SI~38.5/TI~40.4, measured 2026-08-28)",h264,gpu_baseline,gpu,sweep,1080,8000,8031.9,97.83,0.1799,53.76,4,Repeatable,results/calibration/_staging/encode_parity_CLEAN_nvenc_24c_2026-09-06.json,"measured point; pass 1 of 2; clean protocol: active wait-for-idle (not a flat 10s sleep), baseline_elevated persisted, page cache evicted per row"
clean_iso_bitrate_sweep_2026-09-06,RTX 5080 NVENC,"v0.6.1 (default model, explicit override 2026-09-06)",readysetgo_30s,"sport (SI~38.5/TI~40.4, measured 2026-08-28)",h264,gpu_tuned,gpu,sweep,1080,8000,8035.6,97.62,0.2522,49.89,3,Repeatable,results/calibration/_staging/encode_parity_CLEAN_nvenc_24c_2026-09-06.json,"measured point; pass 1 of 2; clean protocol: active wait-for-idle (not a flat 10s sleep), baseline_elevated persisted, page cache evicted per row"
clean_iso_bitrate_sweep_2026-09-06,"Ryzen 9 7900 (24c CPU, libx264/libx265/libsvtav1)","v0.6.1 (default model, explicit override 2026-09-06)",readysetgo_30s,"sport (SI~38.5/TI~40.4, measured 2026-08-28)",h264,cpu,cpu,sweep,1080,11000,11127.0,99.71,0.5853,68.86,2,Repeatable,results/calibration/_staging/encode_parity_CLEAN_nvenc_24c_2026-09-06.json,"measured point; pass 1 of 2; clean protocol: active wait-for-idle (not a flat 10s sleep), baseline_elevated persisted, page cache evicted per row"
clean_iso_bitrate_sweep_2026-09-06,RTX 5080 NVENC,"v0.6.1 (default model, explicit override 2026-09-06)",readysetgo_30s,"sport (SI~38.5/TI~40.4, measured 2026-08-28)",h264,gpu_baseline,gpu,sweep,1080,11000,11051.3,99.53,0.1774,52.76,4,Repeatable,results/calibration/_staging/encode_parity_CLEAN_nvenc_24c_2026-09-06.json,"measured point; pass 1 of 2; clean protocol: active wait-for-idle (not a flat 10s sleep), baseline_elevated persisted, page cache evicted per row"
clean_iso_bitrate_sweep_2026-09-06,RTX 5080 NVENC,"v0.6.1 (default model, explicit override 2026-09-06)",readysetgo_30s,"sport (SI~38.5/TI~40.4, measured 2026-08-28)",h264,gpu_tuned,gpu,sweep,1080,11000,11051.4,99.53,0.2567,50.96,3,Repeatable,results/calibration/_staging/encode_parity_CLEAN_nvenc_24c_2026-09-06.json,"measured point; pass 1 of 2; clean protocol: active wait-for-idle (not a flat 10s sleep), baseline_elevated persisted, page cache evicted per row"
clean_iso_bitrate_sweep_2026-09-06,"Ryzen 9 7900 (24c CPU, libx264/libx265/libsvtav1)","v0.6.1 (default model, explicit override 2026-09-06)",readysetgo_30s,"sport (SI~38.5/TI~40.4, measured 2026-08-28)",h264,cpu,cpu,sweep,1080,13000,13145.0,99.89,0.6134,70.33,2,Repeatable,results/calibration/_staging/encode_parity_CLEAN_nvenc_24c_2026-09-06.json,"measured point; pass 1 of 2; clean protocol: active wait-for-idle (not a flat 10s sleep), baseline_elevated persisted, page cache evicted per row"
clean_iso_bitrate_sweep_2026-09-06,RTX 5080 NVENC,"v0.6.1 (default model, explicit override 2026-09-06)",readysetgo_30s,"sport (SI~38.5/TI~40.4, measured 2026-08-28)",h264,gpu_baseline,gpu,sweep,1080,13000,13064.1,99.77,0.1817,54.04,4,Repeatable,results/calibration/_staging/encode_parity_CLEAN_nvenc_24c_2026-09-06.json,"measured point; pass 1 of 2; clean protocol: active wait-for-idle (not a flat 10s sleep), baseline_elevated persisted, page cache evicted per row"
clean_iso_bitrate_sweep_2026-09-06,RTX 5080 NVENC,"v0.6.1 (default model, explicit override 2026-09-06)",readysetgo_30s,"sport (SI~38.5/TI~40.4, measured 2026-08-28)",h264,gpu_tuned,gpu,sweep,1080,13000,13065.5,99.81,0.2658,52.77,3,Repeatable,results/calibration/_staging/encode_parity_CLEAN_nvenc_24c_2026-09-06.json,"measured point; pass 1 of 2; clean protocol: active wait-for-idle (not a flat 10s sleep), baseline_elevated persisted, page cache evicted per row"
clean_iso_bitrate_sweep_2026-09-06,"Ryzen 9 7900 (24c CPU, libx264/libx265/libsvtav1)","v0.6.1 (default model, explicit override 2026-09-06)",readysetgo_30s,"sport (SI~38.5/TI~40.4, measured 2026-08-28)",h264,cpu,cpu,sweep,1080,15000,15162.8,99.93,0.6375,71.05,2,Repeatable,results/calibration/_staging/encode_parity_CLEAN_nvenc_24c_2026-09-06.json,"measured point; pass 1 of 2; clean protocol: active wait-for-idle (not a flat 10s sleep), baseline_elevated persisted, page cache evicted per row"
clean_iso_bitrate_sweep_2026-09-06,RTX 5080 NVENC,"v0.6.1 (default model, explicit override 2026-09-06)",readysetgo_30s,"sport (SI~38.5/TI~40.4, measured 2026-08-28)",h264,gpu_baseline,gpu,sweep,1080,15000,15071.1,99.87,0.1828,54.61,4,Repeatable,results/calibration/_staging/encode_parity_CLEAN_nvenc_24c_2026-09-06.json,"measured point; pass 1 of 2; clean protocol: active wait-for-idle (not a flat 10s sleep), baseline_elevated persisted, page cache evicted per row"
clean_iso_bitrate_sweep_2026-09-06,RTX 5080 NVENC,"v0.6.1 (default model, explicit override 2026-09-06)",readysetgo_30s,"sport (SI~38.5/TI~40.4, measured 2026-08-28)",h264,gpu_tuned,gpu,sweep,1080,15000,15074.3,99.9,0.2548,50.58,3,Repeatable,results/calibration/_staging/encode_parity_CLEAN_nvenc_24c_2026-09-06.json,"measured point; pass 1 of 2; clean protocol: active wait-for-idle (not a flat 10s sleep), baseline_elevated persisted, page cache evicted per row"
clean_iso_bitrate_sweep_2026-09-06,"Ryzen 9 7900 (24c CPU, libx264/libx265/libsvtav1)","v0.6.1 (default model, explicit override 2026-09-06)",readysetgo_30s,"sport (SI~38.5/TI~40.4, measured 2026-08-28)",h265,cpu,cpu,sweep,1080,1500,1518.1,64.55,0.837,68.8,1,Repeatable,results/calibration/_staging/encode_parity_CLEAN_nvenc_24c_2026-09-06.json,"measured point; pass 1 of 2; clean protocol: active wait-for-idle (not a flat 10s sleep), baseline_elevated persisted, page cache evicted per row"
clean_iso_bitrate_sweep_2026-09-06,RTX 5080 NVENC,"v0.6.1 (default model, explicit override 2026-09-06)",readysetgo_30s,"sport (SI~38.5/TI~40.4, measured 2026-08-28)",h265,gpu_baseline,gpu,sweep,1080,1500,1508.7,60.57,0.1764,52.91,4,Repeatable,results/calibration/_staging/encode_parity_CLEAN_nvenc_24c_2026-09-06.json,"measured point; pass 1 of 2; clean protocol: active wait-for-idle (not a flat 10s sleep), baseline_elevated persisted, page cache evicted per row"
clean_iso_bitrate_sweep_2026-09-06,RTX 5080 NVENC,"v0.6.1 (default model, explicit override 2026-09-06)",readysetgo_30s,"sport (SI~38.5/TI~40.4, measured 2026-08-28)",h265,gpu_tuned,gpu,sweep,1080,1500,1506.8,60.23,0.3747,46.52,2,Repeatable,results/calibration/_staging/encode_parity_CLEAN_nvenc_24c_2026-09-06.json,"measured point; pass 1 of 2; clean protocol: active wait-for-idle (not a flat 10s sleep), baseline_elevated persisted, page cache evicted per row"
clean_iso_bitrate_sweep_2026-09-06,"Ryzen 9 7900 (24c CPU, libx264/libx265/libsvtav1)","v0.6.1 (default model, explicit override 2026-09-06)",readysetgo_30s,"sport (SI~38.5/TI~40.4, measured 2026-08-28)",h265,cpu,cpu,sweep,1080,2500,2534.6,79.57,0.9202,68.73,1,Repeatable,results/calibration/_staging/encode_parity_CLEAN_nvenc_24c_2026-09-06.json,"measured point; pass 1 of 2; clean protocol: active wait-for-idle (not a flat 10s sleep), baseline_elevated persisted, page cache evicted per row"
clean_iso_bitrate_sweep_2026-09-06,RTX 5080 NVENC,"v0.6.1 (default model, explicit override 2026-09-06)",readysetgo_30s,"sport (SI~38.5/TI~40.4, measured 2026-08-28)",h265,gpu_baseline,gpu,sweep,1080,2500,2518.2,76.21,0.1751,52.3,4,Repeatable,results/calibration/_staging/encode_parity_CLEAN_nvenc_24c_2026-09-06.json,"measured point; pass 1 of 2; clean protocol: active wait-for-idle (not a flat 10s sleep), baseline_elevated persisted, page cache evicted per row"
clean_iso_bitrate_sweep_2026-09-06,RTX 5080 NVENC,"v0.6.1 (default model, explicit override 2026-09-06)",readysetgo_30s,"sport (SI~38.5/TI~40.4, measured 2026-08-28)",h265,gpu_tuned,gpu,sweep,1080,2500,2516.9,76.33,0.3826,47.5,2,Repeatable,results/calibration/_staging/encode_parity_CLEAN_nvenc_24c_2026-09-06.json,"measured point; pass 1 of 2; clean protocol: active wait-for-idle (not a flat 10s sleep), baseline_elevated persisted, page cache evicted per row"
clean_iso_bitrate_sweep_2026-09-06,"Ryzen 9 7900 (24c CPU, libx264/libx265/libsvtav1)","v0.6.1 (default model, explicit override 2026-09-06)",readysetgo_30s,"sport (SI~38.5/TI~40.4, measured 2026-08-28)",h265,cpu,cpu,sweep,1080,3500,3551.0,88.82,1.0018,69.35,1,Repeatable,results/calibration/_staging/encode_parity_CLEAN_nvenc_24c_2026-09-06.json,"measured point; pass 1 of 2; clean protocol: active wait-for-idle (not a flat 10s sleep), baseline_elevated persisted, page cache evicted per row"
clean_iso_bitrate_sweep_2026-09-06,RTX 5080 NVENC,"v0.6.1 (default model, explicit override 2026-09-06)",readysetgo_30s,"sport (SI~38.5/TI~40.4, measured 2026-08-28)",h265,gpu_baseline,gpu,sweep,1080,3500,3530.3,86.25,0.1796,53.66,4,Repeatable,results/calibration/_staging/encode_parity_CLEAN_nvenc_24c_2026-09-06.json,"measured point; pass 1 of 2; clean protocol: active wait-for-idle (not a flat 10s sleep), baseline_elevated persisted, page cache evicted per row"
clean_iso_bitrate_sweep_2026-09-06,RTX 5080 NVENC,"v0.6.1 (default model, explicit override 2026-09-06)",readysetgo_30s,"sport (SI~38.5/TI~40.4, measured 2026-08-28)",h265,gpu_tuned,gpu,sweep,1080,3500,3527.9,86.71,0.3787,47.17,2,Repeatable,results/calibration/_staging/encode_parity_CLEAN_nvenc_24c_2026-09-06.json,"measured point; pass 1 of 2; clean protocol: active wait-for-idle (not a flat 10s sleep), baseline_elevated persisted, page cache evicted per row"
clean_iso_bitrate_sweep_2026-09-06,"Ryzen 9 7900 (24c CPU, libx264/libx265/libsvtav1)","v0.6.1 (default model, explicit override 2026-09-06)",readysetgo_30s,"sport (SI~38.5/TI~40.4, measured 2026-08-28)",h265,cpu,cpu,sweep,1080,5000,5077.2,96.1,1.1026,69.88,1,Repeatable,results/calibration/_staging/encode_parity_CLEAN_nvenc_24c_2026-09-06.json,"measured point; pass 1 of 2; clean protocol: active wait-for-idle (not a flat 10s sleep), baseline_elevated persisted, page cache evicted per row"
clean_iso_bitrate_sweep_2026-09-06,RTX 5080 NVENC,"v0.6.1 (default model, explicit override 2026-09-06)",readysetgo_30s,"sport (SI~38.5/TI~40.4, measured 2026-08-28)",h265,gpu_baseline,gpu,sweep,1080,5000,5055.8,94.94,0.1816,54.25,4,Repeatable,results/calibration/_staging/encode_parity_CLEAN_nvenc_24c_2026-09-06.json,"measured point; pass 1 of 2; clean protocol: active wait-for-idle (not a flat 10s sleep), baseline_elevated persisted, page cache evicted per row"
clean_iso_bitrate_sweep_2026-09-06,RTX 5080 NVENC,"v0.6.1 (default model, explicit override 2026-09-06)",readysetgo_30s,"sport (SI~38.5/TI~40.4, measured 2026-08-28)",h265,gpu_tuned,gpu,sweep,1080,5000,5048.4,95.23,0.3872,48.23,2,Repeatable,results/calibration/_staging/encode_parity_CLEAN_nvenc_24c_2026-09-06.json,"measured point; pass 1 of 2; clean protocol: active wait-for-idle (not a flat 10s sleep), baseline_elevated persisted, page cache evicted per row"
clean_iso_bitrate_sweep_2026-09-06,"Ryzen 9 7900 (24c CPU, libx264/libx265/libsvtav1)","v0.6.1 (default model, explicit override 2026-09-06)",readysetgo_30s,"sport (SI~38.5/TI~40.4, measured 2026-08-28)",h265,cpu,cpu,sweep,1080,7000,7108.5,98.87,1.187,69.14,1,Repeatable,results/calibration/_staging/encode_parity_CLEAN_nvenc_24c_2026-09-06.json,"measured point; pass 1 of 2; clean protocol: active wait-for-idle (not a flat 10s sleep), baseline_elevated persisted, page cache evicted per row"
clean_iso_bitrate_sweep_2026-09-06,RTX 5080 NVENC,"v0.6.1 (default model, explicit override 2026-09-06)",readysetgo_30s,"sport (SI~38.5/TI~40.4, measured 2026-08-28)",h265,gpu_baseline,gpu,sweep,1080,7000,7083.1,98.88,0.1847,54.94,4,Repeatable,results/calibration/_staging/encode_parity_CLEAN_nvenc_24c_2026-09-06.json,"measured point; pass 1 of 2; clean protocol: active wait-for-idle (not a flat 10s sleep), baseline_elevated persisted, page cache evicted per row"
clean_iso_bitrate_sweep_2026-09-06,RTX 5080 NVENC,"v0.6.1 (default model, explicit override 2026-09-06)",readysetgo_30s,"sport (SI~38.5/TI~40.4, measured 2026-08-28)",h265,gpu_tuned,gpu,sweep,1080,7000,7071.2,99.07,0.393,48.79,2,Repeatable,results/calibration/_staging/encode_parity_CLEAN_nvenc_24c_2026-09-06.json,"measured point; pass 1 of 2; clean protocol: active wait-for-idle (not a flat 10s sleep), baseline_elevated persisted, page cache evicted per row"
clean_iso_bitrate_sweep_2026-09-06,"Ryzen 9 7900 (24c CPU, libx264/libx265/libsvtav1)","v0.6.1 (default model, explicit override 2026-09-06)",readysetgo_30s,"sport (SI~38.5/TI~40.4, measured 2026-08-28)",h265,cpu,cpu,sweep,1080,8500,8634.0,99.51,1.2802,70.47,1,Repeatable,results/calibration/_staging/encode_parity_CLEAN_nvenc_24c_2026-09-06.json,"measured point; pass 1 of 2; clean protocol: active wait-for-idle (not a flat 10s sleep), baseline_elevated persisted, page cache evicted per row"
clean_iso_bitrate_sweep_2026-09-06,RTX 5080 NVENC,"v0.6.1 (default model, explicit override 2026-09-06)",readysetgo_30s,"sport (SI~38.5/TI~40.4, measured 2026-08-28)",h265,gpu_baseline,gpu,sweep,1080,8500,8605.9,99.54,0.2026,60.3,4,Repeatable,results/calibration/_staging/encode_parity_CLEAN_nvenc_24c_2026-09-06.json,"measured point; pass 1 of 2; clean protocol: active wait-for-idle (not a flat 10s sleep), baseline_elevated persisted, page cache evicted per row"
clean_iso_bitrate_sweep_2026-09-06,RTX 5080 NVENC,"v0.6.1 (default model, explicit override 2026-09-06)",readysetgo_30s,"sport (SI~38.5/TI~40.4, measured 2026-08-28)",h265,gpu_tuned,gpu,sweep,1080,8500,8591.8,99.69,0.3689,45.8,2,Repeatable,results/calibration/_staging/encode_parity_CLEAN_nvenc_24c_2026-09-06.json,"measured point; pass 1 of 2; clean protocol: active wait-for-idle (not a flat 10s sleep), baseline_elevated persisted, page cache evicted per row"
clean_iso_bitrate_sweep_2026-09-06,"Ryzen 9 7900 (24c CPU, libx264/libx265/libsvtav1)","v0.6.1 (default model, explicit override 2026-09-06)",readysetgo_30s,"sport (SI~38.5/TI~40.4, measured 2026-08-28)",h265,cpu,cpu,sweep,1080,10000,10151.9,99.76,1.3406,70.77,1,Repeatable,results/calibration/_staging/encode_parity_CLEAN_nvenc_24c_2026-09-06.json,"measured point; pass 1 of 2; clean protocol: active wait-for-idle (not a flat 10s sleep), baseline_elevated persisted, page cache evicted per row"
clean_iso_bitrate_sweep_2026-09-06,RTX 5080 NVENC,"v0.6.1 (default model, explicit override 2026-09-06)",readysetgo_30s,"sport (SI~38.5/TI~40.4, measured 2026-08-28)",h265,gpu_baseline,gpu,sweep,1080,10000,10135.6,99.78,0.1815,54.21,4,Repeatable,results/calibration/_staging/encode_parity_CLEAN_nvenc_24c_2026-09-06.json,"measured point; pass 1 of 2; clean protocol: active wait-for-idle (not a flat 10s sleep), baseline_elevated persisted, page cache evicted per row"
clean_iso_bitrate_sweep_2026-09-06,RTX 5080 NVENC,"v0.6.1 (default model, explicit override 2026-09-06)",readysetgo_30s,"sport (SI~38.5/TI~40.4, measured 2026-08-28)",h265,gpu_tuned,gpu,sweep,1080,10000,10113.1,99.88,0.3824,47.47,2,Repeatable,results/calibration/_staging/encode_parity_CLEAN_nvenc_24c_2026-09-06.json,"measured point; pass 1 of 2; clean protocol: active wait-for-idle (not a flat 10s sleep), baseline_elevated persisted, page cache evicted per row"
clean_iso_bitrate_sweep_2026-09-06,"Ryzen 9 7900 (24c CPU, libx264/libx265/libsvtav1)","v0.6.1 (default model, explicit override 2026-09-06)",readysetgo_30s,"sport (SI~38.5/TI~40.4, measured 2026-08-28)",av1,cpu,cpu,sweep,1080,1000,1184.1,62.45,0.4588,65.81,2,Repeatable,results/calibration/_staging/encode_parity_CLEAN_nvenc_24c_2026-09-06.json,"measured point; pass 1 of 2; clean protocol: active wait-for-idle (not a flat 10s sleep), baseline_elevated persisted, page cache evicted per row"
clean_iso_bitrate_sweep_2026-09-06,RTX 5080 NVENC,"v0.6.1 (default model, explicit override 2026-09-06)",readysetgo_30s,"sport (SI~38.5/TI~40.4, measured 2026-08-28)",av1,gpu_baseline,gpu,sweep,1080,1000,1181.2,50.42,0.1779,53.15,4,Repeatable,results/calibration/_staging/encode_parity_CLEAN_nvenc_24c_2026-09-06.json,"measured point; pass 1 of 2; clean protocol: active wait-for-idle (not a flat 10s sleep), baseline_elevated persisted, page cache evicted per row"
clean_iso_bitrate_sweep_2026-09-06,RTX 5080 NVENC,"v0.6.1 (default model, explicit override 2026-09-06)",readysetgo_30s,"sport (SI~38.5/TI~40.4, measured 2026-08-28)",av1,gpu_tuned,gpu,sweep,1080,1000,1270.0,51.92,0.2724,52.91,3,Repeatable,results/calibration/_staging/encode_parity_CLEAN_nvenc_24c_2026-09-06.json,"measured point; pass 1 of 2; clean protocol: active wait-for-idle (not a flat 10s sleep), baseline_elevated persisted, page cache evicted per row"
clean_iso_bitrate_sweep_2026-09-06,"Ryzen 9 7900 (24c CPU, libx264/libx265/libsvtav1)","v0.6.1 (default model, explicit override 2026-09-06)",readysetgo_30s,"sport (SI~38.5/TI~40.4, measured 2026-08-28)",av1,cpu,cpu,sweep,1080,1800,1454.7,67.22,0.491,68.25,2,Repeatable,results/calibration/_staging/encode_parity_CLEAN_nvenc_24c_2026-09-06.json,"measured point; pass 1 of 2; clean protocol: active wait-for-idle (not a flat 10s sleep), baseline_elevated persisted, page cache evicted per row"
clean_iso_bitrate_sweep_2026-09-06,RTX 5080 NVENC,"v0.6.1 (default model, explicit override 2026-09-06)",readysetgo_30s,"sport (SI~38.5/TI~40.4, measured 2026-08-28)",av1,gpu_baseline,gpu,sweep,1080,1800,1823.5,69.81,0.1858,55.51,4,Repeatable,results/calibration/_staging/encode_parity_CLEAN_nvenc_24c_2026-09-06.json,"measured point; pass 1 of 2; clean protocol: active wait-for-idle (not a flat 10s sleep), baseline_elevated persisted, page cache evicted per row"
clean_iso_bitrate_sweep_2026-09-06,RTX 5080 NVENC,"v0.6.1 (default model, explicit override 2026-09-06)",readysetgo_30s,"sport (SI~38.5/TI~40.4, measured 2026-08-28)",av1,gpu_tuned,gpu,sweep,1080,1800,1821.3,65.58,0.273,52.84,3,Repeatable,results/calibration/_staging/encode_parity_CLEAN_nvenc_24c_2026-09-06.json,"measured point; pass 1 of 2; clean protocol: active wait-for-idle (not a flat 10s sleep), baseline_elevated persisted, page cache evicted per row"
clean_iso_bitrate_sweep_2026-09-06,"Ryzen 9 7900 (24c CPU, libx264/libx265/libsvtav1)","v0.6.1 (default model, explicit override 2026-09-06)",readysetgo_30s,"sport (SI~38.5/TI~40.4, measured 2026-08-28)",av1,cpu,cpu,sweep,1080,2800,2738.2,84.26,0.5209,68.44,2,Repeatable,results/calibration/_staging/encode_parity_CLEAN_nvenc_24c_2026-09-06.json,"measured point; pass 1 of 2; clean protocol: active wait-for-idle (not a flat 10s sleep), baseline_elevated persisted, page cache evicted per row"
clean_iso_bitrate_sweep_2026-09-06,RTX 5080 NVENC,"v0.6.1 (default model, explicit override 2026-09-06)",readysetgo_30s,"sport (SI~38.5/TI~40.4, measured 2026-08-28)",av1,gpu_baseline,gpu,sweep,1080,2800,2831.9,83.01,0.1813,54.17,4,Repeatable,results/calibration/_staging/encode_parity_CLEAN_nvenc_24c_2026-09-06.json,"measured point; pass 1 of 2; clean protocol: active wait-for-idle (not a flat 10s sleep), baseline_elevated persisted, page cache evicted per row"
clean_iso_bitrate_sweep_2026-09-06,RTX 5080 NVENC,"v0.6.1 (default model, explicit override 2026-09-06)",readysetgo_30s,"sport (SI~38.5/TI~40.4, measured 2026-08-28)",av1,gpu_tuned,gpu,sweep,1080,2800,2828.1,79.24,0.2891,55.76,3,Repeatable,results/calibration/_staging/encode_parity_CLEAN_nvenc_24c_2026-09-06.json,"measured point; pass 1 of 2; clean protocol: active wait-for-idle (not a flat 10s sleep), baseline_elevated persisted, page cache evicted per row"
clean_iso_bitrate_sweep_2026-09-06,"Ryzen 9 7900 (24c CPU, libx264/libx265/libsvtav1)","v0.6.1 (default model, explicit override 2026-09-06)",readysetgo_30s,"sport (SI~38.5/TI~40.4, measured 2026-08-28)",av1,cpu,cpu,sweep,1080,4000,3970.7,92.69,0.5386,66.17,2,Repeatable,results/calibration/_staging/encode_parity_CLEAN_nvenc_24c_2026-09-06.json,"measured point; pass 1 of 2; clean protocol: active wait-for-idle (not a flat 10s sleep), baseline_elevated persisted, page cache evicted per row"
clean_iso_bitrate_sweep_2026-09-06,RTX 5080 NVENC,"v0.6.1 (default model, explicit override 2026-09-06)",readysetgo_30s,"sport (SI~38.5/TI~40.4, measured 2026-08-28)",av1,gpu_baseline,gpu,sweep,1080,4000,4049.6,92.13,0.1845,54.9,4,Repeatable,results/calibration/_staging/encode_parity_CLEAN_nvenc_24c_2026-09-06.json,"measured point; pass 1 of 2; clean protocol: active wait-for-idle (not a flat 10s sleep), baseline_elevated persisted, page cache evicted per row"
clean_iso_bitrate_sweep_2026-09-06,RTX 5080 NVENC,"v0.6.1 (default model, explicit override 2026-09-06)",readysetgo_30s,"sport (SI~38.5/TI~40.4, measured 2026-08-28)",av1,gpu_tuned,gpu,sweep,1080,4000,4045.6,89.54,0.2834,54.66,3,Repeatable,results/calibration/_staging/encode_parity_CLEAN_nvenc_24c_2026-09-06.json,"measured point; pass 1 of 2; clean protocol: active wait-for-idle (not a flat 10s sleep), baseline_elevated persisted, page cache evicted per row"
clean_iso_bitrate_sweep_2026-09-06,"Ryzen 9 7900 (24c CPU, libx264/libx265/libsvtav1)","v0.6.1 (default model, explicit override 2026-09-06)",readysetgo_30s,"sport (SI~38.5/TI~40.4, measured 2026-08-28)",av1,cpu,cpu,sweep,1080,6000,5926.7,97.22,0.5575,68.97,2,Repeatable,results/calibration/_staging/encode_parity_CLEAN_nvenc_24c_2026-09-06.json,"measured point; pass 1 of 2; clean protocol: active wait-for-idle (not a flat 10s sleep), baseline_elevated persisted, page cache evicted per row"
clean_iso_bitrate_sweep_2026-09-06,RTX 5080 NVENC,"v0.6.1 (default model, explicit override 2026-09-06)",readysetgo_30s,"sport (SI~38.5/TI~40.4, measured 2026-08-28)",av1,gpu_baseline,gpu,sweep,1080,6000,6071.2,98.31,0.1766,52.76,4,Repeatable,results/calibration/_staging/encode_parity_CLEAN_nvenc_24c_2026-09-06.json,"measured point; pass 1 of 2; clean protocol: active wait-for-idle (not a flat 10s sleep), baseline_elevated persisted, page cache evicted per row"
clean_iso_bitrate_sweep_2026-09-06,RTX 5080 NVENC,"v0.6.1 (default model, explicit override 2026-09-06)",readysetgo_30s,"sport (SI~38.5/TI~40.4, measured 2026-08-28)",av1,gpu_tuned,gpu,sweep,1080,6000,6065.7,97.64,0.2819,54.76,3,Repeatable,results/calibration/_staging/encode_parity_CLEAN_nvenc_24c_2026-09-06.json,"measured point; pass 1 of 2; clean protocol: active wait-for-idle (not a flat 10s sleep), baseline_elevated persisted, page cache evicted per row"
clean_iso_bitrate_sweep_2026-09-06,"Ryzen 9 7900 (24c CPU, libx264/libx265/libsvtav1)","v0.6.1 (default model, explicit override 2026-09-06)",readysetgo_30s,"sport (SI~38.5/TI~40.4, measured 2026-08-28)",av1,cpu,cpu,sweep,1080,7500,7273.2,98.56,0.583,69.96,2,Repeatable,results/calibration/_staging/encode_parity_CLEAN_nvenc_24c_2026-09-06.json,"measured point; pass 1 of 2; clean protocol: active wait-for-idle (not a flat 10s sleep), baseline_elevated persisted, page cache evicted per row"
clean_iso_bitrate_sweep_2026-09-06,RTX 5080 NVENC,"v0.6.1 (default model, explicit override 2026-09-06)",readysetgo_30s,"sport (SI~38.5/TI~40.4, measured 2026-08-28)",av1,gpu_baseline,gpu,sweep,1080,7500,7592.0,99.43,0.1847,54.97,4,Repeatable,results/calibration/_staging/encode_parity_CLEAN_nvenc_24c_2026-09-06.json,"measured point; pass 1 of 2; clean protocol: active wait-for-idle (not a flat 10s sleep), baseline_elevated persisted, page cache evicted per row"
clean_iso_bitrate_sweep_2026-09-06,RTX 5080 NVENC,"v0.6.1 (default model, explicit override 2026-09-06)",readysetgo_30s,"sport (SI~38.5/TI~40.4, measured 2026-08-28)",av1,gpu_tuned,gpu,sweep,1080,7500,7581.1,99.34,0.2741,52.86,3,Repeatable,results/calibration/_staging/encode_parity_CLEAN_nvenc_24c_2026-09-06.json,"measured point; pass 1 of 2; clean protocol: active wait-for-idle (not a flat 10s sleep), baseline_elevated persisted, page cache evicted per row"
clean_iso_bitrate_sweep_2026-09-06,"Ryzen 9 7900 (24c CPU, libx264/libx265/libsvtav1)","v0.6.1 (default model, explicit override 2026-09-06)",football_30s,"sport-broadcast (SI~48.3/TI~10.3, measured 2026-09-04)",h264,cpu,cpu,sweep,1080,3000,3034.1,76.08,0.3544,70.62,3,Repeatable,results/calibration/_staging/encode_parity_CLEAN_nvenc_24c_2026-09-06.json,"measured point; pass 1 of 2; clean protocol: active wait-for-idle (not a flat 10s sleep), baseline_elevated persisted, page cache evicted per row"
clean_iso_bitrate_sweep_2026-09-06,RTX 5080 NVENC,"v0.6.1 (default model, explicit override 2026-09-06)",football_30s,"sport-broadcast (SI~48.3/TI~10.3, measured 2026-09-04)",h264,gpu_baseline,gpu,sweep,1080,3000,2996.0,74.09,0.1231,59.37,6,Repeatable,results/calibration/_staging/encode_parity_CLEAN_nvenc_24c_2026-09-06.json,"measured point; pass 1 of 2; clean protocol: active wait-for-idle (not a flat 10s sleep), baseline_elevated persisted, page cache evicted per row"
clean_iso_bitrate_sweep_2026-09-06,RTX 5080 NVENC,"v0.6.1 (default model, explicit override 2026-09-06)",football_30s,"sport-broadcast (SI~48.3/TI~10.3, measured 2026-09-04)",h264,gpu_tuned,gpu,sweep,1080,3000,3008.2,71.35,0.2255,50.53,3,Repeatable,results/calibration/_staging/encode_parity_CLEAN_nvenc_24c_2026-09-06.json,"measured point; pass 1 of 2; clean protocol: active wait-for-idle (not a flat 10s sleep), baseline_elevated persisted, page cache evicted per row"
clean_iso_bitrate_sweep_2026-09-06,"Ryzen 9 7900 (24c CPU, libx264/libx265/libsvtav1)","v0.6.1 (default model, explicit override 2026-09-06)",football_30s,"sport-broadcast (SI~48.3/TI~10.3, measured 2026-09-04)",h264,cpu,cpu,sweep,1080,4500,4536.1,83.6,0.3757,70.44,3,Repeatable,results/calibration/_staging/encode_parity_CLEAN_nvenc_24c_2026-09-06.json,"measured point; pass 1 of 2; clean protocol: active wait-for-idle (not a flat 10s sleep), baseline_elevated persisted, page cache evicted per row"
clean_iso_bitrate_sweep_2026-09-06,RTX 5080 NVENC,"v0.6.1 (default model, explicit override 2026-09-06)",football_30s,"sport-broadcast (SI~48.3/TI~10.3, measured 2026-09-04)",h264,gpu_baseline,gpu,sweep,1080,4500,4498.7,82.37,0.1259,60.42,6,Repeatable,results/calibration/_staging/encode_parity_CLEAN_nvenc_24c_2026-09-06.json,"measured point; pass 1 of 2; clean protocol: active wait-for-idle (not a flat 10s sleep), baseline_elevated persisted, page cache evicted per row"
clean_iso_bitrate_sweep_2026-09-06,RTX 5080 NVENC,"v0.6.1 (default model, explicit override 2026-09-06)",football_30s,"sport-broadcast (SI~48.3/TI~10.3, measured 2026-09-04)",h264,gpu_tuned,gpu,sweep,1080,4500,4512.3,80.52,0.2299,51.52,3,Repeatable,results/calibration/_staging/encode_parity_CLEAN_nvenc_24c_2026-09-06.json,"measured point; pass 1 of 2; clean protocol: active wait-for-idle (not a flat 10s sleep), baseline_elevated persisted, page cache evicted per row"
clean_iso_bitrate_sweep_2026-09-06,"Ryzen 9 7900 (24c CPU, libx264/libx265/libsvtav1)","v0.6.1 (default model, explicit override 2026-09-06)",football_30s,"sport-broadcast (SI~48.3/TI~10.3, measured 2026-09-04)",h264,cpu,cpu,sweep,1080,6000,6029.9,87.35,0.3814,68.31,2,Repeatable,results/calibration/_staging/encode_parity_CLEAN_nvenc_24c_2026-09-06.json,"measured point; pass 1 of 2; clean protocol: active wait-for-idle (not a flat 10s sleep), baseline_elevated persisted, page cache evicted per row"
clean_iso_bitrate_sweep_2026-09-06,RTX 5080 NVENC,"v0.6.1 (default model, explicit override 2026-09-06)",football_30s,"sport-broadcast (SI~48.3/TI~10.3, measured 2026-09-04)",h264,gpu_baseline,gpu,sweep,1080,6000,5991.4,86.53,0.1278,61.35,6,Repeatable,results/calibration/_staging/encode_parity_CLEAN_nvenc_24c_2026-09-06.json,"measured point; pass 1 of 2; clean protocol: active wait-for-idle (not a flat 10s sleep), baseline_elevated persisted, page cache evicted per row"
clean_iso_bitrate_sweep_2026-09-06,RTX 5080 NVENC,"v0.6.1 (default model, explicit override 2026-09-06)",football_30s,"sport-broadcast (SI~48.3/TI~10.3, measured 2026-09-04)",h264,gpu_tuned,gpu,sweep,1080,6000,6009.8,85.06,0.2373,52.94,3,Repeatable,results/calibration/_staging/encode_parity_CLEAN_nvenc_24c_2026-09-06.json,"measured point; pass 1 of 2; clean protocol: active wait-for-idle (not a flat 10s sleep), baseline_elevated persisted, page cache evicted per row"
clean_iso_bitrate_sweep_2026-09-06,"Ryzen 9 7900 (24c CPU, libx264/libx265/libsvtav1)","v0.6.1 (default model, explicit override 2026-09-06)",football_30s,"sport-broadcast (SI~48.3/TI~10.3, measured 2026-09-04)",h264,cpu,cpu,sweep,1080,8000,8016.1,90.14,0.4072,69.14,2,Repeatable,results/calibration/_staging/encode_parity_CLEAN_nvenc_24c_2026-09-06.json,"measured point; pass 1 of 2; clean protocol: active wait-for-idle (not a flat 10s sleep), baseline_elevated persisted, page cache evicted per row"
clean_iso_bitrate_sweep_2026-09-06,RTX 5080 NVENC,"v0.6.1 (default model, explicit override 2026-09-06)",football_30s,"sport-broadcast (SI~48.3/TI~10.3, measured 2026-09-04)",h264,gpu_baseline,gpu,sweep,1080,8000,7990.6,89.46,0.1283,61.3,6,Repeatable,results/calibration/_staging/encode_parity_CLEAN_nvenc_24c_2026-09-06.json,"measured point; pass 1 of 2; clean protocol: active wait-for-idle (not a flat 10s sleep), baseline_elevated persisted, page cache evicted per row"
clean_iso_bitrate_sweep_2026-09-06,RTX 5080 NVENC,"v0.6.1 (default model, explicit override 2026-09-06)",football_30s,"sport-broadcast (SI~48.3/TI~10.3, measured 2026-09-04)",h264,gpu_tuned,gpu,sweep,1080,8000,8016.9,88.38,0.2228,49.71,3,Repeatable,results/calibration/_staging/encode_parity_CLEAN_nvenc_24c_2026-09-06.json,"measured point; pass 1 of 2; clean protocol: active wait-for-idle (not a flat 10s sleep), baseline_elevated persisted, page cache evicted per row"
clean_iso_bitrate_sweep_2026-09-06,"Ryzen 9 7900 (24c CPU, libx264/libx265/libsvtav1)","v0.6.1 (default model, explicit override 2026-09-06)",football_30s,"sport-broadcast (SI~48.3/TI~10.3, measured 2026-09-04)",h264,cpu,cpu,sweep,1080,11000,10990.9,92.37,0.4291,68.05,2,Repeatable,results/calibration/_staging/encode_parity_CLEAN_nvenc_24c_2026-09-06.json,"measured point; pass 1 of 2; clean protocol: active wait-for-idle (not a flat 10s sleep), baseline_elevated persisted, page cache evicted per row"
clean_iso_bitrate_sweep_2026-09-06,RTX 5080 NVENC,"v0.6.1 (default model, explicit override 2026-09-06)",football_30s,"sport-broadcast (SI~48.3/TI~10.3, measured 2026-09-04)",h264,gpu_baseline,gpu,sweep,1080,11000,10993.3,91.67,0.1227,59.15,6,Repeatable,results/calibration/_staging/encode_parity_CLEAN_nvenc_24c_2026-09-06.json,"measured point; pass 1 of 2; clean protocol: active wait-for-idle (not a flat 10s sleep), baseline_elevated persisted, page cache evicted per row"
clean_iso_bitrate_sweep_2026-09-06,RTX 5080 NVENC,"v0.6.1 (default model, explicit override 2026-09-06)",football_30s,"sport-broadcast (SI~48.3/TI~10.3, measured 2026-09-04)",h264,gpu_tuned,gpu,sweep,1080,11000,11020.2,90.9,0.2209,49.3,3,Repeatable,results/calibration/_staging/encode_parity_CLEAN_nvenc_24c_2026-09-06.json,"measured point; pass 1 of 2; clean protocol: active wait-for-idle (not a flat 10s sleep), baseline_elevated persisted, page cache evicted per row"
clean_iso_bitrate_sweep_2026-09-06,"Ryzen 9 7900 (24c CPU, libx264/libx265/libsvtav1)","v0.6.1 (default model, explicit override 2026-09-06)",football_30s,"sport-broadcast (SI~48.3/TI~10.3, measured 2026-09-04)",h264,cpu,cpu,sweep,1080,13000,12966.5,93.25,0.4492,69.11,2,Repeatable,results/calibration/_staging/encode_parity_CLEAN_nvenc_24c_2026-09-06.json,"measured point; pass 1 of 2; clean protocol: active wait-for-idle (not a flat 10s sleep), baseline_elevated persisted, page cache evicted per row"
clean_iso_bitrate_sweep_2026-09-06,RTX 5080 NVENC,"v0.6.1 (default model, explicit override 2026-09-06)",football_30s,"sport-broadcast (SI~48.3/TI~10.3, measured 2026-09-04)",h264,gpu_baseline,gpu,sweep,1080,13000,12979.3,92.53,0.1236,59.08,6,Repeatable,results/calibration/_staging/encode_parity_CLEAN_nvenc_24c_2026-09-06.json,"measured point; pass 1 of 2; clean protocol: active wait-for-idle (not a flat 10s sleep), baseline_elevated persisted, page cache evicted per row"
clean_iso_bitrate_sweep_2026-09-06,RTX 5080 NVENC,"v0.6.1 (default model, explicit override 2026-09-06)",football_30s,"sport-broadcast (SI~48.3/TI~10.3, measured 2026-09-04)",h264,gpu_tuned,gpu,sweep,1080,13000,13022.6,91.86,0.2302,51.36,3,Repeatable,results/calibration/_staging/encode_parity_CLEAN_nvenc_24c_2026-09-06.json,"measured point; pass 1 of 2; clean protocol: active wait-for-idle (not a flat 10s sleep), baseline_elevated persisted, page cache evicted per row"
clean_iso_bitrate_sweep_2026-09-06,"Ryzen 9 7900 (24c CPU, libx264/libx265/libsvtav1)","v0.6.1 (default model, explicit override 2026-09-06)",football_30s,"sport-broadcast (SI~48.3/TI~10.3, measured 2026-09-04)",h264,cpu,cpu,sweep,1080,15000,14938.8,93.9,0.464,69.31,2,Repeatable,results/calibration/_staging/encode_parity_CLEAN_nvenc_24c_2026-09-06.json,"measured point; pass 1 of 2; clean protocol: active wait-for-idle (not a flat 10s sleep), baseline_elevated persisted, page cache evicted per row"
clean_iso_bitrate_sweep_2026-09-06,RTX 5080 NVENC,"v0.6.1 (default model, explicit override 2026-09-06)",football_30s,"sport-broadcast (SI~48.3/TI~10.3, measured 2026-09-04)",h264,gpu_baseline,gpu,sweep,1080,15000,14982.5,93.12,0.1248,59.9,6,Repeatable,results/calibration/_staging/encode_parity_CLEAN_nvenc_24c_2026-09-06.json,"measured point; pass 1 of 2; clean protocol: active wait-for-idle (not a flat 10s sleep), baseline_elevated persisted, page cache evicted per row"
clean_iso_bitrate_sweep_2026-09-06,RTX 5080 NVENC,"v0.6.1 (default model, explicit override 2026-09-06)",football_30s,"sport-broadcast (SI~48.3/TI~10.3, measured 2026-09-04)",h264,gpu_tuned,gpu,sweep,1080,15000,15027.4,92.53,0.2311,51.57,3,Repeatable,results/calibration/_staging/encode_parity_CLEAN_nvenc_24c_2026-09-06.json,"measured point; pass 1 of 2; clean protocol: active wait-for-idle (not a flat 10s sleep), baseline_elevated persisted, page cache evicted per row"
clean_iso_bitrate_sweep_2026-09-06,"Ryzen 9 7900 (24c CPU, libx264/libx265/libsvtav1)","v0.6.1 (default model, explicit override 2026-09-06)",football_30s,"sport-broadcast (SI~48.3/TI~10.3, measured 2026-09-04)",h265,cpu,cpu,sweep,1080,1500,1510.8,65.56,0.6728,70.0,2,Repeatable,results/calibration/_staging/encode_parity_CLEAN_nvenc_24c_2026-09-06.json,"measured point; pass 1 of 2; clean protocol: active wait-for-idle (not a flat 10s sleep), baseline_elevated persisted, page cache evicted per row"
clean_iso_bitrate_sweep_2026-09-06,RTX 5080 NVENC,"v0.6.1 (default model, explicit override 2026-09-06)",football_30s,"sport-broadcast (SI~48.3/TI~10.3, measured 2026-09-04)",h265,gpu_baseline,gpu,sweep,1080,1500,1462.2,63.24,0.1357,60.15,5,Repeatable,results/calibration/_staging/encode_parity_CLEAN_nvenc_24c_2026-09-06.json,"measured point; pass 1 of 2; clean protocol: active wait-for-idle (not a flat 10s sleep), baseline_elevated persisted, page cache evicted per row"
clean_iso_bitrate_sweep_2026-09-06,RTX 5080 NVENC,"v0.6.1 (default model, explicit override 2026-09-06)",football_30s,"sport-broadcast (SI~48.3/TI~10.3, measured 2026-09-04)",h265,gpu_tuned,gpu,sweep,1080,1500,1498.9,64.9,0.3748,47.01,2,Repeatable,results/calibration/_staging/encode_parity_CLEAN_nvenc_24c_2026-09-06.json,"measured point; pass 1 of 2; clean protocol: active wait-for-idle (not a flat 10s sleep), baseline_elevated persisted, page cache evicted per row"
clean_iso_bitrate_sweep_2026-09-06,"Ryzen 9 7900 (24c CPU, libx264/libx265/libsvtav1)","v0.6.1 (default model, explicit override 2026-09-06)",football_30s,"sport-broadcast (SI~48.3/TI~10.3, measured 2026-09-04)",h265,cpu,cpu,sweep,1080,2500,2515.4,77.25,0.7432,68.6,2,Repeatable,results/calibration/_staging/encode_parity_CLEAN_nvenc_24c_2026-09-06.json,"measured point; pass 1 of 2; clean protocol: active wait-for-idle (not a flat 10s sleep), baseline_elevated persisted, page cache evicted per row"
clean_iso_bitrate_sweep_2026-09-06,RTX 5080 NVENC,"v0.6.1 (default model, explicit override 2026-09-06)",football_30s,"sport-broadcast (SI~48.3/TI~10.3, measured 2026-09-04)",h265,gpu_baseline,gpu,sweep,1080,2500,2417.5,75.49,0.1343,59.25,5,Repeatable,results/calibration/_staging/encode_parity_CLEAN_nvenc_24c_2026-09-06.json,"measured point; pass 1 of 2; clean protocol: active wait-for-idle (not a flat 10s sleep), baseline_elevated persisted, page cache evicted per row"
clean_iso_bitrate_sweep_2026-09-06,RTX 5080 NVENC,"v0.6.1 (default model, explicit override 2026-09-06)",football_30s,"sport-broadcast (SI~48.3/TI~10.3, measured 2026-09-04)",h265,gpu_tuned,gpu,sweep,1080,2500,2505.9,76.88,0.3703,46.61,2,Repeatable,results/calibration/_staging/encode_parity_CLEAN_nvenc_24c_2026-09-06.json,"measured point; pass 1 of 2; clean protocol: active wait-for-idle (not a flat 10s sleep), baseline_elevated persisted, page cache evicted per row"
clean_iso_bitrate_sweep_2026-09-06,"Ryzen 9 7900 (24c CPU, libx264/libx265/libsvtav1)","v0.6.1 (default model, explicit override 2026-09-06)",football_30s,"sport-broadcast (SI~48.3/TI~10.3, measured 2026-09-04)",h265,cpu,cpu,sweep,1080,3500,3513.3,82.82,0.7944,66.82,1,Repeatable,results/calibration/_staging/encode_parity_CLEAN_nvenc_24c_2026-09-06.json,"measured point; pass 1 of 2; clean protocol: active wait-for-idle (not a flat 10s sleep), baseline_elevated persisted, page cache evicted per row"
clean_iso_bitrate_sweep_2026-09-06,RTX 5080 NVENC,"v0.6.1 (default model, explicit override 2026-09-06)",football_30s,"sport-broadcast (SI~48.3/TI~10.3, measured 2026-09-04)",h265,gpu_baseline,gpu,sweep,1080,3500,3365.7,81.34,0.1376,60.4,5,Repeatable,results/calibration/_staging/encode_parity_CLEAN_nvenc_24c_2026-09-06.json,"measured point; pass 1 of 2; clean protocol: active wait-for-idle (not a flat 10s sleep), baseline_elevated persisted, page cache evicted per row"
clean_iso_bitrate_sweep_2026-09-06,RTX 5080 NVENC,"v0.6.1 (default model, explicit override 2026-09-06)",football_30s,"sport-broadcast (SI~48.3/TI~10.3, measured 2026-09-04)",h265,gpu_tuned,gpu,sweep,1080,3500,3501.5,82.47,0.3705,46.48,2,Repeatable,results/calibration/_staging/encode_parity_CLEAN_nvenc_24c_2026-09-06.json,"measured point; pass 1 of 2; clean protocol: active wait-for-idle (not a flat 10s sleep), baseline_elevated persisted, page cache evicted per row"
clean_iso_bitrate_sweep_2026-09-06,"Ryzen 9 7900 (24c CPU, libx264/libx265/libsvtav1)","v0.6.1 (default model, explicit override 2026-09-06)",football_30s,"sport-broadcast (SI~48.3/TI~10.3, measured 2026-09-04)",h265,cpu,cpu,sweep,1080,5000,4998.8,87.08,0.9074,68.62,1,Repeatable,results/calibration/_staging/encode_parity_CLEAN_nvenc_24c_2026-09-06.json,"measured point; pass 1 of 2; clean protocol: active wait-for-idle (not a flat 10s sleep), baseline_elevated persisted, page cache evicted per row"
clean_iso_bitrate_sweep_2026-09-06,RTX 5080 NVENC,"v0.6.1 (default model, explicit override 2026-09-06)",football_30s,"sport-broadcast (SI~48.3/TI~10.3, measured 2026-09-04)",h265,gpu_baseline,gpu,sweep,1080,5000,4828.7,85.97,0.1268,55.94,5,Repeatable,results/calibration/_staging/encode_parity_CLEAN_nvenc_24c_2026-09-06.json,"measured point; pass 1 of 2; clean protocol: active wait-for-idle (not a flat 10s sleep), baseline_elevated persisted, page cache evicted per row"
clean_iso_bitrate_sweep_2026-09-06,RTX 5080 NVENC,"v0.6.1 (default model, explicit override 2026-09-06)",football_30s,"sport-broadcast (SI~48.3/TI~10.3, measured 2026-09-04)",h265,gpu_tuned,gpu,sweep,1080,5000,5004.7,86.61,0.3692,46.47,2,Repeatable,results/calibration/_staging/encode_parity_CLEAN_nvenc_24c_2026-09-06.json,"measured point; pass 1 of 2; clean protocol: active wait-for-idle (not a flat 10s sleep), baseline_elevated persisted, page cache evicted per row"
clean_iso_bitrate_sweep_2026-09-06,"Ryzen 9 7900 (24c CPU, libx264/libx265/libsvtav1)","v0.6.1 (default model, explicit override 2026-09-06)",football_30s,"sport-broadcast (SI~48.3/TI~10.3, measured 2026-09-04)",h265,cpu,cpu,sweep,1080,7000,6970.4,89.99,1.0188,69.47,1,Repeatable,results/calibration/_staging/encode_parity_CLEAN_nvenc_24c_2026-09-06.json,"measured point; pass 1 of 2; clean protocol: active wait-for-idle (not a flat 10s sleep), baseline_elevated persisted, page cache evicted per row"
clean_iso_bitrate_sweep_2026-09-06,RTX 5080 NVENC,"v0.6.1 (default model, explicit override 2026-09-06)",football_30s,"sport-broadcast (SI~48.3/TI~10.3, measured 2026-09-04)",h265,gpu_baseline,gpu,sweep,1080,7000,6800.5,89.1,0.1384,61.04,5,Repeatable,results/calibration/_staging/encode_parity_CLEAN_nvenc_24c_2026-09-06.json,"measured point; pass 1 of 2; clean protocol: active wait-for-idle (not a flat 10s sleep), baseline_elevated persisted, page cache evicted per row"
clean_iso_bitrate_sweep_2026-09-06,RTX 5080 NVENC,"v0.6.1 (default model, explicit override 2026-09-06)",football_30s,"sport-broadcast (SI~48.3/TI~10.3, measured 2026-09-04)",h265,gpu_tuned,gpu,sweep,1080,7000,7021.2,89.37,0.3647,45.9,2,Repeatable,results/calibration/_staging/encode_parity_CLEAN_nvenc_24c_2026-09-06.json,"measured point; pass 1 of 2; clean protocol: active wait-for-idle (not a flat 10s sleep), baseline_elevated persisted, page cache evicted per row"
clean_iso_bitrate_sweep_2026-09-06,"Ryzen 9 7900 (24c CPU, libx264/libx265/libsvtav1)","v0.6.1 (default model, explicit override 2026-09-06)",football_30s,"sport-broadcast (SI~48.3/TI~10.3, measured 2026-09-04)",h265,cpu,cpu,sweep,1080,8500,8443.2,91.3,1.08,69.43,1,Repeatable,results/calibration/_staging/encode_parity_CLEAN_nvenc_24c_2026-09-06.json,"measured point; pass 1 of 2; clean protocol: active wait-for-idle (not a flat 10s sleep), baseline_elevated persisted, page cache evicted per row"
clean_iso_bitrate_sweep_2026-09-06,RTX 5080 NVENC,"v0.6.1 (default model, explicit override 2026-09-06)",football_30s,"sport-broadcast (SI~48.3/TI~10.3, measured 2026-09-04)",h265,gpu_baseline,gpu,sweep,1080,8500,8284.9,90.42,0.1303,57.78,5,Repeatable,results/calibration/_staging/encode_parity_CLEAN_nvenc_24c_2026-09-06.json,"measured point; pass 1 of 2; clean protocol: active wait-for-idle (not a flat 10s sleep), baseline_elevated persisted, page cache evicted per row"
clean_iso_bitrate_sweep_2026-09-06,RTX 5080 NVENC,"v0.6.1 (default model, explicit override 2026-09-06)",football_30s,"sport-broadcast (SI~48.3/TI~10.3, measured 2026-09-04)",h265,gpu_tuned,gpu,sweep,1080,8500,8543.1,90.58,0.3608,45.58,2,Repeatable,results/calibration/_staging/encode_parity_CLEAN_nvenc_24c_2026-09-06.json,"measured point; pass 1 of 2; clean protocol: active wait-for-idle (not a flat 10s sleep), baseline_elevated persisted, page cache evicted per row"
clean_iso_bitrate_sweep_2026-09-06,"Ryzen 9 7900 (24c CPU, libx264/libx265/libsvtav1)","v0.6.1 (default model, explicit override 2026-09-06)",football_30s,"sport-broadcast (SI~48.3/TI~10.3, measured 2026-09-04)",h265,cpu,cpu,sweep,1080,10000,9921.9,92.21,1.1446,69.61,1,Repeatable,results/calibration/_staging/encode_parity_CLEAN_nvenc_24c_2026-09-06.json,"measured point; pass 1 of 2; clean protocol: active wait-for-idle (not a flat 10s sleep), baseline_elevated persisted, page cache evicted per row"
clean_iso_bitrate_sweep_2026-09-06,RTX 5080 NVENC,"v0.6.1 (default model, explicit override 2026-09-06)",football_30s,"sport-broadcast (SI~48.3/TI~10.3, measured 2026-09-04)",h265,gpu_baseline,gpu,sweep,1080,10000,9794.1,91.35,0.1362,60.07,5,Repeatable,results/calibration/_staging/encode_parity_CLEAN_nvenc_24c_2026-09-06.json,"measured point; pass 1 of 2; clean protocol: active wait-for-idle (not a flat 10s sleep), baseline_elevated persisted, page cache evicted per row"
clean_iso_bitrate_sweep_2026-09-06,RTX 5080 NVENC,"v0.6.1 (default model, explicit override 2026-09-06)",football_30s,"sport-broadcast (SI~48.3/TI~10.3, measured 2026-09-04)",h265,gpu_tuned,gpu,sweep,1080,10000,10064.8,91.4,0.3775,47.52,2,Repeatable,results/calibration/_staging/encode_parity_CLEAN_nvenc_24c_2026-09-06.json,"measured point; pass 1 of 2; clean protocol: active wait-for-idle (not a flat 10s sleep), baseline_elevated persisted, page cache evicted per row"
clean_iso_bitrate_sweep_2026-09-06,"Ryzen 9 7900 (24c CPU, libx264/libx265/libsvtav1)","v0.6.1 (default model, explicit override 2026-09-06)",football_30s,"sport-broadcast (SI~48.3/TI~10.3, measured 2026-09-04)",h265,cpu,cpu,sweep,1080,12000,11883.6,93.08,1.1922,68.34,1,Repeatable,results/calibration/_staging/encode_parity_CLEAN_nvenc_24c_2026-09-06.json,"measured point; pass 1 of 2; clean protocol: active wait-for-idle (not a flat 10s sleep), baseline_elevated persisted, page cache evicted per row"
clean_iso_bitrate_sweep_2026-09-06,RTX 5080 NVENC,"v0.6.1 (default model, explicit override 2026-09-06)",football_30s,"sport-broadcast (SI~48.3/TI~10.3, measured 2026-09-04)",h265,gpu_baseline,gpu,sweep,1080,12000,11805.4,92.19,0.1351,59.6,5,Repeatable,results/calibration/_staging/encode_parity_CLEAN_nvenc_24c_2026-09-06.json,"measured point; pass 1 of 2; clean protocol: active wait-for-idle (not a flat 10s sleep), baseline_elevated persisted, page cache evicted per row"
clean_iso_bitrate_sweep_2026-09-06,RTX 5080 NVENC,"v0.6.1 (default model, explicit override 2026-09-06)",football_30s,"sport-broadcast (SI~48.3/TI~10.3, measured 2026-09-04)",h265,gpu_tuned,gpu,sweep,1080,12000,12065.1,92.17,0.3767,47.25,2,Repeatable,results/calibration/_staging/encode_parity_CLEAN_nvenc_24c_2026-09-06.json,"measured point; pass 1 of 2; clean protocol: active wait-for-idle (not a flat 10s sleep), baseline_elevated persisted, page cache evicted per row"
clean_iso_bitrate_sweep_2026-09-06,"Ryzen 9 7900 (24c CPU, libx264/libx265/libsvtav1)","v0.6.1 (default model, explicit override 2026-09-06)",football_30s,"sport-broadcast (SI~48.3/TI~10.3, measured 2026-09-04)",h265,cpu,cpu,sweep,1080,14000,13850.3,93.7,1.2724,69.83,1,Repeatable,results/calibration/_staging/encode_parity_CLEAN_nvenc_24c_2026-09-06.json,"measured point; pass 1 of 2; clean protocol: active wait-for-idle (not a flat 10s sleep), baseline_elevated persisted, page cache evicted per row"
clean_iso_bitrate_sweep_2026-09-06,RTX 5080 NVENC,"v0.6.1 (default model, explicit override 2026-09-06)",football_30s,"sport-broadcast (SI~48.3/TI~10.3, measured 2026-09-04)",h265,gpu_baseline,gpu,sweep,1080,14000,13790.0,92.77,0.14,61.47,5,Repeatable,results/calibration/_staging/encode_parity_CLEAN_nvenc_24c_2026-09-06.json,"measured point; pass 1 of 2; clean protocol: active wait-for-idle (not a flat 10s sleep), baseline_elevated persisted, page cache evicted per row"
clean_iso_bitrate_sweep_2026-09-06,RTX 5080 NVENC,"v0.6.1 (default model, explicit override 2026-09-06)",football_30s,"sport-broadcast (SI~48.3/TI~10.3, measured 2026-09-04)",h265,gpu_tuned,gpu,sweep,1080,14000,14080.4,92.71,0.3793,47.58,2,Repeatable,results/calibration/_staging/encode_parity_CLEAN_nvenc_24c_2026-09-06.json,"measured point; pass 1 of 2; clean protocol: active wait-for-idle (not a flat 10s sleep), baseline_elevated persisted, page cache evicted per row"
clean_iso_bitrate_sweep_2026-09-06,"Ryzen 9 7900 (24c CPU, libx264/libx265/libsvtav1)","v0.6.1 (default model, explicit override 2026-09-06)",football_30s,"sport-broadcast (SI~48.3/TI~10.3, measured 2026-09-04)",h265,cpu,cpu,sweep,1080,16000,15818.9,94.17,1.2998,67.62,1,Repeatable,results/calibration/_staging/encode_parity_CLEAN_nvenc_24c_2026-09-06.json,"measured point; pass 1 of 2; clean protocol: active wait-for-idle (not a flat 10s sleep), baseline_elevated persisted, page cache evicted per row"
clean_iso_bitrate_sweep_2026-09-06,RTX 5080 NVENC,"v0.6.1 (default model, explicit override 2026-09-06)",football_30s,"sport-broadcast (SI~48.3/TI~10.3, measured 2026-09-04)",h265,gpu_baseline,gpu,sweep,1080,16000,15816.8,93.19,0.1317,57.81,5,Repeatable,results/calibration/_staging/encode_parity_CLEAN_nvenc_24c_2026-09-06.json,"measured point; pass 1 of 2; clean protocol: active wait-for-idle (not a flat 10s sleep), baseline_elevated persisted, page cache evicted per row"
clean_iso_bitrate_sweep_2026-09-06,RTX 5080 NVENC,"v0.6.1 (default model, explicit override 2026-09-06)",football_30s,"sport-broadcast (SI~48.3/TI~10.3, measured 2026-09-04)",h265,gpu_tuned,gpu,sweep,1080,16000,16092.7,93.12,0.3629,45.68,2,Repeatable,results/calibration/_staging/encode_parity_CLEAN_nvenc_24c_2026-09-06.json,"measured point; pass 1 of 2; clean protocol: active wait-for-idle (not a flat 10s sleep), baseline_elevated persisted, page cache evicted per row"
clean_iso_bitrate_sweep_2026-09-06,"Ryzen 9 7900 (24c CPU, libx264/libx265/libsvtav1)","v0.6.1 (default model, explicit override 2026-09-06)",football_30s,"sport-broadcast (SI~48.3/TI~10.3, measured 2026-09-04)",av1,cpu,cpu,sweep,1080,1000,1005.6,64.11,0.3755,66.26,2,Repeatable,results/calibration/_staging/encode_parity_CLEAN_nvenc_24c_2026-09-06.json,"measured point; pass 1 of 2; clean protocol: active wait-for-idle (not a flat 10s sleep), baseline_elevated persisted, page cache evicted per row"
clean_iso_bitrate_sweep_2026-09-06,RTX 5080 NVENC,"v0.6.1 (default model, explicit override 2026-09-06)",football_30s,"sport-broadcast (SI~48.3/TI~10.3, measured 2026-09-04)",av1,gpu_baseline,gpu,sweep,1080,1000,1022.2,56.35,0.1283,61.88,6,Repeatable,results/calibration/_staging/encode_parity_CLEAN_nvenc_24c_2026-09-06.json,"measured point; pass 1 of 2; clean protocol: active wait-for-idle (not a flat 10s sleep), baseline_elevated persisted, page cache evicted per row"
clean_iso_bitrate_sweep_2026-09-06,RTX 5080 NVENC,"v0.6.1 (default model, explicit override 2026-09-06)",football_30s,"sport-broadcast (SI~48.3/TI~10.3, measured 2026-09-04)",av1,gpu_tuned,gpu,sweep,1080,1000,1025.2,53.65,0.2472,50.56,3,Repeatable,results/calibration/_staging/encode_parity_CLEAN_nvenc_24c_2026-09-06.json,"measured point; pass 1 of 2; clean protocol: active wait-for-idle (not a flat 10s sleep), baseline_elevated persisted, page cache evicted per row"
clean_iso_bitrate_sweep_2026-09-06,"Ryzen 9 7900 (24c CPU, libx264/libx265/libsvtav1)","v0.6.1 (default model, explicit override 2026-09-06)",football_30s,"sport-broadcast (SI~48.3/TI~10.3, measured 2026-09-04)",av1,cpu,cpu,sweep,1080,1800,1810.1,76.44,0.402,68.26,2,Repeatable,results/calibration/_staging/encode_parity_CLEAN_nvenc_24c_2026-09-06.json,"measured point; pass 1 of 2; clean protocol: active wait-for-idle (not a flat 10s sleep), baseline_elevated persisted, page cache evicted per row"
clean_iso_bitrate_sweep_2026-09-06,RTX 5080 NVENC,"v0.6.1 (default model, explicit override 2026-09-06)",football_30s,"sport-broadcast (SI~48.3/TI~10.3, measured 2026-09-04)",av1,gpu_baseline,gpu,sweep,1080,1800,1822.4,72.37,0.1325,64.45,6,Repeatable,results/calibration/_staging/encode_parity_CLEAN_nvenc_24c_2026-09-06.json,"measured point; pass 1 of 2; clean protocol: active wait-for-idle (not a flat 10s sleep), baseline_elevated persisted, page cache evicted per row"
clean_iso_bitrate_sweep_2026-09-06,RTX 5080 NVENC,"v0.6.1 (default model, explicit override 2026-09-06)",football_30s,"sport-broadcast (SI~48.3/TI~10.3, measured 2026-09-04)",av1,gpu_tuned,gpu,sweep,1080,1800,1823.3,69.81,0.2502,51.18,3,Repeatable,results/calibration/_staging/encode_parity_CLEAN_nvenc_24c_2026-09-06.json,"measured point; pass 1 of 2; clean protocol: active wait-for-idle (not a flat 10s sleep), baseline_elevated persisted, page cache evicted per row"
clean_iso_bitrate_sweep_2026-09-06,"Ryzen 9 7900 (24c CPU, libx264/libx265/libsvtav1)","v0.6.1 (default model, explicit override 2026-09-06)",football_30s,"sport-broadcast (SI~48.3/TI~10.3, measured 2026-09-04)",av1,cpu,cpu,sweep,1080,2800,2796.8,82.99,0.4159,68.06,2,Repeatable,results/calibration/_staging/encode_parity_CLEAN_nvenc_24c_2026-09-06.json,"measured point; pass 1 of 2; clean protocol: active wait-for-idle (not a flat 10s sleep), baseline_elevated persisted, page cache evicted per row"
clean_iso_bitrate_sweep_2026-09-06,RTX 5080 NVENC,"v0.6.1 (default model, explicit override 2026-09-06)",football_30s,"sport-broadcast (SI~48.3/TI~10.3, measured 2026-09-04)",av1,gpu_baseline,gpu,sweep,1080,2800,2839.1,80.98,0.1335,64.66,6,Repeatable,results/calibration/_staging/encode_parity_CLEAN_nvenc_24c_2026-09-06.json,"measured point; pass 1 of 2; clean protocol: active wait-for-idle (not a flat 10s sleep), baseline_elevated persisted, page cache evicted per row"
clean_iso_bitrate_sweep_2026-09-06,RTX 5080 NVENC,"v0.6.1 (default model, explicit override 2026-09-06)",football_30s,"sport-broadcast (SI~48.3/TI~10.3, measured 2026-09-04)",av1,gpu_tuned,gpu,sweep,1080,2800,2835.5,79.04,0.2589,52.75,3,Repeatable,results/calibration/_staging/encode_parity_CLEAN_nvenc_24c_2026-09-06.json,"measured point; pass 1 of 2; clean protocol: active wait-for-idle (not a flat 10s sleep), baseline_elevated persisted, page cache evicted per row"
clean_iso_bitrate_sweep_2026-09-06,"Ryzen 9 7900 (24c CPU, libx264/libx265/libsvtav1)","v0.6.1 (default model, explicit override 2026-09-06)",football_30s,"sport-broadcast (SI~48.3/TI~10.3, measured 2026-09-04)",av1,cpu,cpu,sweep,1080,4000,3980.8,86.98,0.427,68.01,2,Repeatable,results/calibration/_staging/encode_parity_CLEAN_nvenc_24c_2026-09-06.json,"measured point; pass 1 of 2; clean protocol: active wait-for-idle (not a flat 10s sleep), baseline_elevated persisted, page cache evicted per row"
clean_iso_bitrate_sweep_2026-09-06,RTX 5080 NVENC,"v0.6.1 (default model, explicit override 2026-09-06)",football_30s,"sport-broadcast (SI~48.3/TI~10.3, measured 2026-09-04)",av1,gpu_baseline,gpu,sweep,1080,4000,4066.3,86.03,0.1316,63.75,6,Repeatable,results/calibration/_staging/encode_parity_CLEAN_nvenc_24c_2026-09-06.json,"measured point; pass 1 of 2; clean protocol: active wait-for-idle (not a flat 10s sleep), baseline_elevated persisted, page cache evicted per row"
clean_iso_bitrate_sweep_2026-09-06,RTX 5080 NVENC,"v0.6.1 (default model, explicit override 2026-09-06)",football_30s,"sport-broadcast (SI~48.3/TI~10.3, measured 2026-09-04)",av1,gpu_tuned,gpu,sweep,1080,4000,4062.4,84.49,0.2599,52.76,3,Repeatable,results/calibration/_staging/encode_parity_CLEAN_nvenc_24c_2026-09-06.json,"measured point; pass 1 of 2; clean protocol: active wait-for-idle (not a flat 10s sleep), baseline_elevated persisted, page cache evicted per row"
clean_iso_bitrate_sweep_2026-09-06,"Ryzen 9 7900 (24c CPU, libx264/libx265/libsvtav1)","v0.6.1 (default model, explicit override 2026-09-06)",football_30s,"sport-broadcast (SI~48.3/TI~10.3, measured 2026-09-04)",av1,cpu,cpu,sweep,1080,6000,5925.5,90.15,0.4207,67.31,2,Repeatable,results/calibration/_staging/encode_parity_CLEAN_nvenc_24c_2026-09-06.json,"measured point; pass 1 of 2; clean protocol: active wait-for-idle (not a flat 10s sleep), baseline_elevated persisted, page cache evicted per row"
clean_iso_bitrate_sweep_2026-09-06,RTX 5080 NVENC,"v0.6.1 (default model, explicit override 2026-09-06)",football_30s,"sport-broadcast (SI~48.3/TI~10.3, measured 2026-09-04)",av1,gpu_baseline,gpu,sweep,1080,6000,6092.2,89.84,0.1297,63.11,6,Repeatable,results/calibration/_staging/encode_parity_CLEAN_nvenc_24c_2026-09-06.json,"measured point; pass 1 of 2; clean protocol: active wait-for-idle (not a flat 10s sleep), baseline_elevated persisted, page cache evicted per row"
clean_iso_bitrate_sweep_2026-09-06,RTX 5080 NVENC,"v0.6.1 (default model, explicit override 2026-09-06)",football_30s,"sport-broadcast (SI~48.3/TI~10.3, measured 2026-09-04)",av1,gpu_tuned,gpu,sweep,1080,6000,6086.0,88.67,0.2503,51.2,3,Repeatable,results/calibration/_staging/encode_parity_CLEAN_nvenc_24c_2026-09-06.json,"measured point; pass 1 of 2; clean protocol: active wait-for-idle (not a flat 10s sleep), baseline_elevated persisted, page cache evicted per row"
clean_iso_bitrate_sweep_2026-09-06,"Ryzen 9 7900 (24c CPU, libx264/libx265/libsvtav1)","v0.6.1 (default model, explicit override 2026-09-06)",football_30s,"sport-broadcast (SI~48.3/TI~10.3, measured 2026-09-04)",av1,cpu,cpu,sweep,1080,7500,7384.0,91.54,0.4328,67.74,2,Repeatable,results/calibration/_staging/encode_parity_CLEAN_nvenc_24c_2026-09-06.json,"measured point; pass 1 of 2; clean protocol: active wait-for-idle (not a flat 10s sleep), baseline_elevated persisted, page cache evicted per row"
clean_iso_bitrate_sweep_2026-09-06,RTX 5080 NVENC,"v0.6.1 (default model, explicit override 2026-09-06)",football_30s,"sport-broadcast (SI~48.3/TI~10.3, measured 2026-09-04)",av1,gpu_baseline,gpu,sweep,1080,7500,7622.4,91.3,0.1298,63.16,6,Repeatable,results/calibration/_staging/encode_parity_CLEAN_nvenc_24c_2026-09-06.json,"measured point; pass 1 of 2; clean protocol: active wait-for-idle (not a flat 10s sleep), baseline_elevated persisted, page cache evicted per row"
clean_iso_bitrate_sweep_2026-09-06,RTX 5080 NVENC,"v0.6.1 (default model, explicit override 2026-09-06)",football_30s,"sport-broadcast (SI~48.3/TI~10.3, measured 2026-09-04)",av1,gpu_tuned,gpu,sweep,1080,7500,7609.8,90.28,0.2482,50.77,3,Repeatable,results/calibration/_staging/encode_parity_CLEAN_nvenc_24c_2026-09-06.json,"measured point; pass 1 of 2; clean protocol: active wait-for-idle (not a flat 10s sleep), baseline_elevated persisted, page cache evicted per row"
clean_iso_bitrate_sweep_2026-09-06,"Ryzen 9 7900 (24c CPU, libx264/libx265/libsvtav1)","v0.6.1 (default model, explicit override 2026-09-06)",football_30s,"sport-broadcast (SI~48.3/TI~10.3, measured 2026-09-04)",av1,cpu,cpu,sweep,1080,9000,8751.1,92.39,0.4217,67.78,2,Repeatable,results/calibration/_staging/encode_parity_CLEAN_nvenc_24c_2026-09-06.json,"measured point; pass 1 of 2; clean protocol: active wait-for-idle (not a flat 10s sleep), baseline_elevated persisted, page cache evicted per row"
clean_iso_bitrate_sweep_2026-09-06,RTX 5080 NVENC,"v0.6.1 (default model, explicit override 2026-09-06)",football_30s,"sport-broadcast (SI~48.3/TI~10.3, measured 2026-09-04)",av1,gpu_baseline,gpu,sweep,1080,9000,9133.4,92.24,0.1294,62.93,6,Repeatable,results/calibration/_staging/encode_parity_CLEAN_nvenc_24c_2026-09-06.json,"measured point; pass 1 of 2; clean protocol: active wait-for-idle (not a flat 10s sleep), baseline_elevated persisted, page cache evicted per row"
clean_iso_bitrate_sweep_2026-09-06,RTX 5080 NVENC,"v0.6.1 (default model, explicit override 2026-09-06)",football_30s,"sport-broadcast (SI~48.3/TI~10.3, measured 2026-09-04)",av1,gpu_tuned,gpu,sweep,1080,9000,9124.2,91.32,0.2533,51.81,3,Repeatable,results/calibration/_staging/encode_parity_CLEAN_nvenc_24c_2026-09-06.json,"measured point; pass 1 of 2; clean protocol: active wait-for-idle (not a flat 10s sleep), baseline_elevated persisted, page cache evicted per row"
clean_iso_bitrate_sweep_2026-09-06,RTX 5080 NVENC,"v0.6.1 (default model, explicit override 2026-09-06)",football_30s,"sport-broadcast (SI~48.3/TI~10.3, measured 2026-09-04)",av1,gpu_baseline,gpu,sweep,1080,11000,11168.7,93.05,0.1334,64.9,6,Repeatable,results/calibration/_staging/encode_parity_CLEAN_nvenc_24c_2026-09-06.json,"measured point; pass 1 of 2; clean protocol: active wait-for-idle (not a flat 10s sleep), baseline_elevated persisted, page cache evicted per row"
clean_iso_bitrate_sweep_2026-09-06,RTX 5080 NVENC,"v0.6.1 (default model, explicit override 2026-09-06)",football_30s,"sport-broadcast (SI~48.3/TI~10.3, measured 2026-09-04)",av1,gpu_tuned,gpu,sweep,1080,11000,11156.9,92.26,0.2689,55.22,3,Repeatable,results/calibration/_staging/encode_parity_CLEAN_nvenc_24c_2026-09-06.json,"measured point; pass 1 of 2; clean protocol: active wait-for-idle (not a flat 10s sleep), baseline_elevated persisted, page cache evicted per row"
clean_iso_bitrate_sweep_2026-09-06,"Ryzen 9 7900 (24c CPU, libx264/libx265/libsvtav1)","v0.6.1 (default model, explicit override 2026-09-06)",football_30s,"sport-broadcast (SI~48.3/TI~10.3, measured 2026-09-04)",av1,cpu,cpu,sweep,1080,13000,12035.8,93.6,0.4151,67.32,2,Repeatable,results/calibration/_staging/encode_parity_CLEAN_nvenc_24c_2026-09-06.json,"measured point; pass 1 of 2; clean protocol: active wait-for-idle (not a flat 10s sleep), baseline_elevated persisted, page cache evicted per row"
clean_iso_bitrate_sweep_2026-09-06,RTX 5080 NVENC,"v0.6.1 (default model, explicit override 2026-09-06)",football_30s,"sport-broadcast (SI~48.3/TI~10.3, measured 2026-09-04)",av1,gpu_baseline,gpu,sweep,1080,13000,13182.6,93.58,0.1316,64.01,6,Repeatable,results/calibration/_staging/encode_parity_CLEAN_nvenc_24c_2026-09-06.json,"measured point; pass 1 of 2; clean protocol: active wait-for-idle (not a flat 10s sleep), baseline_elevated persisted, page cache evicted per row"
clean_iso_bitrate_sweep_2026-09-06,RTX 5080 NVENC,"v0.6.1 (default model, explicit override 2026-09-06)",football_30s,"sport-broadcast (SI~48.3/TI~10.3, measured 2026-09-04)",av1,gpu_tuned,gpu,sweep,1080,13000,13167.4,92.88,0.2579,52.36,3,Repeatable,results/calibration/_staging/encode_parity_CLEAN_nvenc_24c_2026-09-06.json,"measured point; pass 1 of 2; clean protocol: active wait-for-idle (not a flat 10s sleep), baseline_elevated persisted, page cache evicted per row"
clean_abr_ladder_typical_2026-09-06,"Ryzen 9 7900 (24c CPU, libx264/libx265/libsvtav1)","v0.6.1 (default model, explicit override 2026-09-06)",meridian_120s,low (SI~13/TI~2),h264,cpu,cpu,ladder,720,2800,2753.8,94.87,0.2507,64.48,3,Repeatable,results/calibration/_staging/encode_parity_CLEAN_nvenc_24c_2026-09-06.json,"fixed ABR-ladder rung (typical per-resolution bitrate); pass 1 of 2; clean protocol: active wait-for-idle (not a flat 10s sleep), baseline_elevated persisted, page cache evicted per row"
clean_abr_ladder_typical_2026-09-06,RTX 5080 NVENC,"v0.6.1 (default model, explicit override 2026-09-06)",meridian_120s,low (SI~13/TI~2),h264,gpu_baseline,gpu,ladder,720,2800,2801.0,94.89,0.091,57.05,7,Repeatable,results/calibration/_staging/encode_parity_CLEAN_nvenc_24c_2026-09-06.json,"fixed ABR-ladder rung (typical per-resolution bitrate); pass 1 of 2; clean protocol: active wait-for-idle (not a flat 10s sleep), baseline_elevated persisted, page cache evicted per row"
clean_abr_ladder_typical_2026-09-06,"Ryzen 9 7900 (24c CPU, libx264/libx265/libsvtav1)","v0.6.1 (default model, explicit override 2026-09-06)",meridian_120s,low (SI~13/TI~2),h264,cpu,cpu,ladder,540,1600,1574.9,95.07,0.1843,62.01,4,Repeatable,results/calibration/_staging/encode_parity_CLEAN_nvenc_24c_2026-09-06.json,"fixed ABR-ladder rung (typical per-resolution bitrate); pass 1 of 2; clean protocol: active wait-for-idle (not a flat 10s sleep), baseline_elevated persisted, page cache evicted per row"
clean_abr_ladder_typical_2026-09-06,RTX 5080 NVENC,"v0.6.1 (default model, explicit override 2026-09-06)",meridian_120s,low (SI~13/TI~2),h264,gpu_baseline,gpu,ladder,540,1600,1602.0,94.61,0.0846,53.67,8,Repeatable,results/calibration/_staging/encode_parity_CLEAN_nvenc_24c_2026-09-06.json,"fixed ABR-ladder rung (typical per-resolution bitrate); pass 1 of 2; clean protocol: active wait-for-idle (not a flat 10s sleep), baseline_elevated persisted, page cache evicted per row"
clean_abr_ladder_typical_2026-09-06,"Ryzen 9 7900 (24c CPU, libx264/libx265/libsvtav1)","v0.6.1 (default model, explicit override 2026-09-06)",meridian_120s,low (SI~13/TI~2),h264,cpu,cpu,ladder,480,1100,1080.7,94.78,0.1707,62.7,5,Repeatable,results/calibration/_staging/encode_parity_CLEAN_nvenc_24c_2026-09-06.json,"fixed ABR-ladder rung (typical per-resolution bitrate); pass 1 of 2; clean protocol: active wait-for-idle (not a flat 10s sleep), baseline_elevated persisted, page cache evicted per row"
clean_abr_ladder_typical_2026-09-06,RTX 5080 NVENC,"v0.6.1 (default model, explicit override 2026-09-06)",meridian_120s,low (SI~13/TI~2),h264,gpu_baseline,gpu,ladder,480,1100,1103.9,94.0,0.0842,53.42,8,Repeatable,results/calibration/_staging/encode_parity_CLEAN_nvenc_24c_2026-09-06.json,"fixed ABR-ladder rung (typical per-resolution bitrate); pass 1 of 2; clean protocol: active wait-for-idle (not a flat 10s sleep), baseline_elevated persisted, page cache evicted per row"
clean_abr_ladder_typical_2026-09-06,"Ryzen 9 7900 (24c CPU, libx264/libx265/libsvtav1)","v0.6.1 (default model, explicit override 2026-09-06)",meridian_120s,low (SI~13/TI~2),h264,cpu,cpu,ladder,360,800,787.5,95.29,0.1446,61.37,5,Repeatable,results/calibration/_staging/encode_parity_CLEAN_nvenc_24c_2026-09-06.json,"fixed ABR-ladder rung (typical per-resolution bitrate); pass 1 of 2; clean protocol: active wait-for-idle (not a flat 10s sleep), baseline_elevated persisted, page cache evicted per row"
clean_abr_ladder_typical_2026-09-06,RTX 5080 NVENC,"v0.6.1 (default model, explicit override 2026-09-06)",meridian_120s,low (SI~13/TI~2),h264,gpu_baseline,gpu,ladder,360,800,802.4,94.01,0.0821,51.83,8,Repeatable,results/calibration/_staging/encode_parity_CLEAN_nvenc_24c_2026-09-06.json,"fixed ABR-ladder rung (typical per-resolution bitrate); pass 1 of 2; clean protocol: active wait-for-idle (not a flat 10s sleep), baseline_elevated persisted, page cache evicted per row"
clean_abr_ladder_typical_2026-09-06,"Ryzen 9 7900 (24c CPU, libx264/libx265/libsvtav1)","v0.6.1 (default model, explicit override 2026-09-06)",meridian_120s,low (SI~13/TI~2),h265,cpu,cpu,ladder,720,1700,1681.4,94.68,0.4688,66.97,2,Repeatable,results/calibration/_staging/encode_parity_CLEAN_nvenc_24c_2026-09-06.json,"fixed ABR-ladder rung (typical per-resolution bitrate); pass 1 of 2; clean protocol: active wait-for-idle (not a flat 10s sleep), baseline_elevated persisted, page cache evicted per row"
clean_abr_ladder_typical_2026-09-06,RTX 5080 NVENC,"v0.6.1 (default model, explicit override 2026-09-06)",meridian_120s,low (SI~13/TI~2),h265,gpu_baseline,gpu,ladder,720,1700,1677.7,93.42,0.0935,58.88,7,Repeatable,results/calibration/_staging/encode_parity_CLEAN_nvenc_24c_2026-09-06.json,"fixed ABR-ladder rung (typical per-resolution bitrate); pass 1 of 2; clean protocol: active wait-for-idle (not a flat 10s sleep), baseline_elevated persisted, page cache evicted per row"
clean_abr_ladder_typical_2026-09-06,"Ryzen 9 7900 (24c CPU, libx264/libx265/libsvtav1)","v0.6.1 (default model, explicit override 2026-09-06)",meridian_120s,low (SI~13/TI~2),h265,cpu,cpu,ladder,540,950,940.7,94.72,0.3361,64.35,3,Repeatable,results/calibration/_staging/encode_parity_CLEAN_nvenc_24c_2026-09-06.json,"fixed ABR-ladder rung (typical per-resolution bitrate); pass 1 of 2; clean protocol: active wait-for-idle (not a flat 10s sleep), baseline_elevated persisted, page cache evicted per row"
clean_abr_ladder_typical_2026-09-06,RTX 5080 NVENC,"v0.6.1 (default model, explicit override 2026-09-06)",meridian_120s,low (SI~13/TI~2),h265,gpu_baseline,gpu,ladder,540,950,911.9,92.96,0.0878,55.69,8,Repeatable,results/calibration/_staging/encode_parity_CLEAN_nvenc_24c_2026-09-06.json,"fixed ABR-ladder rung (typical per-resolution bitrate); pass 1 of 2; clean protocol: active wait-for-idle (not a flat 10s sleep), baseline_elevated persisted, page cache evicted per row"
clean_abr_ladder_typical_2026-09-06,"Ryzen 9 7900 (24c CPU, libx264/libx265/libsvtav1)","v0.6.1 (default model, explicit override 2026-09-06)",meridian_120s,low (SI~13/TI~2),h265,cpu,cpu,ladder,480,650,645.6,94.38,0.2863,63.35,3,Repeatable,results/calibration/_staging/encode_parity_CLEAN_nvenc_24c_2026-09-06.json,"fixed ABR-ladder rung (typical per-resolution bitrate); pass 1 of 2; clean protocol: active wait-for-idle (not a flat 10s sleep), baseline_elevated persisted, page cache evicted per row"
clean_abr_ladder_typical_2026-09-06,RTX 5080 NVENC,"v0.6.1 (default model, explicit override 2026-09-06)",meridian_120s,low (SI~13/TI~2),h265,gpu_baseline,gpu,ladder,480,650,627.2,92.21,0.0873,55.41,8,Repeatable,results/calibration/_staging/encode_parity_CLEAN_nvenc_24c_2026-09-06.json,"fixed ABR-ladder rung (typical per-resolution bitrate); pass 1 of 2; clean protocol: active wait-for-idle (not a flat 10s sleep), baseline_elevated persisted, page cache evicted per row"
clean_abr_ladder_typical_2026-09-06,"Ryzen 9 7900 (24c CPU, libx264/libx265/libsvtav1)","v0.6.1 (default model, explicit override 2026-09-06)",meridian_120s,low (SI~13/TI~2),h265,cpu,cpu,ladder,360,500,496.8,94.8,0.2338,62.82,3,Repeatable,results/calibration/_staging/encode_parity_CLEAN_nvenc_24c_2026-09-06.json,"fixed ABR-ladder rung (typical per-resolution bitrate); pass 1 of 2; clean protocol: active wait-for-idle (not a flat 10s sleep), baseline_elevated persisted, page cache evicted per row"
clean_abr_ladder_typical_2026-09-06,RTX 5080 NVENC,"v0.6.1 (default model, explicit override 2026-09-06)",meridian_120s,low (SI~13/TI~2),h265,gpu_baseline,gpu,ladder,360,500,472.0,92.76,0.0837,53.3,8,Repeatable,results/calibration/_staging/encode_parity_CLEAN_nvenc_24c_2026-09-06.json,"fixed ABR-ladder rung (typical per-resolution bitrate); pass 1 of 2; clean protocol: active wait-for-idle (not a flat 10s sleep), baseline_elevated persisted, page cache evicted per row"
clean_abr_ladder_typical_2026-09-06,"Ryzen 9 7900 (24c CPU, libx264/libx265/libsvtav1)","v0.6.1 (default model, explicit override 2026-09-06)",meridian_120s,low (SI~13/TI~2),av1,cpu,cpu,ladder,720,1400,972.7,93.57,0.2473,62.71,3,Repeatable,results/calibration/_staging/encode_parity_CLEAN_nvenc_24c_2026-09-06.json,"fixed ABR-ladder rung (typical per-resolution bitrate); pass 1 of 2; clean protocol: active wait-for-idle (not a flat 10s sleep), baseline_elevated persisted, page cache evicted per row"
clean_abr_ladder_typical_2026-09-06,RTX 5080 NVENC,"v0.6.1 (default model, explicit override 2026-09-06)",meridian_120s,low (SI~13/TI~2),av1,gpu_baseline,gpu,ladder,720,1400,1438.1,94.24,0.0945,59.23,7,Repeatable,results/calibration/_staging/encode_parity_CLEAN_nvenc_24c_2026-09-06.json,"fixed ABR-ladder rung (typical per-resolution bitrate); pass 1 of 2; clean protocol: active wait-for-idle (not a flat 10s sleep), baseline_elevated persisted, page cache evicted per row"
clean_abr_ladder_typical_2026-09-06,"Ryzen 9 7900 (24c CPU, libx264/libx265/libsvtav1)","v0.6.1 (default model, explicit override 2026-09-06)",meridian_120s,low (SI~13/TI~2),av1,cpu,cpu,ladder,540,800,573.2,94.26,0.1879,60.94,4,Repeatable,results/calibration/_staging/encode_parity_CLEAN_nvenc_24c_2026-09-06.json,"fixed ABR-ladder rung (typical per-resolution bitrate); pass 1 of 2; clean protocol: active wait-for-idle (not a flat 10s sleep), baseline_elevated persisted, page cache evicted per row"
clean_abr_ladder_typical_2026-09-06,RTX 5080 NVENC,"v0.6.1 (default model, explicit override 2026-09-06)",meridian_120s,low (SI~13/TI~2),av1,gpu_baseline,gpu,ladder,540,800,830.5,94.0,0.0882,55.72,8,Repeatable,results/calibration/_staging/encode_parity_CLEAN_nvenc_24c_2026-09-06.json,"fixed ABR-ladder rung (typical per-resolution bitrate); pass 1 of 2; clean protocol: active wait-for-idle (not a flat 10s sleep), baseline_elevated persisted, page cache evicted per row"
clean_abr_ladder_typical_2026-09-06,"Ryzen 9 7900 (24c CPU, libx264/libx265/libsvtav1)","v0.6.1 (default model, explicit override 2026-09-06)",meridian_120s,low (SI~13/TI~2),av1,cpu,cpu,ladder,480,550,390.4,94.08,0.1741,60.26,4,Repeatable,results/calibration/_staging/encode_parity_CLEAN_nvenc_24c_2026-09-06.json,"fixed ABR-ladder rung (typical per-resolution bitrate); pass 1 of 2; clean protocol: active wait-for-idle (not a flat 10s sleep), baseline_elevated persisted, page cache evicted per row"
clean_abr_ladder_typical_2026-09-06,RTX 5080 NVENC,"v0.6.1 (default model, explicit override 2026-09-06)",meridian_120s,low (SI~13/TI~2),av1,gpu_baseline,gpu,ladder,480,550,564.8,93.34,0.0873,55.62,8,Repeatable,results/calibration/_staging/encode_parity_CLEAN_nvenc_24c_2026-09-06.json,"fixed ABR-ladder rung (typical per-resolution bitrate); pass 1 of 2; clean protocol: active wait-for-idle (not a flat 10s sleep), baseline_elevated persisted, page cache evicted per row"
clean_abr_ladder_typical_2026-09-06,"Ryzen 9 7900 (24c CPU, libx264/libx265/libsvtav1)","v0.6.1 (default model, explicit override 2026-09-06)",meridian_120s,low (SI~13/TI~2),av1,cpu,cpu,ladder,360,400,318.0,94.94,0.1548,60.57,5,Repeatable,results/calibration/_staging/encode_parity_CLEAN_nvenc_24c_2026-09-06.json,"fixed ABR-ladder rung (typical per-resolution bitrate); pass 1 of 2; clean protocol: active wait-for-idle (not a flat 10s sleep), baseline_elevated persisted, page cache evicted per row"
clean_abr_ladder_typical_2026-09-06,RTX 5080 NVENC,"v0.6.1 (default model, explicit override 2026-09-06)",meridian_120s,low (SI~13/TI~2),av1,gpu_baseline,gpu,ladder,360,400,420.3,93.46,0.0851,53.99,8,Repeatable,results/calibration/_staging/encode_parity_CLEAN_nvenc_24c_2026-09-06.json,"fixed ABR-ladder rung (typical per-resolution bitrate); pass 1 of 2; clean protocol: active wait-for-idle (not a flat 10s sleep), baseline_elevated persisted, page cache evicted per row"
clean_abr_ladder_typical_2026-09-06,"Ryzen 9 7900 (24c CPU, libx264/libx265/libsvtav1)","v0.6.1 (default model, explicit override 2026-09-06)",bbb_120s,high (SI~33/TI~6),h264,cpu,cpu,ladder,720,2800,3132.3,92.67,0.2174,66.89,4,Repeatable,results/calibration/_staging/encode_parity_CLEAN_nvenc_24c_2026-09-06.json,"fixed ABR-ladder rung (typical per-resolution bitrate); pass 1 of 2; clean protocol: active wait-for-idle (not a flat 10s sleep), baseline_elevated persisted, page cache evicted per row"
clean_abr_ladder_typical_2026-09-06,RTX 5080 NVENC,"v0.6.1 (default model, explicit override 2026-09-06)",bbb_120s,high (SI~33/TI~6),h264,gpu_baseline,gpu,ladder,720,2800,2818.1,86.73,0.1344,81.81,7,Repeatable,results/calibration/_staging/encode_parity_CLEAN_nvenc_24c_2026-09-06.json,"fixed ABR-ladder rung (typical per-resolution bitrate); pass 1 of 2; clean protocol: active wait-for-idle (not a flat 10s sleep), baseline_elevated persisted, page cache evicted per row"
clean_abr_ladder_typical_2026-09-06,"Ryzen 9 7900 (24c CPU, libx264/libx265/libsvtav1)","v0.6.1 (default model, explicit override 2026-09-06)",bbb_120s,high (SI~33/TI~6),h264,cpu,cpu,ladder,540,1600,1770.8,92.21,0.1752,68.55,5,Repeatable,results/calibration/_staging/encode_parity_CLEAN_nvenc_24c_2026-09-06.json,"fixed ABR-ladder rung (typical per-resolution bitrate); pass 1 of 2; clean protocol: active wait-for-idle (not a flat 10s sleep), baseline_elevated persisted, page cache evicted per row"
clean_abr_ladder_typical_2026-09-06,RTX 5080 NVENC,"v0.6.1 (default model, explicit override 2026-09-06)",bbb_120s,high (SI~33/TI~6),h264,gpu_baseline,gpu,ladder,540,1600,1612.8,86.55,0.1309,79.71,7,Repeatable,results/calibration/_staging/encode_parity_CLEAN_nvenc_24c_2026-09-06.json,"fixed ABR-ladder rung (typical per-resolution bitrate); pass 1 of 2; clean protocol: active wait-for-idle (not a flat 10s sleep), baseline_elevated persisted, page cache evicted per row"
clean_abr_ladder_typical_2026-09-06,"Ryzen 9 7900 (24c CPU, libx264/libx265/libsvtav1)","v0.6.1 (default model, explicit override 2026-09-06)",bbb_120s,high (SI~33/TI~6),h264,cpu,cpu,ladder,480,1100,1216.1,91.33,0.1724,71.48,5,Repeatable,results/calibration/_staging/encode_parity_CLEAN_nvenc_24c_2026-09-06.json,"fixed ABR-ladder rung (typical per-resolution bitrate); pass 1 of 2; clean protocol: active wait-for-idle (not a flat 10s sleep), baseline_elevated persisted, page cache evicted per row"
clean_abr_ladder_typical_2026-09-06,RTX 5080 NVENC,"v0.6.1 (default model, explicit override 2026-09-06)",bbb_120s,high (SI~33/TI~6),h264,gpu_baseline,gpu,ladder,480,1100,1110.0,82.81,0.1215,74.32,7,Repeatable,results/calibration/_staging/encode_parity_CLEAN_nvenc_24c_2026-09-06.json,"fixed ABR-ladder rung (typical per-resolution bitrate); pass 1 of 2; clean protocol: active wait-for-idle (not a flat 10s sleep), baseline_elevated persisted, page cache evicted per row"
clean_abr_ladder_typical_2026-09-06,"Ryzen 9 7900 (24c CPU, libx264/libx265/libsvtav1)","v0.6.1 (default model, explicit override 2026-09-06)",bbb_120s,high (SI~33/TI~6),h264,cpu,cpu,ladder,360,800,875.9,92.19,0.1417,65.95,6,Repeatable,results/calibration/_staging/encode_parity_CLEAN_nvenc_24c_2026-09-06.json,"fixed ABR-ladder rung (typical per-resolution bitrate); pass 1 of 2; clean protocol: active wait-for-idle (not a flat 10s sleep), baseline_elevated persisted, page cache evicted per row"
clean_abr_ladder_typical_2026-09-06,RTX 5080 NVENC,"v0.6.1 (default model, explicit override 2026-09-06)",bbb_120s,high (SI~33/TI~6),h264,gpu_baseline,gpu,ladder,360,800,809.3,82.71,0.1159,71.26,7,Repeatable,results/calibration/_staging/encode_parity_CLEAN_nvenc_24c_2026-09-06.json,"fixed ABR-ladder rung (typical per-resolution bitrate); pass 1 of 2; clean protocol: active wait-for-idle (not a flat 10s sleep), baseline_elevated persisted, page cache evicted per row"
clean_abr_ladder_typical_2026-09-06,"Ryzen 9 7900 (24c CPU, libx264/libx265/libsvtav1)","v0.6.1 (default model, explicit override 2026-09-06)",bbb_120s,high (SI~33/TI~6),h265,cpu,cpu,ladder,720,1700,2030.1,91.11,0.4024,63.53,2,Repeatable,results/calibration/_staging/encode_parity_CLEAN_nvenc_24c_2026-09-06.json,"fixed ABR-ladder rung (typical per-resolution bitrate); pass 1 of 2; clean protocol: active wait-for-idle (not a flat 10s sleep), baseline_elevated persisted, page cache evicted per row"
clean_abr_ladder_typical_2026-09-06,RTX 5080 NVENC,"v0.6.1 (default model, explicit override 2026-09-06)",bbb_120s,high (SI~33/TI~6),h265,gpu_baseline,gpu,ladder,720,1700,1596.7,83.59,0.127,77.28,7,Repeatable,results/calibration/_staging/encode_parity_CLEAN_nvenc_24c_2026-09-06.json,"fixed ABR-ladder rung (typical per-resolution bitrate); pass 1 of 2; clean protocol: active wait-for-idle (not a flat 10s sleep), baseline_elevated persisted, page cache evicted per row"
clean_abr_ladder_typical_2026-09-06,"Ryzen 9 7900 (24c CPU, libx264/libx265/libsvtav1)","v0.6.1 (default model, explicit override 2026-09-06)",bbb_120s,high (SI~33/TI~6),h265,cpu,cpu,ladder,540,950,1117.9,90.11,0.3249,67.48,3,Repeatable,results/calibration/_staging/encode_parity_CLEAN_nvenc_24c_2026-09-06.json,"fixed ABR-ladder rung (typical per-resolution bitrate); pass 1 of 2; clean protocol: active wait-for-idle (not a flat 10s sleep), baseline_elevated persisted, page cache evicted per row"
clean_abr_ladder_typical_2026-09-06,RTX 5080 NVENC,"v0.6.1 (default model, explicit override 2026-09-06)",bbb_120s,high (SI~33/TI~6),h265,gpu_baseline,gpu,ladder,540,950,894.2,83.2,0.1254,77.43,7,Repeatable,results/calibration/_staging/encode_parity_CLEAN_nvenc_24c_2026-09-06.json,"fixed ABR-ladder rung (typical per-resolution bitrate); pass 1 of 2; clean protocol: active wait-for-idle (not a flat 10s sleep), baseline_elevated persisted, page cache evicted per row"
clean_abr_ladder_typical_2026-09-06,"Ryzen 9 7900 (24c CPU, libx264/libx265/libsvtav1)","v0.6.1 (default model, explicit override 2026-09-06)",bbb_120s,high (SI~33/TI~6),h265,cpu,cpu,ladder,480,650,757.3,88.98,0.2738,65.42,3,Repeatable,results/calibration/_staging/encode_parity_CLEAN_nvenc_24c_2026-09-06.json,"fixed ABR-ladder rung (typical per-resolution bitrate); pass 1 of 2; clean protocol: active wait-for-idle (not a flat 10s sleep), baseline_elevated persisted, page cache evicted per row"
clean_abr_ladder_typical_2026-09-06,RTX 5080 NVENC,"v0.6.1 (default model, explicit override 2026-09-06)",bbb_120s,high (SI~33/TI~6),h265,gpu_baseline,gpu,ladder,480,650,619.9,79.08,0.1235,76.27,7,Repeatable,results/calibration/_staging/encode_parity_CLEAN_nvenc_24c_2026-09-06.json,"fixed ABR-ladder rung (typical per-resolution bitrate); pass 1 of 2; clean protocol: active wait-for-idle (not a flat 10s sleep), baseline_elevated persisted, page cache evicted per row"
clean_abr_ladder_typical_2026-09-06,"Ryzen 9 7900 (24c CPU, libx264/libx265/libsvtav1)","v0.6.1 (default model, explicit override 2026-09-06)",bbb_120s,high (SI~33/TI~6),h265,cpu,cpu,ladder,360,500,584.8,90.5,0.2296,66.37,4,Repeatable,results/calibration/_staging/encode_parity_CLEAN_nvenc_24c_2026-09-06.json,"fixed ABR-ladder rung (typical per-resolution bitrate); pass 1 of 2; clean protocol: active wait-for-idle (not a flat 10s sleep), baseline_elevated persisted, page cache evicted per row"
clean_abr_ladder_typical_2026-09-06,RTX 5080 NVENC,"v0.6.1 (default model, explicit override 2026-09-06)",bbb_120s,high (SI~33/TI~6),h265,gpu_baseline,gpu,ladder,360,500,485.4,79.33,0.1272,77.82,7,Repeatable,results/calibration/_staging/encode_parity_CLEAN_nvenc_24c_2026-09-06.json,"fixed ABR-ladder rung (typical per-resolution bitrate); pass 1 of 2; clean protocol: active wait-for-idle (not a flat 10s sleep), baseline_elevated persisted, page cache evicted per row"
clean_abr_ladder_typical_2026-09-06,"Ryzen 9 7900 (24c CPU, libx264/libx265/libsvtav1)","v0.6.1 (default model, explicit override 2026-09-06)",bbb_120s,high (SI~33/TI~6),av1,cpu,cpu,ladder,720,1400,1396.2,94.09,0.3115,65.97,3,Repeatable,results/calibration/_staging/encode_parity_CLEAN_nvenc_24c_2026-09-06.json,"fixed ABR-ladder rung (typical per-resolution bitrate); pass 1 of 2; clean protocol: active wait-for-idle (not a flat 10s sleep), baseline_elevated persisted, page cache evicted per row"
clean_abr_ladder_typical_2026-09-06,RTX 5080 NVENC,"v0.6.1 (default model, explicit override 2026-09-06)",bbb_120s,high (SI~33/TI~6),av1,gpu_baseline,gpu,ladder,720,1400,1447.0,85.27,0.139,85.0,7,Repeatable,results/calibration/_staging/encode_parity_CLEAN_nvenc_24c_2026-09-06.json,"fixed ABR-ladder rung (typical per-resolution bitrate); pass 1 of 2; clean protocol: active wait-for-idle (not a flat 10s sleep), baseline_elevated persisted, page cache evicted per row"
clean_abr_ladder_typical_2026-09-06,"Ryzen 9 7900 (24c CPU, libx264/libx265/libsvtav1)","v0.6.1 (default model, explicit override 2026-09-06)",bbb_120s,high (SI~33/TI~6),av1,cpu,cpu,ladder,540,800,790.3,93.71,0.2356,66.0,4,Repeatable,results/calibration/_staging/encode_parity_CLEAN_nvenc_24c_2026-09-06.json,"fixed ABR-ladder rung (typical per-resolution bitrate); pass 1 of 2; clean protocol: active wait-for-idle (not a flat 10s sleep), baseline_elevated persisted, page cache evicted per row"
clean_abr_ladder_typical_2026-09-06,RTX 5080 NVENC,"v0.6.1 (default model, explicit override 2026-09-06)",bbb_120s,high (SI~33/TI~6),av1,gpu_baseline,gpu,ladder,540,800,833.7,84.88,0.1269,78.03,7,Repeatable,results/calibration/_staging/encode_parity_CLEAN_nvenc_24c_2026-09-06.json,"fixed ABR-ladder rung (typical per-resolution bitrate); pass 1 of 2; clean protocol: active wait-for-idle (not a flat 10s sleep), baseline_elevated persisted, page cache evicted per row"
clean_abr_ladder_typical_2026-09-06,"Ryzen 9 7900 (24c CPU, libx264/libx265/libsvtav1)","v0.6.1 (default model, explicit override 2026-09-06)",bbb_120s,high (SI~33/TI~6),av1,cpu,cpu,ladder,480,550,545.7,92.76,0.2157,67.24,4,Repeatable,results/calibration/_staging/encode_parity_CLEAN_nvenc_24c_2026-09-06.json,"fixed ABR-ladder rung (typical per-resolution bitrate); pass 1 of 2; clean protocol: active wait-for-idle (not a flat 10s sleep), baseline_elevated persisted, page cache evicted per row"
clean_abr_ladder_typical_2026-09-06,RTX 5080 NVENC,"v0.6.1 (default model, explicit override 2026-09-06)",bbb_120s,high (SI~33/TI~6),av1,gpu_baseline,gpu,ladder,480,550,565.3,80.28,0.1244,76.84,7,Repeatable,results/calibration/_staging/encode_parity_CLEAN_nvenc_24c_2026-09-06.json,"fixed ABR-ladder rung (typical per-resolution bitrate); pass 1 of 2; clean protocol: active wait-for-idle (not a flat 10s sleep), baseline_elevated persisted, page cache evicted per row"
clean_abr_ladder_typical_2026-09-06,"Ryzen 9 7900 (24c CPU, libx264/libx265/libsvtav1)","v0.6.1 (default model, explicit override 2026-09-06)",bbb_120s,high (SI~33/TI~6),av1,cpu,cpu,ladder,360,400,399.0,93.82,0.174,67.52,5,Repeatable,results/calibration/_staging/encode_parity_CLEAN_nvenc_24c_2026-09-06.json,"fixed ABR-ladder rung (typical per-resolution bitrate); pass 1 of 2; clean protocol: active wait-for-idle (not a flat 10s sleep), baseline_elevated persisted, page cache evicted per row"
clean_abr_ladder_typical_2026-09-06,RTX 5080 NVENC,"v0.6.1 (default model, explicit override 2026-09-06)",bbb_120s,high (SI~33/TI~6),av1,gpu_baseline,gpu,ladder,360,400,419.5,80.46,0.1297,80.09,7,Repeatable,results/calibration/_staging/encode_parity_CLEAN_nvenc_24c_2026-09-06.json,"fixed ABR-ladder rung (typical per-resolution bitrate); pass 1 of 2; clean protocol: active wait-for-idle (not a flat 10s sleep), baseline_elevated persisted, page cache evicted per row"
clean_abr_ladder_typical_2026-09-06,"Ryzen 9 7900 (24c CPU, libx264/libx265/libsvtav1)","v0.6.1 (default model, explicit override 2026-09-06)",readysetgo_30s,"sport (SI~38.5/TI~40.4, measured 2026-08-28)",h264,cpu,cpu,ladder,720,2800,2831.6,88.43,0.3799,67.7,2,Repeatable,results/calibration/_staging/encode_parity_CLEAN_nvenc_24c_2026-09-06.json,"fixed ABR-ladder rung (typical per-resolution bitrate); pass 1 of 2; clean protocol: active wait-for-idle (not a flat 10s sleep), baseline_elevated persisted, page cache evicted per row"
clean_abr_ladder_typical_2026-09-06,RTX 5080 NVENC,"v0.6.1 (default model, explicit override 2026-09-06)",readysetgo_30s,"sport (SI~38.5/TI~40.4, measured 2026-08-28)",h264,gpu_baseline,gpu,ladder,720,2800,2814.8,87.37,0.1663,49.9,4,Repeatable,results/calibration/_staging/encode_parity_CLEAN_nvenc_24c_2026-09-06.json,"fixed ABR-ladder rung (typical per-resolution bitrate); pass 1 of 2; clean protocol: active wait-for-idle (not a flat 10s sleep), baseline_elevated persisted, page cache evicted per row"
clean_abr_ladder_typical_2026-09-06,"Ryzen 9 7900 (24c CPU, libx264/libx265/libsvtav1)","v0.6.1 (default model, explicit override 2026-09-06)",readysetgo_30s,"sport (SI~38.5/TI~40.4, measured 2026-08-28)",h264,cpu,cpu,ladder,540,1600,1616.7,82.99,0.3178,66.51,3,Repeatable,results/calibration/_staging/encode_parity_CLEAN_nvenc_24c_2026-09-06.json,"fixed ABR-ladder rung (typical per-resolution bitrate); pass 1 of 2; clean protocol: active wait-for-idle (not a flat 10s sleep), baseline_elevated persisted, page cache evicted per row"
clean_abr_ladder_typical_2026-09-06,RTX 5080 NVENC,"v0.6.1 (default model, explicit override 2026-09-06)",readysetgo_30s,"sport (SI~38.5/TI~40.4, measured 2026-08-28)",h264,gpu_baseline,gpu,ladder,540,1600,1617.3,81.24,0.1635,49.04,4,Repeatable,results/calibration/_staging/encode_parity_CLEAN_nvenc_24c_2026-09-06.json,"fixed ABR-ladder rung (typical per-resolution bitrate); pass 1 of 2; clean protocol: active wait-for-idle (not a flat 10s sleep), baseline_elevated persisted, page cache evicted per row"
clean_abr_ladder_typical_2026-09-06,"Ryzen 9 7900 (24c CPU, libx264/libx265/libsvtav1)","v0.6.1 (default model, explicit override 2026-09-06)",readysetgo_30s,"sport (SI~38.5/TI~40.4, measured 2026-08-28)",h264,cpu,cpu,ladder,480,1100,1111.3,75.64,0.3184,68.78,3,Repeatable,results/calibration/_staging/encode_parity_CLEAN_nvenc_24c_2026-09-06.json,"fixed ABR-ladder rung (typical per-resolution bitrate); pass 1 of 2; clean protocol: active wait-for-idle (not a flat 10s sleep), baseline_elevated persisted, page cache evicted per row"
clean_abr_ladder_typical_2026-09-06,RTX 5080 NVENC,"v0.6.1 (default model, explicit override 2026-09-06)",readysetgo_30s,"sport (SI~38.5/TI~40.4, measured 2026-08-28)",h264,gpu_baseline,gpu,ladder,480,1100,1110.3,73.29,0.1605,48.35,4,Repeatable,results/calibration/_staging/encode_parity_CLEAN_nvenc_24c_2026-09-06.json,"fixed ABR-ladder rung (typical per-resolution bitrate); pass 1 of 2; clean protocol: active wait-for-idle (not a flat 10s sleep), baseline_elevated persisted, page cache evicted per row"
clean_abr_ladder_typical_2026-09-06,"Ryzen 9 7900 (24c CPU, libx264/libx265/libsvtav1)","v0.6.1 (default model, explicit override 2026-09-06)",readysetgo_30s,"sport (SI~38.5/TI~40.4, measured 2026-08-28)",h264,cpu,cpu,ladder,360,800,808.8,78.64,0.3028,68.99,3,Repeatable,results/calibration/_staging/encode_parity_CLEAN_nvenc_24c_2026-09-06.json,"fixed ABR-ladder rung (typical per-resolution bitrate); pass 1 of 2; clean protocol: active wait-for-idle (not a flat 10s sleep), baseline_elevated persisted, page cache evicted per row"
clean_abr_ladder_typical_2026-09-06,RTX 5080 NVENC,"v0.6.1 (default model, explicit override 2026-09-06)",readysetgo_30s,"sport (SI~38.5/TI~40.4, measured 2026-08-28)",h264,gpu_baseline,gpu,ladder,360,800,809.1,75.12,0.166,49.8,4,Repeatable,results/calibration/_staging/encode_parity_CLEAN_nvenc_24c_2026-09-06.json,"fixed ABR-ladder rung (typical per-resolution bitrate); pass 1 of 2; clean protocol: active wait-for-idle (not a flat 10s sleep), baseline_elevated persisted, page cache evicted per row"
clean_abr_ladder_typical_2026-09-06,"Ryzen 9 7900 (24c CPU, libx264/libx265/libsvtav1)","v0.6.1 (default model, explicit override 2026-09-06)",readysetgo_30s,"sport (SI~38.5/TI~40.4, measured 2026-08-28)",h265,cpu,cpu,ladder,720,1700,1729.5,82.34,0.6938,69.96,2,Repeatable,results/calibration/_staging/encode_parity_CLEAN_nvenc_24c_2026-09-06.json,"fixed ABR-ladder rung (typical per-resolution bitrate); pass 1 of 2; clean protocol: active wait-for-idle (not a flat 10s sleep), baseline_elevated persisted, page cache evicted per row"
clean_abr_ladder_typical_2026-09-06,RTX 5080 NVENC,"v0.6.1 (default model, explicit override 2026-09-06)",readysetgo_30s,"sport (SI~38.5/TI~40.4, measured 2026-08-28)",h265,gpu_baseline,gpu,ladder,720,1700,1709.8,79.42,0.1691,50.72,4,Repeatable,results/calibration/_staging/encode_parity_CLEAN_nvenc_24c_2026-09-06.json,"fixed ABR-ladder rung (typical per-resolution bitrate); pass 1 of 2; clean protocol: active wait-for-idle (not a flat 10s sleep), baseline_elevated persisted, page cache evicted per row"
clean_abr_ladder_typical_2026-09-06,"Ryzen 9 7900 (24c CPU, libx264/libx265/libsvtav1)","v0.6.1 (default model, explicit override 2026-09-06)",readysetgo_30s,"sport (SI~38.5/TI~40.4, measured 2026-08-28)",h265,cpu,cpu,ladder,540,950,965.7,76.02,0.5344,69.2,2,Repeatable,results/calibration/_staging/encode_parity_CLEAN_nvenc_24c_2026-09-06.json,"fixed ABR-ladder rung (typical per-resolution bitrate); pass 1 of 2; clean protocol: active wait-for-idle (not a flat 10s sleep), baseline_elevated persisted, page cache evicted per row"
clean_abr_ladder_typical_2026-09-06,RTX 5080 NVENC,"v0.6.1 (default model, explicit override 2026-09-06)",readysetgo_30s,"sport (SI~38.5/TI~40.4, measured 2026-08-28)",h265,gpu_baseline,gpu,ladder,540,950,953.8,72.42,0.1673,50.41,4,Repeatable,results/calibration/_staging/encode_parity_CLEAN_nvenc_24c_2026-09-06.json,"fixed ABR-ladder rung (typical per-resolution bitrate); pass 1 of 2; clean protocol: active wait-for-idle (not a flat 10s sleep), baseline_elevated persisted, page cache evicted per row"
clean_abr_ladder_typical_2026-09-06,"Ryzen 9 7900 (24c CPU, libx264/libx265/libsvtav1)","v0.6.1 (default model, explicit override 2026-09-06)",readysetgo_30s,"sport (SI~38.5/TI~40.4, measured 2026-08-28)",h265,cpu,cpu,ladder,480,650,660.6,69.54,0.4599,67.86,2,Repeatable,results/calibration/_staging/encode_parity_CLEAN_nvenc_24c_2026-09-06.json,"fixed ABR-ladder rung (typical per-resolution bitrate); pass 1 of 2; clean protocol: active wait-for-idle (not a flat 10s sleep), baseline_elevated persisted, page cache evicted per row"
clean_abr_ladder_typical_2026-09-06,RTX 5080 NVENC,"v0.6.1 (default model, explicit override 2026-09-06)",readysetgo_30s,"sport (SI~38.5/TI~40.4, measured 2026-08-28)",h265,gpu_baseline,gpu,ladder,480,650,658.4,65.42,0.1683,50.5,4,Repeatable,results/calibration/_staging/encode_parity_CLEAN_nvenc_24c_2026-09-06.json,"fixed ABR-ladder rung (typical per-resolution bitrate); pass 1 of 2; clean protocol: active wait-for-idle (not a flat 10s sleep), baseline_elevated persisted, page cache evicted per row"
clean_abr_ladder_typical_2026-09-06,"Ryzen 9 7900 (24c CPU, libx264/libx265/libsvtav1)","v0.6.1 (default model, explicit override 2026-09-06)",readysetgo_30s,"sport (SI~38.5/TI~40.4, measured 2026-08-28)",h265,cpu,cpu,ladder,360,500,508.9,71.34,0.3809,67.21,2,Repeatable,results/calibration/_staging/encode_parity_CLEAN_nvenc_24c_2026-09-06.json,"fixed ABR-ladder rung (typical per-resolution bitrate); pass 1 of 2; clean protocol: active wait-for-idle (not a flat 10s sleep), baseline_elevated persisted, page cache evicted per row"
clean_abr_ladder_typical_2026-09-06,RTX 5080 NVENC,"v0.6.1 (default model, explicit override 2026-09-06)",readysetgo_30s,"sport (SI~38.5/TI~40.4, measured 2026-08-28)",h265,gpu_baseline,gpu,ladder,360,500,506.6,66.96,0.158,47.42,4,Repeatable,results/calibration/_staging/encode_parity_CLEAN_nvenc_24c_2026-09-06.json,"fixed ABR-ladder rung (typical per-resolution bitrate); pass 1 of 2; clean protocol: active wait-for-idle (not a flat 10s sleep), baseline_elevated persisted, page cache evicted per row"
clean_abr_ladder_typical_2026-09-06,"Ryzen 9 7900 (24c CPU, libx264/libx265/libsvtav1)","v0.6.1 (default model, explicit override 2026-09-06)",readysetgo_30s,"sport (SI~38.5/TI~40.4, measured 2026-08-28)",av1,cpu,cpu,ladder,720,1400,1345.8,78.51,0.3736,65.93,2,Repeatable,results/calibration/_staging/encode_parity_CLEAN_nvenc_24c_2026-09-06.json,"fixed ABR-ladder rung (typical per-resolution bitrate); pass 1 of 2; clean protocol: active wait-for-idle (not a flat 10s sleep), baseline_elevated persisted, page cache evicted per row"
clean_abr_ladder_typical_2026-09-06,RTX 5080 NVENC,"v0.6.1 (default model, explicit override 2026-09-06)",readysetgo_30s,"sport (SI~38.5/TI~40.4, measured 2026-08-28)",av1,gpu_baseline,gpu,ladder,720,1400,1425.8,77.11,0.1719,51.34,4,Repeatable,results/calibration/_staging/encode_parity_CLEAN_nvenc_24c_2026-09-06.json,"fixed ABR-ladder rung (typical per-resolution bitrate); pass 1 of 2; clean protocol: active wait-for-idle (not a flat 10s sleep), baseline_elevated persisted, page cache evicted per row"
clean_abr_ladder_typical_2026-09-06,"Ryzen 9 7900 (24c CPU, libx264/libx265/libsvtav1)","v0.6.1 (default model, explicit override 2026-09-06)",readysetgo_30s,"sport (SI~38.5/TI~40.4, measured 2026-08-28)",av1,cpu,cpu,ladder,540,800,613.1,68.88,0.3503,68.79,3,Repeatable,results/calibration/_staging/encode_parity_CLEAN_nvenc_24c_2026-09-06.json,"fixed ABR-ladder rung (typical per-resolution bitrate); pass 1 of 2; clean protocol: active wait-for-idle (not a flat 10s sleep), baseline_elevated persisted, page cache evicted per row"
clean_abr_ladder_typical_2026-09-06,RTX 5080 NVENC,"v0.6.1 (default model, explicit override 2026-09-06)",readysetgo_30s,"sport (SI~38.5/TI~40.4, measured 2026-08-28)",av1,gpu_baseline,gpu,ladder,540,800,819.4,71.09,0.1574,47.02,4,Repeatable,results/calibration/_staging/encode_parity_CLEAN_nvenc_24c_2026-09-06.json,"fixed ABR-ladder rung (typical per-resolution bitrate); pass 1 of 2; clean protocol: active wait-for-idle (not a flat 10s sleep), baseline_elevated persisted, page cache evicted per row"
clean_abr_ladder_typical_2026-09-06,"Ryzen 9 7900 (24c CPU, libx264/libx265/libsvtav1)","v0.6.1 (default model, explicit override 2026-09-06)",readysetgo_30s,"sport (SI~38.5/TI~40.4, measured 2026-08-28)",av1,cpu,cpu,ladder,480,550,410.3,64.05,0.3293,66.86,3,Repeatable,results/calibration/_staging/encode_parity_CLEAN_nvenc_24c_2026-09-06.json,"fixed ABR-ladder rung (typical per-resolution bitrate); pass 1 of 2; clean protocol: active wait-for-idle (not a flat 10s sleep), baseline_elevated persisted, page cache evicted per row"
clean_abr_ladder_typical_2026-09-06,RTX 5080 NVENC,"v0.6.1 (default model, explicit override 2026-09-06)",readysetgo_30s,"sport (SI~38.5/TI~40.4, measured 2026-08-28)",av1,gpu_baseline,gpu,ladder,480,550,556.9,62.83,0.1626,48.97,4,Repeatable,results/calibration/_staging/encode_parity_CLEAN_nvenc_24c_2026-09-06.json,"fixed ABR-ladder rung (typical per-resolution bitrate); pass 1 of 2; clean protocol: active wait-for-idle (not a flat 10s sleep), baseline_elevated persisted, page cache evicted per row"
clean_abr_ladder_typical_2026-09-06,"Ryzen 9 7900 (24c CPU, libx264/libx265/libsvtav1)","v0.6.1 (default model, explicit override 2026-09-06)",readysetgo_30s,"sport (SI~38.5/TI~40.4, measured 2026-08-28)",av1,cpu,cpu,ladder,360,400,316.6,65.55,0.3053,67.02,3,Repeatable,results/calibration/_staging/encode_parity_CLEAN_nvenc_24c_2026-09-06.json,"fixed ABR-ladder rung (typical per-resolution bitrate); pass 1 of 2; clean protocol: active wait-for-idle (not a flat 10s sleep), baseline_elevated persisted, page cache evicted per row"
clean_abr_ladder_typical_2026-09-06,RTX 5080 NVENC,"v0.6.1 (default model, explicit override 2026-09-06)",readysetgo_30s,"sport (SI~38.5/TI~40.4, measured 2026-08-28)",av1,gpu_baseline,gpu,ladder,360,400,415.3,65.0,0.1565,47.15,4,Repeatable,results/calibration/_staging/encode_parity_CLEAN_nvenc_24c_2026-09-06.json,"fixed ABR-ladder rung (typical per-resolution bitrate); pass 1 of 2; clean protocol: active wait-for-idle (not a flat 10s sleep), baseline_elevated persisted, page cache evicted per row"
clean_abr_ladder_typical_2026-09-06,"Ryzen 9 7900 (24c CPU, libx264/libx265/libsvtav1)","v0.6.1 (default model, explicit override 2026-09-06)",football_30s,"sport-broadcast (SI~48.3/TI~10.3, measured 2026-09-04)",h264,cpu,cpu,ladder,720,2800,2830.4,85.1,0.2541,69.58,4,Repeatable,results/calibration/_staging/encode_parity_CLEAN_nvenc_24c_2026-09-06.json,"fixed ABR-ladder rung (typical per-resolution bitrate); pass 1 of 2; clean protocol: active wait-for-idle (not a flat 10s sleep), baseline_elevated persisted, page cache evicted per row"
clean_abr_ladder_typical_2026-09-06,RTX 5080 NVENC,"v0.6.1 (default model, explicit override 2026-09-06)",football_30s,"sport-broadcast (SI~48.3/TI~10.3, measured 2026-09-04)",h264,gpu_baseline,gpu,ladder,720,2800,2797.4,82.72,0.1051,60.75,7,Repeatable,results/calibration/_staging/encode_parity_CLEAN_nvenc_24c_2026-09-06.json,"fixed ABR-ladder rung (typical per-resolution bitrate); pass 1 of 2; clean protocol: active wait-for-idle (not a flat 10s sleep), baseline_elevated persisted, page cache evicted per row"
clean_abr_ladder_typical_2026-09-06,"Ryzen 9 7900 (24c CPU, libx264/libx265/libsvtav1)","v0.6.1 (default model, explicit override 2026-09-06)",football_30s,"sport-broadcast (SI~48.3/TI~10.3, measured 2026-09-04)",h264,cpu,cpu,ladder,540,1600,1625.5,83.26,0.191,67.09,4,Repeatable,results/calibration/_staging/encode_parity_CLEAN_nvenc_24c_2026-09-06.json,"fixed ABR-ladder rung (typical per-resolution bitrate); pass 1 of 2; clean protocol: active wait-for-idle (not a flat 10s sleep), baseline_elevated persisted, page cache evicted per row"
clean_abr_ladder_typical_2026-09-06,RTX 5080 NVENC,"v0.6.1 (default model, explicit override 2026-09-06)",football_30s,"sport-broadcast (SI~48.3/TI~10.3, measured 2026-09-04)",h264,gpu_baseline,gpu,ladder,540,1600,1601.4,80.2,0.099,57.47,7,Repeatable,results/calibration/_staging/encode_parity_CLEAN_nvenc_24c_2026-09-06.json,"fixed ABR-ladder rung (typical per-resolution bitrate); pass 1 of 2; clean protocol: active wait-for-idle (not a flat 10s sleep), baseline_elevated persisted, page cache evicted per row"
clean_abr_ladder_typical_2026-09-06,"Ryzen 9 7900 (24c CPU, libx264/libx265/libsvtav1)","v0.6.1 (default model, explicit override 2026-09-06)",football_30s,"sport-broadcast (SI~48.3/TI~10.3, measured 2026-09-04)",h264,cpu,cpu,ladder,480,1100,1123.3,79.9,0.1832,68.72,5,Repeatable,results/calibration/_staging/encode_parity_CLEAN_nvenc_24c_2026-09-06.json,"fixed ABR-ladder rung (typical per-resolution bitrate); pass 1 of 2; clean protocol: active wait-for-idle (not a flat 10s sleep), baseline_elevated persisted, page cache evicted per row"
clean_abr_ladder_typical_2026-09-06,RTX 5080 NVENC,"v0.6.1 (default model, explicit override 2026-09-06)",football_30s,"sport-broadcast (SI~48.3/TI~10.3, measured 2026-09-04)",h264,gpu_baseline,gpu,ladder,480,1100,1100.8,74.66,0.1016,58.98,7,Repeatable,results/calibration/_staging/encode_parity_CLEAN_nvenc_24c_2026-09-06.json,"fixed ABR-ladder rung (typical per-resolution bitrate); pass 1 of 2; clean protocol: active wait-for-idle (not a flat 10s sleep), baseline_elevated persisted, page cache evicted per row"
clean_abr_ladder_typical_2026-09-06,"Ryzen 9 7900 (24c CPU, libx264/libx265/libsvtav1)","v0.6.1 (default model, explicit override 2026-09-06)",football_30s,"sport-broadcast (SI~48.3/TI~10.3, measured 2026-09-04)",h264,cpu,cpu,ladder,360,800,819.0,81.92,0.163,67.62,5,Repeatable,results/calibration/_staging/encode_parity_CLEAN_nvenc_24c_2026-09-06.json,"fixed ABR-ladder rung (typical per-resolution bitrate); pass 1 of 2; clean protocol: active wait-for-idle (not a flat 10s sleep), baseline_elevated persisted, page cache evicted per row"
clean_abr_ladder_typical_2026-09-06,RTX 5080 NVENC,"v0.6.1 (default model, explicit override 2026-09-06)",football_30s,"sport-broadcast (SI~48.3/TI~10.3, measured 2026-09-04)",h264,gpu_baseline,gpu,ladder,360,800,800.7,75.6,0.1023,59.38,7,Repeatable,results/calibration/_staging/encode_parity_CLEAN_nvenc_24c_2026-09-06.json,"fixed ABR-ladder rung (typical per-resolution bitrate); pass 1 of 2; clean protocol: active wait-for-idle (not a flat 10s sleep), baseline_elevated persisted, page cache evicted per row"
clean_abr_ladder_typical_2026-09-06,"Ryzen 9 7900 (24c CPU, libx264/libx265/libsvtav1)","v0.6.1 (default model, explicit override 2026-09-06)",football_30s,"sport-broadcast (SI~48.3/TI~10.3, measured 2026-09-04)",h265,cpu,cpu,ladder,720,1700,1716.5,78.85,0.5104,66.09,2,Repeatable,results/calibration/_staging/encode_parity_CLEAN_nvenc_24c_2026-09-06.json,"fixed ABR-ladder rung (typical per-resolution bitrate); pass 1 of 2; clean protocol: active wait-for-idle (not a flat 10s sleep), baseline_elevated persisted, page cache evicted per row"
clean_abr_ladder_typical_2026-09-06,RTX 5080 NVENC,"v0.6.1 (default model, explicit override 2026-09-06)",football_30s,"sport-broadcast (SI~48.3/TI~10.3, measured 2026-09-04)",h265,gpu_baseline,gpu,ladder,720,1700,1632.4,76.53,0.1218,71.04,7,Repeatable,results/calibration/_staging/encode_parity_CLEAN_nvenc_24c_2026-09-06.json,"fixed ABR-ladder rung (typical per-resolution bitrate); pass 1 of 2; clean protocol: active wait-for-idle (not a flat 10s sleep), baseline_elevated persisted, page cache evicted per row"
clean_abr_ladder_typical_2026-09-06,"Ryzen 9 7900 (24c CPU, libx264/libx265/libsvtav1)","v0.6.1 (default model, explicit override 2026-09-06)",football_30s,"sport-broadcast (SI~48.3/TI~10.3, measured 2026-09-04)",h265,cpu,cpu,ladder,540,950,963.5,75.08,0.3883,68.19,2,Repeatable,results/calibration/_staging/encode_parity_CLEAN_nvenc_24c_2026-09-06.json,"fixed ABR-ladder rung (typical per-resolution bitrate); pass 1 of 2; clean protocol: active wait-for-idle (not a flat 10s sleep), baseline_elevated persisted, page cache evicted per row"
clean_abr_ladder_typical_2026-09-06,RTX 5080 NVENC,"v0.6.1 (default model, explicit override 2026-09-06)",football_30s,"sport-broadcast (SI~48.3/TI~10.3, measured 2026-09-04)",h265,gpu_baseline,gpu,ladder,540,950,919.6,72.81,0.1062,61.94,7,Repeatable,results/calibration/_staging/encode_parity_CLEAN_nvenc_24c_2026-09-06.json,"fixed ABR-ladder rung (typical per-resolution bitrate); pass 1 of 2; clean protocol: active wait-for-idle (not a flat 10s sleep), baseline_elevated persisted, page cache evicted per row"
clean_abr_ladder_typical_2026-09-06,RTX 5080 NVENC,"v0.6.1 (default model, explicit override 2026-09-06)",football_30s,"sport-broadcast (SI~48.3/TI~10.3, measured 2026-09-04)",h265,gpu_baseline,gpu,ladder,480,650,639.4,66.61,0.0986,57.77,7,Repeatable,results/calibration/_staging/encode_parity_CLEAN_nvenc_24c_2026-09-06.json,"fixed ABR-ladder rung (typical per-resolution bitrate); pass 1 of 2; clean protocol: active wait-for-idle (not a flat 10s sleep), baseline_elevated persisted, page cache evicted per row"
clean_abr_ladder_typical_2026-09-06,"Ryzen 9 7900 (24c CPU, libx264/libx265/libsvtav1)","v0.6.1 (default model, explicit override 2026-09-06)",football_30s,"sport-broadcast (SI~48.3/TI~10.3, measured 2026-09-04)",h265,cpu,cpu,ladder,360,500,511.0,73.2,0.2567,66.34,3,Repeatable,results/calibration/_staging/encode_parity_CLEAN_nvenc_24c_2026-09-06.json,"fixed ABR-ladder rung (typical per-resolution bitrate); pass 1 of 2; clean protocol: active wait-for-idle (not a flat 10s sleep), baseline_elevated persisted, page cache evicted per row"
clean_abr_ladder_typical_2026-09-06,RTX 5080 NVENC,"v0.6.1 (default model, explicit override 2026-09-06)",football_30s,"sport-broadcast (SI~48.3/TI~10.3, measured 2026-09-04)",h265,gpu_baseline,gpu,ladder,360,500,496.6,68.44,0.1077,62.84,7,Repeatable,results/calibration/_staging/encode_parity_CLEAN_nvenc_24c_2026-09-06.json,"fixed ABR-ladder rung (typical per-resolution bitrate); pass 1 of 2; clean protocol: active wait-for-idle (not a flat 10s sleep), baseline_elevated persisted, page cache evicted per row"
clean_abr_ladder_typical_2026-09-06,"Ryzen 9 7900 (24c CPU, libx264/libx265/libsvtav1)","v0.6.1 (default model, explicit override 2026-09-06)",football_30s,"sport-broadcast (SI~48.3/TI~10.3, measured 2026-09-04)",av1,cpu,cpu,ladder,720,1400,1411.9,80.19,0.2806,67.34,3,Repeatable,results/calibration/_staging/encode_parity_CLEAN_nvenc_24c_2026-09-06.json,"fixed ABR-ladder rung (typical per-resolution bitrate); pass 1 of 2; clean protocol: active wait-for-idle (not a flat 10s sleep), baseline_elevated persisted, page cache evicted per row"
clean_abr_ladder_typical_2026-09-06,RTX 5080 NVENC,"v0.6.1 (default model, explicit override 2026-09-06)",football_30s,"sport-broadcast (SI~48.3/TI~10.3, measured 2026-09-04)",av1,gpu_baseline,gpu,ladder,720,1400,1430.1,76.67,0.1109,64.08,7,Repeatable,results/calibration/_staging/encode_parity_CLEAN_nvenc_24c_2026-09-06.json,"fixed ABR-ladder rung (typical per-resolution bitrate); pass 1 of 2; clean protocol: active wait-for-idle (not a flat 10s sleep), baseline_elevated persisted, page cache evicted per row"
clean_abr_ladder_typical_2026-09-06,"Ryzen 9 7900 (24c CPU, libx264/libx265/libsvtav1)","v0.6.1 (default model, explicit override 2026-09-06)",football_30s,"sport-broadcast (SI~48.3/TI~10.3, measured 2026-09-04)",av1,cpu,cpu,ladder,540,800,802.0,78.4,0.2249,66.64,4,Repeatable,results/calibration/_staging/encode_parity_CLEAN_nvenc_24c_2026-09-06.json,"fixed ABR-ladder rung (typical per-resolution bitrate); pass 1 of 2; clean protocol: active wait-for-idle (not a flat 10s sleep), baseline_elevated persisted, page cache evicted per row"
clean_abr_ladder_typical_2026-09-06,RTX 5080 NVENC,"v0.6.1 (default model, explicit override 2026-09-06)",football_30s,"sport-broadcast (SI~48.3/TI~10.3, measured 2026-09-04)",av1,gpu_baseline,gpu,ladder,540,800,822.9,73.18,0.1062,61.94,7,Repeatable,results/calibration/_staging/encode_parity_CLEAN_nvenc_24c_2026-09-06.json,"fixed ABR-ladder rung (typical per-resolution bitrate); pass 1 of 2; clean protocol: active wait-for-idle (not a flat 10s sleep), baseline_elevated persisted, page cache evicted per row"
clean_abr_ladder_typical_2026-09-06,"Ryzen 9 7900 (24c CPU, libx264/libx265/libsvtav1)","v0.6.1 (default model, explicit override 2026-09-06)",football_30s,"sport-broadcast (SI~48.3/TI~10.3, measured 2026-09-04)",av1,cpu,cpu,ladder,480,550,551.7,74.41,0.2009,66.68,4,Repeatable,results/calibration/_staging/encode_parity_CLEAN_nvenc_24c_2026-09-06.json,"fixed ABR-ladder rung (typical per-resolution bitrate); pass 1 of 2; clean protocol: active wait-for-idle (not a flat 10s sleep), baseline_elevated persisted, page cache evicted per row"
clean_abr_ladder_typical_2026-09-06,RTX 5080 NVENC,"v0.6.1 (default model, explicit override 2026-09-06)",football_30s,"sport-broadcast (SI~48.3/TI~10.3, measured 2026-09-04)",av1,gpu_baseline,gpu,ladder,480,550,558.6,66.38,0.1038,60.28,7,Repeatable,results/calibration/_staging/encode_parity_CLEAN_nvenc_24c_2026-09-06.json,"fixed ABR-ladder rung (typical per-resolution bitrate); pass 1 of 2; clean protocol: active wait-for-idle (not a flat 10s sleep), baseline_elevated persisted, page cache evicted per row"
clean_abr_ladder_typical_2026-09-06,"Ryzen 9 7900 (24c CPU, libx264/libx265/libsvtav1)","v0.6.1 (default model, explicit override 2026-09-06)",football_30s,"sport-broadcast (SI~48.3/TI~10.3, measured 2026-09-04)",av1,cpu,cpu,ladder,360,400,404.1,76.41,0.1771,66.15,5,Repeatable,results/calibration/_staging/encode_parity_CLEAN_nvenc_24c_2026-09-06.json,"fixed ABR-ladder rung (typical per-resolution bitrate); pass 1 of 2; clean protocol: active wait-for-idle (not a flat 10s sleep), baseline_elevated persisted, page cache evicted per row"
clean_abr_ladder_typical_2026-09-06,RTX 5080 NVENC,"v0.6.1 (default model, explicit override 2026-09-06)",football_30s,"sport-broadcast (SI~48.3/TI~10.3, measured 2026-09-04)",av1,gpu_baseline,gpu,ladder,360,400,416.5,68.08,0.0993,57.95,7,Repeatable,results/calibration/_staging/encode_parity_CLEAN_nvenc_24c_2026-09-06.json,"fixed ABR-ladder rung (typical per-resolution bitrate); pass 1 of 2; clean protocol: active wait-for-idle (not a flat 10s sleep), baseline_elevated persisted, page cache evicted per row"
clean_iso_bitrate_sweep_2026-09-06,"Ryzen 9 7900 (24c CPU, libx264/libx265/libsvtav1)","v0.6.1 (default model, explicit override 2026-09-06)",meridian_120s,low (SI~13/TI~2),h264,cpu,cpu,sweep,1080,3000,2928.1,92.17,0.3505,67.11,3,Repeatable,results/calibration/_staging/encode_parity_CLEAN_nvenc_24c_2026-09-06.json,"measured point; pass 2 of 2; clean protocol: active wait-for-idle (not a flat 10s sleep), baseline_elevated persisted, page cache evicted per row"
clean_iso_bitrate_sweep_2026-09-06,RTX 5080 NVENC,"v0.6.1 (default model, explicit override 2026-09-06)",meridian_120s,low (SI~13/TI~2),h264,gpu_baseline,gpu,sweep,1080,3000,3004.4,91.52,0.112,55.22,6,Repeatable,results/calibration/_staging/encode_parity_CLEAN_nvenc_24c_2026-09-06.json,"measured point; pass 2 of 2; clean protocol: active wait-for-idle (not a flat 10s sleep), baseline_elevated persisted, page cache evicted per row"
clean_iso_bitrate_sweep_2026-09-06,RTX 5080 NVENC,"v0.6.1 (default model, explicit override 2026-09-06)",meridian_120s,low (SI~13/TI~2),h264,gpu_tuned,gpu,sweep,1080,3000,2988.7,90.19,0.201,47.81,3,Repeatable,results/calibration/_staging/encode_parity_CLEAN_nvenc_24c_2026-09-06.json,"measured point; pass 2 of 2; clean protocol: active wait-for-idle (not a flat 10s sleep), baseline_elevated persisted, page cache evicted per row"
clean_iso_bitrate_sweep_2026-09-06,"Ryzen 9 7900 (24c CPU, libx264/libx265/libsvtav1)","v0.6.1 (default model, explicit override 2026-09-06)",meridian_120s,low (SI~13/TI~2),h264,cpu,cpu,sweep,1080,4500,4399.0,93.62,0.3797,65.72,2,Repeatable,results/calibration/_staging/encode_parity_CLEAN_nvenc_24c_2026-09-06.json,"measured point; pass 2 of 2; clean protocol: active wait-for-idle (not a flat 10s sleep), baseline_elevated persisted, page cache evicted per row"
clean_iso_bitrate_sweep_2026-09-06,RTX 5080 NVENC,"v0.6.1 (default model, explicit override 2026-09-06)",meridian_120s,low (SI~13/TI~2),h264,gpu_baseline,gpu,sweep,1080,4500,4488.8,93.5,0.1135,55.98,6,Repeatable,results/calibration/_staging/encode_parity_CLEAN_nvenc_24c_2026-09-06.json,"measured point; pass 2 of 2; clean protocol: active wait-for-idle (not a flat 10s sleep), baseline_elevated persisted, page cache evicted per row"
clean_iso_bitrate_sweep_2026-09-06,RTX 5080 NVENC,"v0.6.1 (default model, explicit override 2026-09-06)",meridian_120s,low (SI~13/TI~2),h264,gpu_tuned,gpu,sweep,1080,4500,4477.2,92.07,0.2074,49.33,3,Repeatable,results/calibration/_staging/encode_parity_CLEAN_nvenc_24c_2026-09-06.json,"measured point; pass 2 of 2; clean protocol: active wait-for-idle (not a flat 10s sleep), baseline_elevated persisted, page cache evicted per row"
clean_iso_bitrate_sweep_2026-09-06,"Ryzen 9 7900 (24c CPU, libx264/libx265/libsvtav1)","v0.6.1 (default model, explicit override 2026-09-06)",meridian_120s,low (SI~13/TI~2),h264,cpu,cpu,sweep,1080,6000,5874.4,94.44,0.4175,66.51,2,Repeatable,results/calibration/_staging/encode_parity_CLEAN_nvenc_24c_2026-09-06.json,"measured point; pass 2 of 2; clean protocol: active wait-for-idle (not a flat 10s sleep), baseline_elevated persisted, page cache evicted per row"
clean_iso_bitrate_sweep_2026-09-06,RTX 5080 NVENC,"v0.6.1 (default model, explicit override 2026-09-06)",meridian_120s,low (SI~13/TI~2),h264,gpu_baseline,gpu,sweep,1080,6000,5990.6,94.26,0.1155,56.96,6,Repeatable,results/calibration/_staging/encode_parity_CLEAN_nvenc_24c_2026-09-06.json,"measured point; pass 2 of 2; clean protocol: active wait-for-idle (not a flat 10s sleep), baseline_elevated persisted, page cache evicted per row"
clean_iso_bitrate_sweep_2026-09-06,RTX 5080 NVENC,"v0.6.1 (default model, explicit override 2026-09-06)",meridian_120s,low (SI~13/TI~2),h264,gpu_tuned,gpu,sweep,1080,6000,5977.4,93.11,0.2145,51.03,3,Repeatable,results/calibration/_staging/encode_parity_CLEAN_nvenc_24c_2026-09-06.json,"measured point; pass 2 of 2; clean protocol: active wait-for-idle (not a flat 10s sleep), baseline_elevated persisted, page cache evicted per row"
clean_iso_bitrate_sweep_2026-09-06,"Ryzen 9 7900 (24c CPU, libx264/libx265/libsvtav1)","v0.6.1 (default model, explicit override 2026-09-06)",meridian_120s,low (SI~13/TI~2),h264,cpu,cpu,sweep,1080,8000,7827.4,95.06,0.4508,66.51,2,Repeatable,results/calibration/_staging/encode_parity_CLEAN_nvenc_24c_2026-09-06.json,"measured point; pass 2 of 2; clean protocol: active wait-for-idle (not a flat 10s sleep), baseline_elevated persisted, page cache evicted per row"
clean_iso_bitrate_sweep_2026-09-06,RTX 5080 NVENC,"v0.6.1 (default model, explicit override 2026-09-06)",meridian_120s,low (SI~13/TI~2),h264,gpu_baseline,gpu,sweep,1080,8000,7988.9,94.77,0.1177,57.51,6,Repeatable,results/calibration/_staging/encode_parity_CLEAN_nvenc_24c_2026-09-06.json,"measured point; pass 2 of 2; clean protocol: active wait-for-idle (not a flat 10s sleep), baseline_elevated persisted, page cache evicted per row"
clean_iso_bitrate_sweep_2026-09-06,RTX 5080 NVENC,"v0.6.1 (default model, explicit override 2026-09-06)",meridian_120s,low (SI~13/TI~2),h264,gpu_tuned,gpu,sweep,1080,8000,7962.7,93.85,0.2109,49.96,3,Repeatable,results/calibration/_staging/encode_parity_CLEAN_nvenc_24c_2026-09-06.json,"measured point; pass 2 of 2; clean protocol: active wait-for-idle (not a flat 10s sleep), baseline_elevated persisted, page cache evicted per row"
clean_iso_bitrate_sweep_2026-09-06,"Ryzen 9 7900 (24c CPU, libx264/libx265/libsvtav1)","v0.6.1 (default model, explicit override 2026-09-06)",meridian_120s,low (SI~13/TI~2),h264,cpu,cpu,sweep,1080,11000,10745.1,95.6,0.5072,69.17,2,Repeatable,results/calibration/_staging/encode_parity_CLEAN_nvenc_24c_2026-09-06.json,"measured point; pass 2 of 2; clean protocol: active wait-for-idle (not a flat 10s sleep), baseline_elevated persisted, page cache evicted per row"
clean_iso_bitrate_sweep_2026-09-06,RTX 5080 NVENC,"v0.6.1 (default model, explicit override 2026-09-06)",meridian_120s,low (SI~13/TI~2),h264,gpu_baseline,gpu,sweep,1080,11000,10976.5,95.22,0.117,56.91,6,Repeatable,results/calibration/_staging/encode_parity_CLEAN_nvenc_24c_2026-09-06.json,"measured point; pass 2 of 2; clean protocol: active wait-for-idle (not a flat 10s sleep), baseline_elevated persisted, page cache evicted per row"
clean_iso_bitrate_sweep_2026-09-06,RTX 5080 NVENC,"v0.6.1 (default model, explicit override 2026-09-06)",meridian_120s,low (SI~13/TI~2),h264,gpu_tuned,gpu,sweep,1080,11000,10942.6,94.47,0.2124,50.3,3,Repeatable,results/calibration/_staging/encode_parity_CLEAN_nvenc_24c_2026-09-06.json,"measured point; pass 2 of 2; clean protocol: active wait-for-idle (not a flat 10s sleep), baseline_elevated persisted, page cache evicted per row"
clean_iso_bitrate_sweep_2026-09-06,"Ryzen 9 7900 (24c CPU, libx264/libx265/libsvtav1)","v0.6.1 (default model, explicit override 2026-09-06)",meridian_120s,low (SI~13/TI~2),h264,cpu,cpu,sweep,1080,13000,12693.0,95.84,0.5265,68.67,2,Repeatable,results/calibration/_staging/encode_parity_CLEAN_nvenc_24c_2026-09-06.json,"measured point; pass 2 of 2; clean protocol: active wait-for-idle (not a flat 10s sleep), baseline_elevated persisted, page cache evicted per row"
clean_iso_bitrate_sweep_2026-09-06,RTX 5080 NVENC,"v0.6.1 (default model, explicit override 2026-09-06)",meridian_120s,low (SI~13/TI~2),h264,gpu_baseline,gpu,sweep,1080,13000,12985.8,95.38,0.1178,57.04,6,Repeatable,results/calibration/_staging/encode_parity_CLEAN_nvenc_24c_2026-09-06.json,"measured point; pass 2 of 2; clean protocol: active wait-for-idle (not a flat 10s sleep), baseline_elevated persisted, page cache evicted per row"
clean_iso_bitrate_sweep_2026-09-06,RTX 5080 NVENC,"v0.6.1 (default model, explicit override 2026-09-06)",meridian_120s,low (SI~13/TI~2),h264,gpu_tuned,gpu,sweep,1080,13000,12934.2,94.74,0.2153,50.54,3,Repeatable,results/calibration/_staging/encode_parity_CLEAN_nvenc_24c_2026-09-06.json,"measured point; pass 2 of 2; clean protocol: active wait-for-idle (not a flat 10s sleep), baseline_elevated persisted, page cache evicted per row"
clean_iso_bitrate_sweep_2026-09-06,"Ryzen 9 7900 (24c CPU, libx264/libx265/libsvtav1)","v0.6.1 (default model, explicit override 2026-09-06)",meridian_120s,low (SI~13/TI~2),h264,cpu,cpu,sweep,1080,15000,14652.1,96.03,0.5228,67.22,2,Repeatable,results/calibration/_staging/encode_parity_CLEAN_nvenc_24c_2026-09-06.json,"measured point; pass 2 of 2; clean protocol: active wait-for-idle (not a flat 10s sleep), baseline_elevated persisted, page cache evicted per row"
clean_iso_bitrate_sweep_2026-09-06,RTX 5080 NVENC,"v0.6.1 (default model, explicit override 2026-09-06)",meridian_120s,low (SI~13/TI~2),h264,gpu_baseline,gpu,sweep,1080,15000,14975.8,95.53,0.1145,55.96,6,Repeatable,results/calibration/_staging/encode_parity_CLEAN_nvenc_24c_2026-09-06.json,"measured point; pass 2 of 2; clean protocol: active wait-for-idle (not a flat 10s sleep), baseline_elevated persisted, page cache evicted per row"
clean_iso_bitrate_sweep_2026-09-06,RTX 5080 NVENC,"v0.6.1 (default model, explicit override 2026-09-06)",meridian_120s,low (SI~13/TI~2),h264,gpu_tuned,gpu,sweep,1080,15000,14925.3,94.94,0.2082,49.31,3,Repeatable,results/calibration/_staging/encode_parity_CLEAN_nvenc_24c_2026-09-06.json,"measured point; pass 2 of 2; clean protocol: active wait-for-idle (not a flat 10s sleep), baseline_elevated persisted, page cache evicted per row"
clean_iso_bitrate_sweep_2026-09-06,"Ryzen 9 7900 (24c CPU, libx264/libx265/libsvtav1)","v0.6.1 (default model, explicit override 2026-09-06)",meridian_120s,low (SI~13/TI~2),h265,cpu,cpu,sweep,1080,1500,1480.6,92.57,0.6067,67.62,2,Repeatable,results/calibration/_staging/encode_parity_CLEAN_nvenc_24c_2026-09-06.json,"measured point; pass 2 of 2; clean protocol: active wait-for-idle (not a flat 10s sleep), baseline_elevated persisted, page cache evicted per row"
clean_iso_bitrate_sweep_2026-09-06,RTX 5080 NVENC,"v0.6.1 (default model, explicit override 2026-09-06)",meridian_120s,low (SI~13/TI~2),h265,gpu_baseline,gpu,sweep,1080,1500,1561.3,88.13,0.1237,54.04,5,Repeatable,results/calibration/_staging/encode_parity_CLEAN_nvenc_24c_2026-09-06.json,"measured point; pass 2 of 2; clean protocol: active wait-for-idle (not a flat 10s sleep), baseline_elevated persisted, page cache evicted per row"
clean_iso_bitrate_sweep_2026-09-06,RTX 5080 NVENC,"v0.6.1 (default model, explicit override 2026-09-06)",meridian_120s,low (SI~13/TI~2),h265,gpu_tuned,gpu,sweep,1080,1500,1524.3,88.73,0.3652,45.81,2,Repeatable,results/calibration/_staging/encode_parity_CLEAN_nvenc_24c_2026-09-06.json,"measured point; pass 2 of 2; clean protocol: active wait-for-idle (not a flat 10s sleep), baseline_elevated persisted, page cache evicted per row"
clean_iso_bitrate_sweep_2026-09-06,"Ryzen 9 7900 (24c CPU, libx264/libx265/libsvtav1)","v0.6.1 (default model, explicit override 2026-09-06)",meridian_120s,low (SI~13/TI~2),h265,cpu,cpu,sweep,1080,2500,2464.3,93.83,0.672,69.12,2,Repeatable,results/calibration/_staging/encode_parity_CLEAN_nvenc_24c_2026-09-06.json,"measured point; pass 2 of 2; clean protocol: active wait-for-idle (not a flat 10s sleep), baseline_elevated persisted, page cache evicted per row"
clean_iso_bitrate_sweep_2026-09-06,RTX 5080 NVENC,"v0.6.1 (default model, explicit override 2026-09-06)",meridian_120s,low (SI~13/TI~2),h265,gpu_baseline,gpu,sweep,1080,2500,2554.7,91.15,0.1222,53.4,5,Repeatable,results/calibration/_staging/encode_parity_CLEAN_nvenc_24c_2026-09-06.json,"measured point; pass 2 of 2; clean protocol: active wait-for-idle (not a flat 10s sleep), baseline_elevated persisted, page cache evicted per row"
clean_iso_bitrate_sweep_2026-09-06,RTX 5080 NVENC,"v0.6.1 (default model, explicit override 2026-09-06)",meridian_120s,low (SI~13/TI~2),h265,gpu_tuned,gpu,sweep,1080,2500,2494.1,91.87,0.4029,50.72,2,Repeatable,results/calibration/_staging/encode_parity_CLEAN_nvenc_24c_2026-09-06.json,"measured point; pass 2 of 2; clean protocol: active wait-for-idle (not a flat 10s sleep), baseline_elevated persisted, page cache evicted per row"
clean_iso_bitrate_sweep_2026-09-06,RTX 5080 NVENC,"v0.6.1 (default model, explicit override 2026-09-06)",meridian_120s,low (SI~13/TI~2),h265,gpu_tuned,gpu,sweep,1080,3500,3493.2,92.8,0.3613,45.48,2,Repeatable,results/calibration/_staging/encode_parity_CLEAN_nvenc_24c_2026-09-06.json,"measured point; pass 2 of 2; clean protocol: active wait-for-idle (not a flat 10s sleep), baseline_elevated persisted, page cache evicted per row"
clean_iso_bitrate_sweep_2026-09-06,"Ryzen 9 7900 (24c CPU, libx264/libx265/libsvtav1)","v0.6.1 (default model, explicit override 2026-09-06)",meridian_120s,low (SI~13/TI~2),h265,cpu,cpu,sweep,1080,5000,4925.9,95.0,0.773,66.57,1,Repeatable,results/calibration/_staging/encode_parity_CLEAN_nvenc_24c_2026-09-06.json,"measured point; pass 2 of 2; clean protocol: active wait-for-idle (not a flat 10s sleep), baseline_elevated persisted, page cache evicted per row"
clean_iso_bitrate_sweep_2026-09-06,RTX 5080 NVENC,"v0.6.1 (default model, explicit override 2026-09-06)",meridian_120s,low (SI~13/TI~2),h265,gpu_baseline,gpu,sweep,1080,5000,4994.6,93.96,0.1273,55.35,5,Repeatable,results/calibration/_staging/encode_parity_CLEAN_nvenc_24c_2026-09-06.json,"measured point; pass 2 of 2; clean protocol: active wait-for-idle (not a flat 10s sleep), baseline_elevated persisted, page cache evicted per row"
clean_iso_bitrate_sweep_2026-09-06,RTX 5080 NVENC,"v0.6.1 (default model, explicit override 2026-09-06)",meridian_120s,low (SI~13/TI~2),h265,gpu_tuned,gpu,sweep,1080,5000,4966.7,93.53,0.3668,46.17,2,Repeatable,results/calibration/_staging/encode_parity_CLEAN_nvenc_24c_2026-09-06.json,"measured point; pass 2 of 2; clean protocol: active wait-for-idle (not a flat 10s sleep), baseline_elevated persisted, page cache evicted per row"
clean_iso_bitrate_sweep_2026-09-06,"Ryzen 9 7900 (24c CPU, libx264/libx265/libsvtav1)","v0.6.1 (default model, explicit override 2026-09-06)",meridian_120s,low (SI~13/TI~2),h265,cpu,cpu,sweep,1080,7000,6888.8,95.45,0.858,67.44,1,Repeatable,results/calibration/_staging/encode_parity_CLEAN_nvenc_24c_2026-09-06.json,"measured point; pass 2 of 2; clean protocol: active wait-for-idle (not a flat 10s sleep), baseline_elevated persisted, page cache evicted per row"
clean_iso_bitrate_sweep_2026-09-06,RTX 5080 NVENC,"v0.6.1 (default model, explicit override 2026-09-06)",meridian_120s,low (SI~13/TI~2),h265,gpu_baseline,gpu,sweep,1080,7000,6880.1,94.47,0.126,54.53,5,Repeatable,results/calibration/_staging/encode_parity_CLEAN_nvenc_24c_2026-09-06.json,"measured point; pass 2 of 2; clean protocol: active wait-for-idle (not a flat 10s sleep), baseline_elevated persisted, page cache evicted per row"
clean_iso_bitrate_sweep_2026-09-06,RTX 5080 NVENC,"v0.6.1 (default model, explicit override 2026-09-06)",meridian_120s,low (SI~13/TI~2),h265,gpu_tuned,gpu,sweep,1080,7000,6952.5,94.06,0.3709,46.53,2,Repeatable,results/calibration/_staging/encode_parity_CLEAN_nvenc_24c_2026-09-06.json,"measured point; pass 2 of 2; clean protocol: active wait-for-idle (not a flat 10s sleep), baseline_elevated persisted, page cache evicted per row"
clean_iso_bitrate_sweep_2026-09-06,"Ryzen 9 7900 (24c CPU, libx264/libx265/libsvtav1)","v0.6.1 (default model, explicit override 2026-09-06)",meridian_120s,low (SI~13/TI~2),h265,cpu,cpu,sweep,1080,8500,8360.7,95.7,0.9148,67.48,1,Repeatable,results/calibration/_staging/encode_parity_CLEAN_nvenc_24c_2026-09-06.json,"measured point; pass 2 of 2; clean protocol: active wait-for-idle (not a flat 10s sleep), baseline_elevated persisted, page cache evicted per row"
clean_iso_bitrate_sweep_2026-09-06,RTX 5080 NVENC,"v0.6.1 (default model, explicit override 2026-09-06)",meridian_120s,low (SI~13/TI~2),h265,gpu_baseline,gpu,sweep,1080,8500,8365.9,94.75,0.1266,55.31,5,Repeatable,results/calibration/_staging/encode_parity_CLEAN_nvenc_24c_2026-09-06.json,"measured point; pass 2 of 2; clean protocol: active wait-for-idle (not a flat 10s sleep), baseline_elevated persisted, page cache evicted per row"
clean_iso_bitrate_sweep_2026-09-06,RTX 5080 NVENC,"v0.6.1 (default model, explicit override 2026-09-06)",meridian_120s,low (SI~13/TI~2),h265,gpu_tuned,gpu,sweep,1080,8500,8457.9,94.32,0.3588,45.16,2,Repeatable,results/calibration/_staging/encode_parity_CLEAN_nvenc_24c_2026-09-06.json,"measured point; pass 2 of 2; clean protocol: active wait-for-idle (not a flat 10s sleep), baseline_elevated persisted, page cache evicted per row"
clean_iso_bitrate_sweep_2026-09-06,"Ryzen 9 7900 (24c CPU, libx264/libx265/libsvtav1)","v0.6.1 (default model, explicit override 2026-09-06)",meridian_120s,low (SI~13/TI~2),h265,cpu,cpu,sweep,1080,10000,9840.0,95.88,0.9486,66.7,1,Repeatable,results/calibration/_staging/encode_parity_CLEAN_nvenc_24c_2026-09-06.json,"measured point; pass 2 of 2; clean protocol: active wait-for-idle (not a flat 10s sleep), baseline_elevated persisted, page cache evicted per row"
clean_iso_bitrate_sweep_2026-09-06,RTX 5080 NVENC,"v0.6.1 (default model, explicit override 2026-09-06)",meridian_120s,low (SI~13/TI~2),h265,gpu_baseline,gpu,sweep,1080,10000,9815.5,94.97,0.125,54.36,5,Repeatable,results/calibration/_staging/encode_parity_CLEAN_nvenc_24c_2026-09-06.json,"measured point; pass 2 of 2; clean protocol: active wait-for-idle (not a flat 10s sleep), baseline_elevated persisted, page cache evicted per row"
clean_iso_bitrate_sweep_2026-09-06,RTX 5080 NVENC,"v0.6.1 (default model, explicit override 2026-09-06)",meridian_120s,low (SI~13/TI~2),h265,gpu_tuned,gpu,sweep,1080,10000,9962.8,94.53,0.358,45.06,2,Repeatable,results/calibration/_staging/encode_parity_CLEAN_nvenc_24c_2026-09-06.json,"measured point; pass 2 of 2; clean protocol: active wait-for-idle (not a flat 10s sleep), baseline_elevated persisted, page cache evicted per row"
clean_iso_bitrate_sweep_2026-09-06,"Ryzen 9 7900 (24c CPU, libx264/libx265/libsvtav1)","v0.6.1 (default model, explicit override 2026-09-06)",meridian_120s,low (SI~13/TI~2),av1,cpu,cpu,sweep,1080,1000,674.5,90.8,0.3177,64.5,3,Repeatable,results/calibration/_staging/encode_parity_CLEAN_nvenc_24c_2026-09-06.json,"measured point; pass 2 of 2; clean protocol: active wait-for-idle (not a flat 10s sleep), baseline_elevated persisted, page cache evicted per row"
clean_iso_bitrate_sweep_2026-09-06,RTX 5080 NVENC,"v0.6.1 (default model, explicit override 2026-09-06)",meridian_120s,low (SI~13/TI~2),av1,gpu_baseline,gpu,sweep,1080,1000,1033.6,90.64,0.1202,57.2,6,Repeatable,results/calibration/_staging/encode_parity_CLEAN_nvenc_24c_2026-09-06.json,"measured point; pass 2 of 2; clean protocol: active wait-for-idle (not a flat 10s sleep), baseline_elevated persisted, page cache evicted per row"
clean_iso_bitrate_sweep_2026-09-06,RTX 5080 NVENC,"v0.6.1 (default model, explicit override 2026-09-06)",meridian_120s,low (SI~13/TI~2),av1,gpu_tuned,gpu,sweep,1080,1000,997.3,89.04,0.2555,52.67,3,Repeatable,results/calibration/_staging/encode_parity_CLEAN_nvenc_24c_2026-09-06.json,"measured point; pass 2 of 2; clean protocol: active wait-for-idle (not a flat 10s sleep), baseline_elevated persisted, page cache evicted per row"
clean_iso_bitrate_sweep_2026-09-06,"Ryzen 9 7900 (24c CPU, libx264/libx265/libsvtav1)","v0.6.1 (default model, explicit override 2026-09-06)",meridian_120s,low (SI~13/TI~2),av1,cpu,cpu,sweep,1080,1800,1213.7,92.07,0.3481,65.49,3,Repeatable,results/calibration/_staging/encode_parity_CLEAN_nvenc_24c_2026-09-06.json,"measured point; pass 2 of 2; clean protocol: active wait-for-idle (not a flat 10s sleep), baseline_elevated persisted, page cache evicted per row"
clean_iso_bitrate_sweep_2026-09-06,RTX 5080 NVENC,"v0.6.1 (default model, explicit override 2026-09-06)",meridian_120s,low (SI~13/TI~2),av1,gpu_baseline,gpu,sweep,1080,1800,1840.0,92.63,0.1213,57.96,6,Repeatable,results/calibration/_staging/encode_parity_CLEAN_nvenc_24c_2026-09-06.json,"measured point; pass 2 of 2; clean protocol: active wait-for-idle (not a flat 10s sleep), baseline_elevated persisted, page cache evicted per row"
clean_iso_bitrate_sweep_2026-09-06,RTX 5080 NVENC,"v0.6.1 (default model, explicit override 2026-09-06)",meridian_120s,low (SI~13/TI~2),av1,gpu_tuned,gpu,sweep,1080,1800,1776.2,91.46,0.2446,50.22,3,Repeatable,results/calibration/_staging/encode_parity_CLEAN_nvenc_24c_2026-09-06.json,"measured point; pass 2 of 2; clean protocol: active wait-for-idle (not a flat 10s sleep), baseline_elevated persisted, page cache evicted per row"
clean_iso_bitrate_sweep_2026-09-06,"Ryzen 9 7900 (24c CPU, libx264/libx265/libsvtav1)","v0.6.1 (default model, explicit override 2026-09-06)",meridian_120s,low (SI~13/TI~2),av1,cpu,cpu,sweep,1080,2800,1908.5,92.91,0.3599,65.43,3,Repeatable,results/calibration/_staging/encode_parity_CLEAN_nvenc_24c_2026-09-06.json,"measured point; pass 2 of 2; clean protocol: active wait-for-idle (not a flat 10s sleep), baseline_elevated persisted, page cache evicted per row"
clean_iso_bitrate_sweep_2026-09-06,RTX 5080 NVENC,"v0.6.1 (default model, explicit override 2026-09-06)",meridian_120s,low (SI~13/TI~2),av1,gpu_baseline,gpu,sweep,1080,2800,2854.5,93.58,0.122,58.28,6,Repeatable,results/calibration/_staging/encode_parity_CLEAN_nvenc_24c_2026-09-06.json,"measured point; pass 2 of 2; clean protocol: active wait-for-idle (not a flat 10s sleep), baseline_elevated persisted, page cache evicted per row"
clean_iso_bitrate_sweep_2026-09-06,RTX 5080 NVENC,"v0.6.1 (default model, explicit override 2026-09-06)",meridian_120s,low (SI~13/TI~2),av1,gpu_tuned,gpu,sweep,1080,2800,2816.7,92.74,0.2461,50.34,3,Repeatable,results/calibration/_staging/encode_parity_CLEAN_nvenc_24c_2026-09-06.json,"measured point; pass 2 of 2; clean protocol: active wait-for-idle (not a flat 10s sleep), baseline_elevated persisted, page cache evicted per row"
clean_iso_bitrate_sweep_2026-09-06,"Ryzen 9 7900 (24c CPU, libx264/libx265/libsvtav1)","v0.6.1 (default model, explicit override 2026-09-06)",meridian_120s,low (SI~13/TI~2),av1,cpu,cpu,sweep,1080,4000,2755.2,93.35,0.3654,63.85,2,Repeatable,results/calibration/_staging/encode_parity_CLEAN_nvenc_24c_2026-09-06.json,"measured point; pass 2 of 2; clean protocol: active wait-for-idle (not a flat 10s sleep), baseline_elevated persisted, page cache evicted per row"
clean_iso_bitrate_sweep_2026-09-06,RTX 5080 NVENC,"v0.6.1 (default model, explicit override 2026-09-06)",meridian_120s,low (SI~13/TI~2),av1,gpu_baseline,gpu,sweep,1080,4000,4075.9,94.14,0.1208,57.73,6,Repeatable,results/calibration/_staging/encode_parity_CLEAN_nvenc_24c_2026-09-06.json,"measured point; pass 2 of 2; clean protocol: active wait-for-idle (not a flat 10s sleep), baseline_elevated persisted, page cache evicted per row"
clean_iso_bitrate_sweep_2026-09-06,RTX 5080 NVENC,"v0.6.1 (default model, explicit override 2026-09-06)",meridian_120s,low (SI~13/TI~2),av1,gpu_tuned,gpu,sweep,1080,4000,4034.6,93.47,0.2421,49.71,3,Repeatable,results/calibration/_staging/encode_parity_CLEAN_nvenc_24c_2026-09-06.json,"measured point; pass 2 of 2; clean protocol: active wait-for-idle (not a flat 10s sleep), baseline_elevated persisted, page cache evicted per row"
clean_iso_bitrate_sweep_2026-09-06,"Ryzen 9 7900 (24c CPU, libx264/libx265/libsvtav1)","v0.6.1 (default model, explicit override 2026-09-06)",meridian_120s,low (SI~13/TI~2),av1,cpu,cpu,sweep,1080,6000,4032.1,93.81,0.3739,64.41,2,Repeatable,results/calibration/_staging/encode_parity_CLEAN_nvenc_24c_2026-09-06.json,"measured point; pass 2 of 2; clean protocol: active wait-for-idle (not a flat 10s sleep), baseline_elevated persisted, page cache evicted per row"
clean_iso_bitrate_sweep_2026-09-06,RTX 5080 NVENC,"v0.6.1 (default model, explicit override 2026-09-06)",meridian_120s,low (SI~13/TI~2),av1,gpu_baseline,gpu,sweep,1080,6000,6105.4,94.63,0.1222,58.66,6,Repeatable,results/calibration/_staging/encode_parity_CLEAN_nvenc_24c_2026-09-06.json,"measured point; pass 2 of 2; clean protocol: active wait-for-idle (not a flat 10s sleep), baseline_elevated persisted, page cache evicted per row"
clean_iso_bitrate_sweep_2026-09-06,RTX 5080 NVENC,"v0.6.1 (default model, explicit override 2026-09-06)",meridian_120s,low (SI~13/TI~2),av1,gpu_tuned,gpu,sweep,1080,6000,6067.9,94.12,0.2425,49.8,3,Repeatable,results/calibration/_staging/encode_parity_CLEAN_nvenc_24c_2026-09-06.json,"measured point; pass 2 of 2; clean protocol: active wait-for-idle (not a flat 10s sleep), baseline_elevated persisted, page cache evicted per row"
clean_iso_bitrate_sweep_2026-09-06,"Ryzen 9 7900 (24c CPU, libx264/libx265/libsvtav1)","v0.6.1 (default model, explicit override 2026-09-06)",meridian_120s,low (SI~13/TI~2),av1,cpu,cpu,sweep,1080,7500,5091.4,94.07,0.3833,64.48,2,Repeatable,results/calibration/_staging/encode_parity_CLEAN_nvenc_24c_2026-09-06.json,"measured point; pass 2 of 2; clean protocol: active wait-for-idle (not a flat 10s sleep), baseline_elevated persisted, page cache evicted per row"
clean_iso_bitrate_sweep_2026-09-06,RTX 5080 NVENC,"v0.6.1 (default model, explicit override 2026-09-06)",meridian_120s,low (SI~13/TI~2),av1,gpu_baseline,gpu,sweep,1080,7500,7610.2,94.86,0.125,60.01,6,Repeatable,results/calibration/_staging/encode_parity_CLEAN_nvenc_24c_2026-09-06.json,"measured point; pass 2 of 2; clean protocol: active wait-for-idle (not a flat 10s sleep), baseline_elevated persisted, page cache evicted per row"
clean_iso_bitrate_sweep_2026-09-06,RTX 5080 NVENC,"v0.6.1 (default model, explicit override 2026-09-06)",meridian_120s,low (SI~13/TI~2),av1,gpu_tuned,gpu,sweep,1080,7500,7576.2,94.39,0.2437,50.23,3,Repeatable,results/calibration/_staging/encode_parity_CLEAN_nvenc_24c_2026-09-06.json,"measured point; pass 2 of 2; clean protocol: active wait-for-idle (not a flat 10s sleep), baseline_elevated persisted, page cache evicted per row"
clean_iso_bitrate_sweep_2026-09-06,"Ryzen 9 7900 (24c CPU, libx264/libx265/libsvtav1)","v0.6.1 (default model, explicit override 2026-09-06)",bbb_120s,high (SI~33/TI~6),h264,cpu,cpu,sweep,1080,3000,3346.3,88.46,0.3034,68.27,3,Repeatable,results/calibration/_staging/encode_parity_CLEAN_nvenc_24c_2026-09-06.json,"measured point; pass 2 of 2; clean protocol: active wait-for-idle (not a flat 10s sleep), baseline_elevated persisted, page cache evicted per row"
clean_iso_bitrate_sweep_2026-09-06,RTX 5080 NVENC,"v0.6.1 (default model, explicit override 2026-09-06)",bbb_120s,high (SI~33/TI~6),h264,gpu_baseline,gpu,sweep,1080,3000,3031.4,85.95,0.1353,66.12,6,Repeatable,results/calibration/_staging/encode_parity_CLEAN_nvenc_24c_2026-09-06.json,"measured point; pass 2 of 2; clean protocol: active wait-for-idle (not a flat 10s sleep), baseline_elevated persisted, page cache evicted per row"
clean_iso_bitrate_sweep_2026-09-06,RTX 5080 NVENC,"v0.6.1 (default model, explicit override 2026-09-06)",bbb_120s,high (SI~33/TI~6),h264,gpu_tuned,gpu,sweep,1080,3000,3010.6,84.82,0.2113,51.63,3,Repeatable,results/calibration/_staging/encode_parity_CLEAN_nvenc_24c_2026-09-06.json,"measured point; pass 2 of 2; clean protocol: active wait-for-idle (not a flat 10s sleep), baseline_elevated persisted, page cache evicted per row"
clean_iso_bitrate_sweep_2026-09-06,"Ryzen 9 7900 (24c CPU, libx264/libx265/libsvtav1)","v0.6.1 (default model, explicit override 2026-09-06)",bbb_120s,high (SI~33/TI~6),h264,cpu,cpu,sweep,1080,4500,5081.9,91.48,0.3267,70.01,3,Repeatable,results/calibration/_staging/encode_parity_CLEAN_nvenc_24c_2026-09-06.json,"measured point; pass 2 of 2; clean protocol: active wait-for-idle (not a flat 10s sleep), baseline_elevated persisted, page cache evicted per row"
clean_iso_bitrate_sweep_2026-09-06,RTX 5080 NVENC,"v0.6.1 (default model, explicit override 2026-09-06)",bbb_120s,high (SI~33/TI~6),h264,gpu_baseline,gpu,sweep,1080,4500,4535.2,89.66,0.1555,75.99,6,Repeatable,results/calibration/_staging/encode_parity_CLEAN_nvenc_24c_2026-09-06.json,"measured point; pass 2 of 2; clean protocol: active wait-for-idle (not a flat 10s sleep), baseline_elevated persisted, page cache evicted per row"
clean_iso_bitrate_sweep_2026-09-06,"Ryzen 9 7900 (24c CPU, libx264/libx265/libsvtav1)","v0.6.1 (default model, explicit override 2026-09-06)",bbb_120s,high (SI~33/TI~6),h264,cpu,cpu,sweep,1080,6000,6875.9,93.1,0.3325,68.53,3,Repeatable,results/calibration/_staging/encode_parity_CLEAN_nvenc_24c_2026-09-06.json,"measured point; pass 2 of 2; clean protocol: active wait-for-idle (not a flat 10s sleep), baseline_elevated persisted, page cache evicted per row"
clean_iso_bitrate_sweep_2026-09-06,RTX 5080 NVENC,"v0.6.1 (default model, explicit override 2026-09-06)",bbb_120s,high (SI~33/TI~6),h264,gpu_baseline,gpu,sweep,1080,6000,6042.5,91.51,0.1425,69.31,6,Repeatable,results/calibration/_staging/encode_parity_CLEAN_nvenc_24c_2026-09-06.json,"measured point; pass 2 of 2; clean protocol: active wait-for-idle (not a flat 10s sleep), baseline_elevated persisted, page cache evicted per row"
clean_iso_bitrate_sweep_2026-09-06,RTX 5080 NVENC,"v0.6.1 (default model, explicit override 2026-09-06)",bbb_120s,high (SI~33/TI~6),h264,gpu_tuned,gpu,sweep,1080,6000,5985.2,91.12,0.2179,52.75,3,Repeatable,results/calibration/_staging/encode_parity_CLEAN_nvenc_24c_2026-09-06.json,"measured point; pass 2 of 2; clean protocol: active wait-for-idle (not a flat 10s sleep), baseline_elevated persisted, page cache evicted per row"
clean_iso_bitrate_sweep_2026-09-06,"Ryzen 9 7900 (24c CPU, libx264/libx265/libsvtav1)","v0.6.1 (default model, explicit override 2026-09-06)",bbb_120s,high (SI~33/TI~6),h264,cpu,cpu,sweep,1080,8000,9357.3,94.41,0.3476,69.26,3,Repeatable,results/calibration/_staging/encode_parity_CLEAN_nvenc_24c_2026-09-06.json,"measured point; pass 2 of 2; clean protocol: active wait-for-idle (not a flat 10s sleep), baseline_elevated persisted, page cache evicted per row"
clean_iso_bitrate_sweep_2026-09-06,RTX 5080 NVENC,"v0.6.1 (default model, explicit override 2026-09-06)",bbb_120s,high (SI~33/TI~6),h264,gpu_baseline,gpu,sweep,1080,8000,8033.5,92.81,0.1432,69.37,6,Repeatable,results/calibration/_staging/encode_parity_CLEAN_nvenc_24c_2026-09-06.json,"measured point; pass 2 of 2; clean protocol: active wait-for-idle (not a flat 10s sleep), baseline_elevated persisted, page cache evicted per row"
clean_iso_bitrate_sweep_2026-09-06,RTX 5080 NVENC,"v0.6.1 (default model, explicit override 2026-09-06)",bbb_120s,high (SI~33/TI~6),h264,gpu_tuned,gpu,sweep,1080,8000,7977.4,92.52,0.2045,49.53,3,Repeatable,results/calibration/_staging/encode_parity_CLEAN_nvenc_24c_2026-09-06.json,"measured point; pass 2 of 2; clean protocol: active wait-for-idle (not a flat 10s sleep), baseline_elevated persisted, page cache evicted per row"
clean_iso_bitrate_sweep_2026-09-06,"Ryzen 9 7900 (24c CPU, libx264/libx265/libsvtav1)","v0.6.1 (default model, explicit override 2026-09-06)",bbb_120s,high (SI~33/TI~6),h264,cpu,cpu,sweep,1080,11000,13056.0,95.62,0.3661,69.62,3,Repeatable,results/calibration/_staging/encode_parity_CLEAN_nvenc_24c_2026-09-06.json,"measured point; pass 2 of 2; clean protocol: active wait-for-idle (not a flat 10s sleep), baseline_elevated persisted, page cache evicted per row"
clean_iso_bitrate_sweep_2026-09-06,RTX 5080 NVENC,"v0.6.1 (default model, explicit override 2026-09-06)",bbb_120s,high (SI~33/TI~6),h264,gpu_baseline,gpu,sweep,1080,11000,11037.0,93.89,0.1429,69.19,6,Repeatable,results/calibration/_staging/encode_parity_CLEAN_nvenc_24c_2026-09-06.json,"measured point; pass 2 of 2; clean protocol: active wait-for-idle (not a flat 10s sleep), baseline_elevated persisted, page cache evicted per row"
clean_iso_bitrate_sweep_2026-09-06,RTX 5080 NVENC,"v0.6.1 (default model, explicit override 2026-09-06)",bbb_120s,high (SI~33/TI~6),h264,gpu_tuned,gpu,sweep,1080,11000,10987.9,93.67,0.2085,50.5,3,Repeatable,results/calibration/_staging/encode_parity_CLEAN_nvenc_24c_2026-09-06.json,"measured point; pass 2 of 2; clean protocol: active wait-for-idle (not a flat 10s sleep), baseline_elevated persisted, page cache evicted per row"
clean_iso_bitrate_sweep_2026-09-06,"Ryzen 9 7900 (24c CPU, libx264/libx265/libsvtav1)","v0.6.1 (default model, explicit override 2026-09-06)",bbb_120s,high (SI~33/TI~6),h264,cpu,cpu,sweep,1080,13000,15457.0,96.13,0.3819,70.87,3,Repeatable,results/calibration/_staging/encode_parity_CLEAN_nvenc_24c_2026-09-06.json,"measured point; pass 2 of 2; clean protocol: active wait-for-idle (not a flat 10s sleep), baseline_elevated persisted, page cache evicted per row"
clean_iso_bitrate_sweep_2026-09-06,RTX 5080 NVENC,"v0.6.1 (default model, explicit override 2026-09-06)",bbb_120s,high (SI~33/TI~6),h264,gpu_baseline,gpu,sweep,1080,13000,13044.6,94.36,0.1444,69.92,6,Repeatable,results/calibration/_staging/encode_parity_CLEAN_nvenc_24c_2026-09-06.json,"measured point; pass 2 of 2; clean protocol: active wait-for-idle (not a flat 10s sleep), baseline_elevated persisted, page cache evicted per row"
clean_iso_bitrate_sweep_2026-09-06,RTX 5080 NVENC,"v0.6.1 (default model, explicit override 2026-09-06)",bbb_120s,high (SI~33/TI~6),h264,gpu_tuned,gpu,sweep,1080,13000,12976.3,94.16,0.218,53.02,3,Repeatable,results/calibration/_staging/encode_parity_CLEAN_nvenc_24c_2026-09-06.json,"measured point; pass 2 of 2; clean protocol: active wait-for-idle (not a flat 10s sleep), baseline_elevated persisted, page cache evicted per row"
clean_iso_bitrate_sweep_2026-09-06,"Ryzen 9 7900 (24c CPU, libx264/libx265/libsvtav1)","v0.6.1 (default model, explicit override 2026-09-06)",bbb_120s,high (SI~33/TI~6),h264,cpu,cpu,sweep,1080,15000,17847.6,96.51,0.3885,70.87,3,Repeatable,results/calibration/_staging/encode_parity_CLEAN_nvenc_24c_2026-09-06.json,"measured point; pass 2 of 2; clean protocol: active wait-for-idle (not a flat 10s sleep), baseline_elevated persisted, page cache evicted per row"
clean_iso_bitrate_sweep_2026-09-06,RTX 5080 NVENC,"v0.6.1 (default model, explicit override 2026-09-06)",bbb_120s,high (SI~33/TI~6),h264,gpu_baseline,gpu,sweep,1080,15000,15052.7,94.69,0.1437,68.98,6,Repeatable,results/calibration/_staging/encode_parity_CLEAN_nvenc_24c_2026-09-06.json,"measured point; pass 2 of 2; clean protocol: active wait-for-idle (not a flat 10s sleep), baseline_elevated persisted, page cache evicted per row"
clean_iso_bitrate_sweep_2026-09-06,RTX 5080 NVENC,"v0.6.1 (default model, explicit override 2026-09-06)",bbb_120s,high (SI~33/TI~6),h264,gpu_tuned,gpu,sweep,1080,15000,14975.6,94.53,0.222,54.0,3,Repeatable,results/calibration/_staging/encode_parity_CLEAN_nvenc_24c_2026-09-06.json,"measured point; pass 2 of 2; clean protocol: active wait-for-idle (not a flat 10s sleep), baseline_elevated persisted, page cache evicted per row"
clean_iso_bitrate_sweep_2026-09-06,"Ryzen 9 7900 (24c CPU, libx264/libx265/libsvtav1)","v0.6.1 (default model, explicit override 2026-09-06)",bbb_120s,high (SI~33/TI~6),h265,cpu,cpu,sweep,1080,1500,1697.7,85.18,0.5638,67.65,2,Repeatable,results/calibration/_staging/encode_parity_CLEAN_nvenc_24c_2026-09-06.json,"measured point; pass 2 of 2; clean protocol: active wait-for-idle (not a flat 10s sleep), baseline_elevated persisted, page cache evicted per row"
clean_iso_bitrate_sweep_2026-09-06,RTX 5080 NVENC,"v0.6.1 (default model, explicit override 2026-09-06)",bbb_120s,high (SI~33/TI~6),h265,gpu_baseline,gpu,sweep,1080,1500,1447.8,80.15,0.1566,71.06,6,Repeatable,results/calibration/_staging/encode_parity_CLEAN_nvenc_24c_2026-09-06.json,"measured point; pass 2 of 2; clean protocol: active wait-for-idle (not a flat 10s sleep), baseline_elevated persisted, page cache evicted per row"
clean_iso_bitrate_sweep_2026-09-06,RTX 5080 NVENC,"v0.6.1 (default model, explicit override 2026-09-06)",bbb_120s,high (SI~33/TI~6),h265,gpu_tuned,gpu,sweep,1080,1500,1509.7,82.13,0.3837,47.63,2,Repeatable,results/calibration/_staging/encode_parity_CLEAN_nvenc_24c_2026-09-06.json,"measured point; pass 2 of 2; clean protocol: active wait-for-idle (not a flat 10s sleep), baseline_elevated persisted, page cache evicted per row"
clean_iso_bitrate_sweep_2026-09-06,"Ryzen 9 7900 (24c CPU, libx264/libx265/libsvtav1)","v0.6.1 (default model, explicit override 2026-09-06)",bbb_120s,high (SI~33/TI~6),h265,cpu,cpu,sweep,1080,2500,2866.6,89.83,0.6204,70.01,2,Repeatable,results/calibration/_staging/encode_parity_CLEAN_nvenc_24c_2026-09-06.json,"measured point; pass 2 of 2; clean protocol: active wait-for-idle (not a flat 10s sleep), baseline_elevated persisted, page cache evicted per row"
clean_iso_bitrate_sweep_2026-09-06,RTX 5080 NVENC,"v0.6.1 (default model, explicit override 2026-09-06)",bbb_120s,high (SI~33/TI~6),h265,gpu_baseline,gpu,sweep,1080,2500,2356.0,86.51,0.1409,63.66,6,Repeatable,results/calibration/_staging/encode_parity_CLEAN_nvenc_24c_2026-09-06.json,"measured point; pass 2 of 2; clean protocol: active wait-for-idle (not a flat 10s sleep), baseline_elevated persisted, page cache evicted per row"
clean_iso_bitrate_sweep_2026-09-06,RTX 5080 NVENC,"v0.6.1 (default model, explicit override 2026-09-06)",bbb_120s,high (SI~33/TI~6),h265,gpu_tuned,gpu,sweep,1080,2500,2419.6,87.6,0.3728,46.12,2,Repeatable,results/calibration/_staging/encode_parity_CLEAN_nvenc_24c_2026-09-06.json,"measured point; pass 2 of 2; clean protocol: active wait-for-idle (not a flat 10s sleep), baseline_elevated persisted, page cache evicted per row"
clean_iso_bitrate_sweep_2026-09-06,"Ryzen 9 7900 (24c CPU, libx264/libx265/libsvtav1)","v0.6.1 (default model, explicit override 2026-09-06)",bbb_120s,high (SI~33/TI~6),h265,cpu,cpu,sweep,1080,3500,4068.0,92.05,0.6523,69.07,2,Repeatable,results/calibration/_staging/encode_parity_CLEAN_nvenc_24c_2026-09-06.json,"measured point; pass 2 of 2; clean protocol: active wait-for-idle (not a flat 10s sleep), baseline_elevated persisted, page cache evicted per row"
clean_iso_bitrate_sweep_2026-09-06,RTX 5080 NVENC,"v0.6.1 (default model, explicit override 2026-09-06)",bbb_120s,high (SI~33/TI~6),h265,gpu_baseline,gpu,sweep,1080,3500,3258.6,89.38,0.148,66.89,6,Repeatable,results/calibration/_staging/encode_parity_CLEAN_nvenc_24c_2026-09-06.json,"measured point; pass 2 of 2; clean protocol: active wait-for-idle (not a flat 10s sleep), baseline_elevated persisted, page cache evicted per row"
clean_iso_bitrate_sweep_2026-09-06,RTX 5080 NVENC,"v0.6.1 (default model, explicit override 2026-09-06)",bbb_120s,high (SI~33/TI~6),h265,gpu_tuned,gpu,sweep,1080,3500,3334.2,90.25,0.3691,45.82,2,Repeatable,results/calibration/_staging/encode_parity_CLEAN_nvenc_24c_2026-09-06.json,"measured point; pass 2 of 2; clean protocol: active wait-for-idle (not a flat 10s sleep), baseline_elevated persisted, page cache evicted per row"
clean_iso_bitrate_sweep_2026-09-06,"Ryzen 9 7900 (24c CPU, libx264/libx265/libsvtav1)","v0.6.1 (default model, explicit override 2026-09-06)",bbb_120s,high (SI~33/TI~6),h265,cpu,cpu,sweep,1080,5000,5923.6,93.84,0.7158,70.02,2,Repeatable,results/calibration/_staging/encode_parity_CLEAN_nvenc_24c_2026-09-06.json,"measured point; pass 2 of 2; clean protocol: active wait-for-idle (not a flat 10s sleep), baseline_elevated persisted, page cache evicted per row"
clean_iso_bitrate_sweep_2026-09-06,RTX 5080 NVENC,"v0.6.1 (default model, explicit override 2026-09-06)",bbb_120s,high (SI~33/TI~6),h265,gpu_baseline,gpu,sweep,1080,5000,4583.5,91.58,0.138,61.8,5,Repeatable,results/calibration/_staging/encode_parity_CLEAN_nvenc_24c_2026-09-06.json,"measured point; pass 2 of 2; clean protocol: active wait-for-idle (not a flat 10s sleep), baseline_elevated persisted, page cache evicted per row"
clean_iso_bitrate_sweep_2026-09-06,RTX 5080 NVENC,"v0.6.1 (default model, explicit override 2026-09-06)",bbb_120s,high (SI~33/TI~6),h265,gpu_tuned,gpu,sweep,1080,5000,4680.8,92.19,0.3808,47.43,2,Repeatable,results/calibration/_staging/encode_parity_CLEAN_nvenc_24c_2026-09-06.json,"measured point; pass 2 of 2; clean protocol: active wait-for-idle (not a flat 10s sleep), baseline_elevated persisted, page cache evicted per row"
clean_iso_bitrate_sweep_2026-09-06,"Ryzen 9 7900 (24c CPU, libx264/libx265/libsvtav1)","v0.6.1 (default model, explicit override 2026-09-06)",bbb_120s,high (SI~33/TI~6),h265,cpu,cpu,sweep,1080,7000,8468.5,95.11,0.7918,71.44,2,Repeatable,results/calibration/_staging/encode_parity_CLEAN_nvenc_24c_2026-09-06.json,"measured point; pass 2 of 2; clean protocol: active wait-for-idle (not a flat 10s sleep), baseline_elevated persisted, page cache evicted per row"
clean_iso_bitrate_sweep_2026-09-06,RTX 5080 NVENC,"v0.6.1 (default model, explicit override 2026-09-06)",bbb_120s,high (SI~33/TI~6),h265,gpu_baseline,gpu,sweep,1080,7000,6327.1,92.94,0.1363,60.73,5,Repeatable,results/calibration/_staging/encode_parity_CLEAN_nvenc_24c_2026-09-06.json,"measured point; pass 2 of 2; clean protocol: active wait-for-idle (not a flat 10s sleep), baseline_elevated persisted, page cache evicted per row"
clean_iso_bitrate_sweep_2026-09-06,RTX 5080 NVENC,"v0.6.1 (default model, explicit override 2026-09-06)",bbb_120s,high (SI~33/TI~6),h265,gpu_tuned,gpu,sweep,1080,7000,6450.0,93.48,0.3642,45.21,2,Repeatable,results/calibration/_staging/encode_parity_CLEAN_nvenc_24c_2026-09-06.json,"measured point; pass 2 of 2; clean protocol: active wait-for-idle (not a flat 10s sleep), baseline_elevated persisted, page cache evicted per row"
clean_iso_bitrate_sweep_2026-09-06,"Ryzen 9 7900 (24c CPU, libx264/libx265/libsvtav1)","v0.6.1 (default model, explicit override 2026-09-06)",bbb_120s,high (SI~33/TI~6),h265,cpu,cpu,sweep,1080,8500,10423.6,95.69,0.798,67.75,1,Repeatable,results/calibration/_staging/encode_parity_CLEAN_nvenc_24c_2026-09-06.json,"measured point; pass 2 of 2; clean protocol: active wait-for-idle (not a flat 10s sleep), baseline_elevated persisted, page cache evicted per row"
clean_iso_bitrate_sweep_2026-09-06,RTX 5080 NVENC,"v0.6.1 (default model, explicit override 2026-09-06)",bbb_120s,high (SI~33/TI~6),h265,gpu_baseline,gpu,sweep,1080,8500,7573.9,93.61,0.1393,62.67,5,Repeatable,results/calibration/_staging/encode_parity_CLEAN_nvenc_24c_2026-09-06.json,"measured point; pass 2 of 2; clean protocol: active wait-for-idle (not a flat 10s sleep), baseline_elevated persisted, page cache evicted per row"
clean_iso_bitrate_sweep_2026-09-06,RTX 5080 NVENC,"v0.6.1 (default model, explicit override 2026-09-06)",bbb_120s,high (SI~33/TI~6),h265,gpu_tuned,gpu,sweep,1080,8500,7777.3,94.05,0.3751,46.57,2,Repeatable,results/calibration/_staging/encode_parity_CLEAN_nvenc_24c_2026-09-06.json,"measured point; pass 2 of 2; clean protocol: active wait-for-idle (not a flat 10s sleep), baseline_elevated persisted, page cache evicted per row"
clean_iso_bitrate_sweep_2026-09-06,"Ryzen 9 7900 (24c CPU, libx264/libx265/libsvtav1)","v0.6.1 (default model, explicit override 2026-09-06)",bbb_120s,high (SI~33/TI~6),h265,cpu,cpu,sweep,1080,10000,12431.2,96.12,0.85,68.61,1,Repeatable,results/calibration/_staging/encode_parity_CLEAN_nvenc_24c_2026-09-06.json,"measured point; pass 2 of 2; clean protocol: active wait-for-idle (not a flat 10s sleep), baseline_elevated persisted, page cache evicted per row"
clean_iso_bitrate_sweep_2026-09-06,RTX 5080 NVENC,"v0.6.1 (default model, explicit override 2026-09-06)",bbb_120s,high (SI~33/TI~6),h265,gpu_baseline,gpu,sweep,1080,10000,8803.7,94.1,0.1394,62.72,5,Repeatable,results/calibration/_staging/encode_parity_CLEAN_nvenc_24c_2026-09-06.json,"measured point; pass 2 of 2; clean protocol: active wait-for-idle (not a flat 10s sleep), baseline_elevated persisted, page cache evicted per row"
clean_iso_bitrate_sweep_2026-09-06,RTX 5080 NVENC,"v0.6.1 (default model, explicit override 2026-09-06)",bbb_120s,high (SI~33/TI~6),h265,gpu_tuned,gpu,sweep,1080,10000,9031.8,94.45,0.3803,47.05,2,Repeatable,results/calibration/_staging/encode_parity_CLEAN_nvenc_24c_2026-09-06.json,"measured point; pass 2 of 2; clean protocol: active wait-for-idle (not a flat 10s sleep), baseline_elevated persisted, page cache evicted per row"
clean_iso_bitrate_sweep_2026-09-06,"Ryzen 9 7900 (24c CPU, libx264/libx265/libsvtav1)","v0.6.1 (default model, explicit override 2026-09-06)",bbb_120s,high (SI~33/TI~6),av1,cpu,cpu,sweep,1080,1000,981.9,87.75,0.3871,66.68,2,Repeatable,results/calibration/_staging/encode_parity_CLEAN_nvenc_24c_2026-09-06.json,"measured point; pass 2 of 2; clean protocol: active wait-for-idle (not a flat 10s sleep), baseline_elevated persisted, page cache evicted per row"
clean_iso_bitrate_sweep_2026-09-06,RTX 5080 NVENC,"v0.6.1 (default model, explicit override 2026-09-06)",bbb_120s,high (SI~33/TI~6),av1,gpu_baseline,gpu,sweep,1080,1000,1037.1,78.93,0.1405,68.65,6,Repeatable,results/calibration/_staging/encode_parity_CLEAN_nvenc_24c_2026-09-06.json,"measured point; pass 2 of 2; clean protocol: active wait-for-idle (not a flat 10s sleep), baseline_elevated persisted, page cache evicted per row"
clean_iso_bitrate_sweep_2026-09-06,RTX 5080 NVENC,"v0.6.1 (default model, explicit override 2026-09-06)",bbb_120s,high (SI~33/TI~6),av1,gpu_tuned,gpu,sweep,1080,1000,931.2,78.7,0.2575,52.67,3,Repeatable,results/calibration/_staging/encode_parity_CLEAN_nvenc_24c_2026-09-06.json,"measured point; pass 2 of 2; clean protocol: active wait-for-idle (not a flat 10s sleep), baseline_elevated persisted, page cache evicted per row"
clean_iso_bitrate_sweep_2026-09-06,"Ryzen 9 7900 (24c CPU, libx264/libx265/libsvtav1)","v0.6.1 (default model, explicit override 2026-09-06)",bbb_120s,high (SI~33/TI~6),av1,cpu,cpu,sweep,1080,1800,1771.3,92.22,0.4078,67.03,2,Repeatable,results/calibration/_staging/encode_parity_CLEAN_nvenc_24c_2026-09-06.json,"measured point; pass 2 of 2; clean protocol: active wait-for-idle (not a flat 10s sleep), baseline_elevated persisted, page cache evicted per row"
clean_iso_bitrate_sweep_2026-09-06,RTX 5080 NVENC,"v0.6.1 (default model, explicit override 2026-09-06)",bbb_120s,high (SI~33/TI~6),av1,gpu_baseline,gpu,sweep,1080,1800,1838.4,86.84,0.1406,69.02,6,Repeatable,results/calibration/_staging/encode_parity_CLEAN_nvenc_24c_2026-09-06.json,"measured point; pass 2 of 2; clean protocol: active wait-for-idle (not a flat 10s sleep), baseline_elevated persisted, page cache evicted per row"
clean_iso_bitrate_sweep_2026-09-06,RTX 5080 NVENC,"v0.6.1 (default model, explicit override 2026-09-06)",bbb_120s,high (SI~33/TI~6),av1,gpu_tuned,gpu,sweep,1080,1800,1601.7,85.9,0.253,51.95,3,Repeatable,results/calibration/_staging/encode_parity_CLEAN_nvenc_24c_2026-09-06.json,"measured point; pass 2 of 2; clean protocol: active wait-for-idle (not a flat 10s sleep), baseline_elevated persisted, page cache evicted per row"
clean_iso_bitrate_sweep_2026-09-06,"Ryzen 9 7900 (24c CPU, libx264/libx265/libsvtav1)","v0.6.1 (default model, explicit override 2026-09-06)",bbb_120s,high (SI~33/TI~6),av1,cpu,cpu,sweep,1080,2800,2714.2,94.31,0.4683,67.17,2,Repeatable,results/calibration/_staging/encode_parity_CLEAN_nvenc_24c_2026-09-06.json,"measured point; pass 2 of 2; clean protocol: active wait-for-idle (not a flat 10s sleep), baseline_elevated persisted, page cache evicted per row"
clean_iso_bitrate_sweep_2026-09-06,RTX 5080 NVENC,"v0.6.1 (default model, explicit override 2026-09-06)",bbb_120s,high (SI~33/TI~6),av1,gpu_baseline,gpu,sweep,1080,2800,2801.8,90.77,0.14,69.37,6,Repeatable,results/calibration/_staging/encode_parity_CLEAN_nvenc_24c_2026-09-06.json,"measured point; pass 2 of 2; clean protocol: active wait-for-idle (not a flat 10s sleep), baseline_elevated persisted, page cache evicted per row"
clean_iso_bitrate_sweep_2026-09-06,RTX 5080 NVENC,"v0.6.1 (default model, explicit override 2026-09-06)",bbb_120s,high (SI~33/TI~6),av1,gpu_tuned,gpu,sweep,1080,2800,2520.0,90.06,0.2436,50.21,3,Repeatable,results/calibration/_staging/encode_parity_CLEAN_nvenc_24c_2026-09-06.json,"measured point; pass 2 of 2; clean protocol: active wait-for-idle (not a flat 10s sleep), baseline_elevated persisted, page cache evicted per row"
clean_iso_bitrate_sweep_2026-09-06,"Ryzen 9 7900 (24c CPU, libx264/libx265/libsvtav1)","v0.6.1 (default model, explicit override 2026-09-06)",bbb_120s,high (SI~33/TI~6),av1,cpu,cpu,sweep,1080,4000,3750.6,95.34,0.4157,67.72,2,Repeatable,results/calibration/_staging/encode_parity_CLEAN_nvenc_24c_2026-09-06.json,"measured point; pass 2 of 2; clean protocol: active wait-for-idle (not a flat 10s sleep), baseline_elevated persisted, page cache evicted per row"
clean_iso_bitrate_sweep_2026-09-06,RTX 5080 NVENC,"v0.6.1 (default model, explicit override 2026-09-06)",bbb_120s,high (SI~33/TI~6),av1,gpu_baseline,gpu,sweep,1080,4000,3916.3,92.89,0.1415,69.16,6,Repeatable,results/calibration/_staging/encode_parity_CLEAN_nvenc_24c_2026-09-06.json,"measured point; pass 2 of 2; clean protocol: active wait-for-idle (not a flat 10s sleep), baseline_elevated persisted, page cache evicted per row"
clean_iso_bitrate_sweep_2026-09-06,RTX 5080 NVENC,"v0.6.1 (default model, explicit override 2026-09-06)",bbb_120s,high (SI~33/TI~6),av1,gpu_tuned,gpu,sweep,1080,4000,3671.4,92.37,0.2557,52.29,3,Repeatable,results/calibration/_staging/encode_parity_CLEAN_nvenc_24c_2026-09-06.json,"measured point; pass 2 of 2; clean protocol: active wait-for-idle (not a flat 10s sleep), baseline_elevated persisted, page cache evicted per row"
clean_iso_bitrate_sweep_2026-09-06,"Ryzen 9 7900 (24c CPU, libx264/libx265/libsvtav1)","v0.6.1 (default model, explicit override 2026-09-06)",bbb_120s,high (SI~33/TI~6),av1,cpu,cpu,sweep,1080,6000,5104.5,96.02,0.4929,67.22,2,Repeatable,results/calibration/_staging/encode_parity_CLEAN_nvenc_24c_2026-09-06.json,"measured point; pass 2 of 2; clean protocol: active wait-for-idle (not a flat 10s sleep), baseline_elevated persisted, page cache evicted per row"
clean_iso_bitrate_sweep_2026-09-06,RTX 5080 NVENC,"v0.6.1 (default model, explicit override 2026-09-06)",bbb_120s,high (SI~33/TI~6),av1,gpu_baseline,gpu,sweep,1080,6000,5722.5,94.36,0.1411,69.59,6,Repeatable,results/calibration/_staging/encode_parity_CLEAN_nvenc_24c_2026-09-06.json,"measured point; pass 2 of 2; clean protocol: active wait-for-idle (not a flat 10s sleep), baseline_elevated persisted, page cache evicted per row"
clean_iso_bitrate_sweep_2026-09-06,RTX 5080 NVENC,"v0.6.1 (default model, explicit override 2026-09-06)",bbb_120s,high (SI~33/TI~6),av1,gpu_tuned,gpu,sweep,1080,6000,5490.2,93.94,0.2543,52.21,3,Repeatable,results/calibration/_staging/encode_parity_CLEAN_nvenc_24c_2026-09-06.json,"measured point; pass 2 of 2; clean protocol: active wait-for-idle (not a flat 10s sleep), baseline_elevated persisted, page cache evicted per row"
clean_iso_bitrate_sweep_2026-09-06,"Ryzen 9 7900 (24c CPU, libx264/libx265/libsvtav1)","v0.6.1 (default model, explicit override 2026-09-06)",bbb_120s,high (SI~33/TI~6),av1,cpu,cpu,sweep,1080,7500,6171.9,96.36,0.497,66.76,2,Repeatable,results/calibration/_staging/encode_parity_CLEAN_nvenc_24c_2026-09-06.json,"measured point; pass 2 of 2; clean protocol: active wait-for-idle (not a flat 10s sleep), baseline_elevated persisted, page cache evicted per row"
clean_iso_bitrate_sweep_2026-09-06,RTX 5080 NVENC,"v0.6.1 (default model, explicit override 2026-09-06)",bbb_120s,high (SI~33/TI~6),av1,gpu_baseline,gpu,sweep,1080,7500,7057.1,94.93,0.1444,70.58,6,Repeatable,results/calibration/_staging/encode_parity_CLEAN_nvenc_24c_2026-09-06.json,"measured point; pass 2 of 2; clean protocol: active wait-for-idle (not a flat 10s sleep), baseline_elevated persisted, page cache evicted per row"
clean_iso_bitrate_sweep_2026-09-06,RTX 5080 NVENC,"v0.6.1 (default model, explicit override 2026-09-06)",bbb_120s,high (SI~33/TI~6),av1,gpu_tuned,gpu,sweep,1080,7500,6819.8,94.53,0.255,52.16,3,Repeatable,results/calibration/_staging/encode_parity_CLEAN_nvenc_24c_2026-09-06.json,"measured point; pass 2 of 2; clean protocol: active wait-for-idle (not a flat 10s sleep), baseline_elevated persisted, page cache evicted per row"
clean_iso_bitrate_sweep_2026-09-06,"Ryzen 9 7900 (24c CPU, libx264/libx265/libsvtav1)","v0.6.1 (default model, explicit override 2026-09-06)",readysetgo_30s,"sport (SI~38.5/TI~40.4, measured 2026-08-28)",h264,cpu,cpu,sweep,1080,3000,3037.0,70.45,0.4957,68.63,2,Repeatable,results/calibration/_staging/encode_parity_CLEAN_nvenc_24c_2026-09-06.json,"measured point; pass 2 of 2; clean protocol: active wait-for-idle (not a flat 10s sleep), baseline_elevated persisted, page cache evicted per row"
clean_iso_bitrate_sweep_2026-09-06,RTX 5080 NVENC,"v0.6.1 (default model, explicit override 2026-09-06)",readysetgo_30s,"sport (SI~38.5/TI~40.4, measured 2026-08-28)",h264,gpu_baseline,gpu,sweep,1080,3000,3004.9,69.29,0.18,53.78,4,Repeatable,results/calibration/_staging/encode_parity_CLEAN_nvenc_24c_2026-09-06.json,"measured point; pass 2 of 2; clean protocol: active wait-for-idle (not a flat 10s sleep), baseline_elevated persisted, page cache evicted per row"
clean_iso_bitrate_sweep_2026-09-06,RTX 5080 NVENC,"v0.6.1 (default model, explicit override 2026-09-06)",readysetgo_30s,"sport (SI~38.5/TI~40.4, measured 2026-08-28)",h264,gpu_tuned,gpu,sweep,1080,3000,3002.4,65.45,0.2729,52.83,3,Repeatable,results/calibration/_staging/encode_parity_CLEAN_nvenc_24c_2026-09-06.json,"measured point; pass 2 of 2; clean protocol: active wait-for-idle (not a flat 10s sleep), baseline_elevated persisted, page cache evicted per row"
clean_iso_bitrate_sweep_2026-09-06,"Ryzen 9 7900 (24c CPU, libx264/libx265/libsvtav1)","v0.6.1 (default model, explicit override 2026-09-06)",readysetgo_30s,"sport (SI~38.5/TI~40.4, measured 2026-08-28)",h264,cpu,cpu,sweep,1080,4500,4554.6,85.47,0.5353,70.59,2,Repeatable,results/calibration/_staging/encode_parity_CLEAN_nvenc_24c_2026-09-06.json,"measured point; pass 2 of 2; clean protocol: active wait-for-idle (not a flat 10s sleep), baseline_elevated persisted, page cache evicted per row"
clean_iso_bitrate_sweep_2026-09-06,RTX 5080 NVENC,"v0.6.1 (default model, explicit override 2026-09-06)",readysetgo_30s,"sport (SI~38.5/TI~40.4, measured 2026-08-28)",h264,gpu_baseline,gpu,sweep,1080,4500,4508.2,84.64,0.1763,52.46,4,Repeatable,results/calibration/_staging/encode_parity_CLEAN_nvenc_24c_2026-09-06.json,"measured point; pass 2 of 2; clean protocol: active wait-for-idle (not a flat 10s sleep), baseline_elevated persisted, page cache evicted per row"
clean_iso_bitrate_sweep_2026-09-06,RTX 5080 NVENC,"v0.6.1 (default model, explicit override 2026-09-06)",readysetgo_30s,"sport (SI~38.5/TI~40.4, measured 2026-08-28)",h264,gpu_tuned,gpu,sweep,1080,4500,4507.4,82.91,0.2591,50.87,3,Repeatable,results/calibration/_staging/encode_parity_CLEAN_nvenc_24c_2026-09-06.json,"measured point; pass 2 of 2; clean protocol: active wait-for-idle (not a flat 10s sleep), baseline_elevated persisted, page cache evicted per row"
clean_iso_bitrate_sweep_2026-09-06,"Ryzen 9 7900 (24c CPU, libx264/libx265/libsvtav1)","v0.6.1 (default model, explicit override 2026-09-06)",readysetgo_30s,"sport (SI~38.5/TI~40.4, measured 2026-08-28)",h264,cpu,cpu,sweep,1080,6000,6070.9,93.98,0.5514,70.64,2,Repeatable,results/calibration/_staging/encode_parity_CLEAN_nvenc_24c_2026-09-06.json,"measured point; pass 2 of 2; clean protocol: active wait-for-idle (not a flat 10s sleep), baseline_elevated persisted, page cache evicted per row"
clean_iso_bitrate_sweep_2026-09-06,RTX 5080 NVENC,"v0.6.1 (default model, explicit override 2026-09-06)",readysetgo_30s,"sport (SI~38.5/TI~40.4, measured 2026-08-28)",h264,gpu_baseline,gpu,sweep,1080,6000,6016.5,92.97,0.1731,51.93,4,Repeatable,results/calibration/_staging/encode_parity_CLEAN_nvenc_24c_2026-09-06.json,"measured point; pass 2 of 2; clean protocol: active wait-for-idle (not a flat 10s sleep), baseline_elevated persisted, page cache evicted per row"
clean_iso_bitrate_sweep_2026-09-06,RTX 5080 NVENC,"v0.6.1 (default model, explicit override 2026-09-06)",readysetgo_30s,"sport (SI~38.5/TI~40.4, measured 2026-08-28)",h264,gpu_tuned,gpu,sweep,1080,6000,6016.4,92.1,0.2873,56.62,3,Repeatable,results/calibration/_staging/encode_parity_CLEAN_nvenc_24c_2026-09-06.json,"measured point; pass 2 of 2; clean protocol: active wait-for-idle (not a flat 10s sleep), baseline_elevated persisted, page cache evicted per row"
clean_iso_bitrate_sweep_2026-09-06,"Ryzen 9 7900 (24c CPU, libx264/libx265/libsvtav1)","v0.6.1 (default model, explicit override 2026-09-06)",readysetgo_30s,"sport (SI~38.5/TI~40.4, measured 2026-08-28)",h264,cpu,cpu,sweep,1080,8000,8094.0,98.29,0.5643,69.33,2,Repeatable,results/calibration/_staging/encode_parity_CLEAN_nvenc_24c_2026-09-06.json,"measured point; pass 2 of 2; clean protocol: active wait-for-idle (not a flat 10s sleep), baseline_elevated persisted, page cache evicted per row"
clean_iso_bitrate_sweep_2026-09-06,RTX 5080 NVENC,"v0.6.1 (default model, explicit override 2026-09-06)",readysetgo_30s,"sport (SI~38.5/TI~40.4, measured 2026-08-28)",h264,gpu_baseline,gpu,sweep,1080,8000,8031.9,97.83,0.1729,51.64,4,Repeatable,results/calibration/_staging/encode_parity_CLEAN_nvenc_24c_2026-09-06.json,"measured point; pass 2 of 2; clean protocol: active wait-for-idle (not a flat 10s sleep), baseline_elevated persisted, page cache evicted per row"
clean_iso_bitrate_sweep_2026-09-06,RTX 5080 NVENC,"v0.6.1 (default model, explicit override 2026-09-06)",readysetgo_30s,"sport (SI~38.5/TI~40.4, measured 2026-08-28)",h264,gpu_tuned,gpu,sweep,1080,8000,8035.6,97.62,0.2607,51.37,3,Repeatable,results/calibration/_staging/encode_parity_CLEAN_nvenc_24c_2026-09-06.json,"measured point; pass 2 of 2; clean protocol: active wait-for-idle (not a flat 10s sleep), baseline_elevated persisted, page cache evicted per row"
clean_iso_bitrate_sweep_2026-09-06,"Ryzen 9 7900 (24c CPU, libx264/libx265/libsvtav1)","v0.6.1 (default model, explicit override 2026-09-06)",readysetgo_30s,"sport (SI~38.5/TI~40.4, measured 2026-08-28)",h264,cpu,cpu,sweep,1080,11000,11127.0,99.71,0.5934,69.81,2,Repeatable,results/calibration/_staging/encode_parity_CLEAN_nvenc_24c_2026-09-06.json,"measured point; pass 2 of 2; clean protocol: active wait-for-idle (not a flat 10s sleep), baseline_elevated persisted, page cache evicted per row"
clean_iso_bitrate_sweep_2026-09-06,RTX 5080 NVENC,"v0.6.1 (default model, explicit override 2026-09-06)",readysetgo_30s,"sport (SI~38.5/TI~40.4, measured 2026-08-28)",h264,gpu_baseline,gpu,sweep,1080,11000,11051.3,99.53,0.1797,53.89,4,Repeatable,results/calibration/_staging/encode_parity_CLEAN_nvenc_24c_2026-09-06.json,"measured point; pass 2 of 2; clean protocol: active wait-for-idle (not a flat 10s sleep), baseline_elevated persisted, page cache evicted per row"
clean_iso_bitrate_sweep_2026-09-06,RTX 5080 NVENC,"v0.6.1 (default model, explicit override 2026-09-06)",readysetgo_30s,"sport (SI~38.5/TI~40.4, measured 2026-08-28)",h264,gpu_tuned,gpu,sweep,1080,11000,11051.4,99.53,0.264,52.41,3,Repeatable,results/calibration/_staging/encode_parity_CLEAN_nvenc_24c_2026-09-06.json,"measured point; pass 2 of 2; clean protocol: active wait-for-idle (not a flat 10s sleep), baseline_elevated persisted, page cache evicted per row"
clean_iso_bitrate_sweep_2026-09-06,"Ryzen 9 7900 (24c CPU, libx264/libx265/libsvtav1)","v0.6.1 (default model, explicit override 2026-09-06)",readysetgo_30s,"sport (SI~38.5/TI~40.4, measured 2026-08-28)",h264,cpu,cpu,sweep,1080,13000,13145.0,99.89,0.6068,69.57,2,Repeatable,results/calibration/_staging/encode_parity_CLEAN_nvenc_24c_2026-09-06.json,"measured point; pass 2 of 2; clean protocol: active wait-for-idle (not a flat 10s sleep), baseline_elevated persisted, page cache evicted per row"
clean_iso_bitrate_sweep_2026-09-06,RTX 5080 NVENC,"v0.6.1 (default model, explicit override 2026-09-06)",readysetgo_30s,"sport (SI~38.5/TI~40.4, measured 2026-08-28)",h264,gpu_baseline,gpu,sweep,1080,13000,13064.1,99.77,0.1796,53.66,4,Repeatable,results/calibration/_staging/encode_parity_CLEAN_nvenc_24c_2026-09-06.json,"measured point; pass 2 of 2; clean protocol: active wait-for-idle (not a flat 10s sleep), baseline_elevated persisted, page cache evicted per row"
clean_iso_bitrate_sweep_2026-09-06,RTX 5080 NVENC,"v0.6.1 (default model, explicit override 2026-09-06)",readysetgo_30s,"sport (SI~38.5/TI~40.4, measured 2026-08-28)",h264,gpu_tuned,gpu,sweep,1080,13000,13065.5,99.81,0.26,51.43,3,Repeatable,results/calibration/_staging/encode_parity_CLEAN_nvenc_24c_2026-09-06.json,"measured point; pass 2 of 2; clean protocol: active wait-for-idle (not a flat 10s sleep), baseline_elevated persisted, page cache evicted per row"
clean_iso_bitrate_sweep_2026-09-06,"Ryzen 9 7900 (24c CPU, libx264/libx265/libsvtav1)","v0.6.1 (default model, explicit override 2026-09-06)",readysetgo_30s,"sport (SI~38.5/TI~40.4, measured 2026-08-28)",h264,cpu,cpu,sweep,1080,15000,15162.8,99.93,0.6347,70.09,2,Repeatable,results/calibration/_staging/encode_parity_CLEAN_nvenc_24c_2026-09-06.json,"measured point; pass 2 of 2; clean protocol: active wait-for-idle (not a flat 10s sleep), baseline_elevated persisted, page cache evicted per row"
clean_iso_bitrate_sweep_2026-09-06,RTX 5080 NVENC,"v0.6.1 (default model, explicit override 2026-09-06)",readysetgo_30s,"sport (SI~38.5/TI~40.4, measured 2026-08-28)",h264,gpu_tuned,gpu,sweep,1080,15000,15074.3,99.9,0.2875,57.07,3,Repeatable,results/calibration/_staging/encode_parity_CLEAN_nvenc_24c_2026-09-06.json,"measured point; pass 2 of 2; clean protocol: active wait-for-idle (not a flat 10s sleep), baseline_elevated persisted, page cache evicted per row"
clean_iso_bitrate_sweep_2026-09-06,"Ryzen 9 7900 (24c CPU, libx264/libx265/libsvtav1)","v0.6.1 (default model, explicit override 2026-09-06)",readysetgo_30s,"sport (SI~38.5/TI~40.4, measured 2026-08-28)",h265,cpu,cpu,sweep,1080,1500,1518.1,64.55,0.8284,68.72,1,Repeatable,results/calibration/_staging/encode_parity_CLEAN_nvenc_24c_2026-09-06.json,"measured point; pass 2 of 2; clean protocol: active wait-for-idle (not a flat 10s sleep), baseline_elevated persisted, page cache evicted per row"
clean_iso_bitrate_sweep_2026-09-06,RTX 5080 NVENC,"v0.6.1 (default model, explicit override 2026-09-06)",readysetgo_30s,"sport (SI~38.5/TI~40.4, measured 2026-08-28)",h265,gpu_baseline,gpu,sweep,1080,1500,1508.7,60.57,0.1726,51.77,4,Repeatable,results/calibration/_staging/encode_parity_CLEAN_nvenc_24c_2026-09-06.json,"measured point; pass 2 of 2; clean protocol: active wait-for-idle (not a flat 10s sleep), baseline_elevated persisted, page cache evicted per row"
clean_iso_bitrate_sweep_2026-09-06,RTX 5080 NVENC,"v0.6.1 (default model, explicit override 2026-09-06)",readysetgo_30s,"sport (SI~38.5/TI~40.4, measured 2026-08-28)",h265,gpu_tuned,gpu,sweep,1080,1500,1506.8,60.23,0.3731,46.48,2,Repeatable,results/calibration/_staging/encode_parity_CLEAN_nvenc_24c_2026-09-06.json,"measured point; pass 2 of 2; clean protocol: active wait-for-idle (not a flat 10s sleep), baseline_elevated persisted, page cache evicted per row"
clean_iso_bitrate_sweep_2026-09-06,"Ryzen 9 7900 (24c CPU, libx264/libx265/libsvtav1)","v0.6.1 (default model, explicit override 2026-09-06)",readysetgo_30s,"sport (SI~38.5/TI~40.4, measured 2026-08-28)",h265,cpu,cpu,sweep,1080,2500,2534.6,79.57,0.9062,67.69,1,Repeatable,results/calibration/_staging/encode_parity_CLEAN_nvenc_24c_2026-09-06.json,"measured point; pass 2 of 2; clean protocol: active wait-for-idle (not a flat 10s sleep), baseline_elevated persisted, page cache evicted per row"
clean_iso_bitrate_sweep_2026-09-06,RTX 5080 NVENC,"v0.6.1 (default model, explicit override 2026-09-06)",readysetgo_30s,"sport (SI~38.5/TI~40.4, measured 2026-08-28)",h265,gpu_baseline,gpu,sweep,1080,2500,2518.2,76.21,0.1762,52.84,4,Repeatable,results/calibration/_staging/encode_parity_CLEAN_nvenc_24c_2026-09-06.json,"measured point; pass 2 of 2; clean protocol: active wait-for-idle (not a flat 10s sleep), baseline_elevated persisted, page cache evicted per row"
clean_iso_bitrate_sweep_2026-09-06,RTX 5080 NVENC,"v0.6.1 (default model, explicit override 2026-09-06)",readysetgo_30s,"sport (SI~38.5/TI~40.4, measured 2026-08-28)",h265,gpu_tuned,gpu,sweep,1080,2500,2516.9,76.33,0.3806,47.41,2,Repeatable,results/calibration/_staging/encode_parity_CLEAN_nvenc_24c_2026-09-06.json,"measured point; pass 2 of 2; clean protocol: active wait-for-idle (not a flat 10s sleep), baseline_elevated persisted, page cache evicted per row"
clean_iso_bitrate_sweep_2026-09-06,"Ryzen 9 7900 (24c CPU, libx264/libx265/libsvtav1)","v0.6.1 (default model, explicit override 2026-09-06)",readysetgo_30s,"sport (SI~38.5/TI~40.4, measured 2026-08-28)",h265,cpu,cpu,sweep,1080,3500,3551.0,88.82,0.9982,69.1,1,Repeatable,results/calibration/_staging/encode_parity_CLEAN_nvenc_24c_2026-09-06.json,"measured point; pass 2 of 2; clean protocol: active wait-for-idle (not a flat 10s sleep), baseline_elevated persisted, page cache evicted per row"
clean_iso_bitrate_sweep_2026-09-06,RTX 5080 NVENC,"v0.6.1 (default model, explicit override 2026-09-06)",readysetgo_30s,"sport (SI~38.5/TI~40.4, measured 2026-08-28)",h265,gpu_baseline,gpu,sweep,1080,3500,3530.3,86.25,0.182,54.36,4,Repeatable,results/calibration/_staging/encode_parity_CLEAN_nvenc_24c_2026-09-06.json,"measured point; pass 2 of 2; clean protocol: active wait-for-idle (not a flat 10s sleep), baseline_elevated persisted, page cache evicted per row"
clean_iso_bitrate_sweep_2026-09-06,RTX 5080 NVENC,"v0.6.1 (default model, explicit override 2026-09-06)",readysetgo_30s,"sport (SI~38.5/TI~40.4, measured 2026-08-28)",h265,gpu_tuned,gpu,sweep,1080,3500,3527.9,86.71,0.3744,46.64,2,Repeatable,results/calibration/_staging/encode_parity_CLEAN_nvenc_24c_2026-09-06.json,"measured point; pass 2 of 2; clean protocol: active wait-for-idle (not a flat 10s sleep), baseline_elevated persisted, page cache evicted per row"
clean_iso_bitrate_sweep_2026-09-06,"Ryzen 9 7900 (24c CPU, libx264/libx265/libsvtav1)","v0.6.1 (default model, explicit override 2026-09-06)",readysetgo_30s,"sport (SI~38.5/TI~40.4, measured 2026-08-28)",h265,cpu,cpu,sweep,1080,5000,5077.2,96.1,1.1054,70.06,1,Repeatable,results/calibration/_staging/encode_parity_CLEAN_nvenc_24c_2026-09-06.json,"measured point; pass 2 of 2; clean protocol: active wait-for-idle (not a flat 10s sleep), baseline_elevated persisted, page cache evicted per row"
clean_iso_bitrate_sweep_2026-09-06,RTX 5080 NVENC,"v0.6.1 (default model, explicit override 2026-09-06)",readysetgo_30s,"sport (SI~38.5/TI~40.4, measured 2026-08-28)",h265,gpu_baseline,gpu,sweep,1080,5000,5055.8,94.94,0.1768,53.04,4,Repeatable,results/calibration/_staging/encode_parity_CLEAN_nvenc_24c_2026-09-06.json,"measured point; pass 2 of 2; clean protocol: active wait-for-idle (not a flat 10s sleep), baseline_elevated persisted, page cache evicted per row"
clean_iso_bitrate_sweep_2026-09-06,RTX 5080 NVENC,"v0.6.1 (default model, explicit override 2026-09-06)",readysetgo_30s,"sport (SI~38.5/TI~40.4, measured 2026-08-28)",h265,gpu_tuned,gpu,sweep,1080,5000,5048.4,95.23,0.3809,47.45,2,Repeatable,results/calibration/_staging/encode_parity_CLEAN_nvenc_24c_2026-09-06.json,"measured point; pass 2 of 2; clean protocol: active wait-for-idle (not a flat 10s sleep), baseline_elevated persisted, page cache evicted per row"
clean_iso_bitrate_sweep_2026-09-06,"Ryzen 9 7900 (24c CPU, libx264/libx265/libsvtav1)","v0.6.1 (default model, explicit override 2026-09-06)",readysetgo_30s,"sport (SI~38.5/TI~40.4, measured 2026-08-28)",h265,cpu,cpu,sweep,1080,7000,7108.5,98.87,1.2,69.9,1,Repeatable,results/calibration/_staging/encode_parity_CLEAN_nvenc_24c_2026-09-06.json,"measured point; pass 2 of 2; clean protocol: active wait-for-idle (not a flat 10s sleep), baseline_elevated persisted, page cache evicted per row"
clean_iso_bitrate_sweep_2026-09-06,RTX 5080 NVENC,"v0.6.1 (default model, explicit override 2026-09-06)",readysetgo_30s,"sport (SI~38.5/TI~40.4, measured 2026-08-28)",h265,gpu_baseline,gpu,sweep,1080,7000,7083.1,98.88,0.1795,53.87,4,Repeatable,results/calibration/_staging/encode_parity_CLEAN_nvenc_24c_2026-09-06.json,"measured point; pass 2 of 2; clean protocol: active wait-for-idle (not a flat 10s sleep), baseline_elevated persisted, page cache evicted per row"
clean_iso_bitrate_sweep_2026-09-06,RTX 5080 NVENC,"v0.6.1 (default model, explicit override 2026-09-06)",readysetgo_30s,"sport (SI~38.5/TI~40.4, measured 2026-08-28)",h265,gpu_tuned,gpu,sweep,1080,7000,7071.2,99.07,0.3861,48.1,2,Repeatable,results/calibration/_staging/encode_parity_CLEAN_nvenc_24c_2026-09-06.json,"measured point; pass 2 of 2; clean protocol: active wait-for-idle (not a flat 10s sleep), baseline_elevated persisted, page cache evicted per row"
clean_iso_bitrate_sweep_2026-09-06,"Ryzen 9 7900 (24c CPU, libx264/libx265/libsvtav1)","v0.6.1 (default model, explicit override 2026-09-06)",readysetgo_30s,"sport (SI~38.5/TI~40.4, measured 2026-08-28)",h265,cpu,cpu,sweep,1080,8500,8634.0,99.51,1.262,69.68,1,Repeatable,results/calibration/_staging/encode_parity_CLEAN_nvenc_24c_2026-09-06.json,"measured point; pass 2 of 2; clean protocol: active wait-for-idle (not a flat 10s sleep), baseline_elevated persisted, page cache evicted per row"
clean_iso_bitrate_sweep_2026-09-06,RTX 5080 NVENC,"v0.6.1 (default model, explicit override 2026-09-06)",readysetgo_30s,"sport (SI~38.5/TI~40.4, measured 2026-08-28)",h265,gpu_baseline,gpu,sweep,1080,8500,8605.9,99.54,0.1868,55.37,4,Repeatable,results/calibration/_staging/encode_parity_CLEAN_nvenc_24c_2026-09-06.json,"measured point; pass 2 of 2; clean protocol: active wait-for-idle (not a flat 10s sleep), baseline_elevated persisted, page cache evicted per row"
clean_iso_bitrate_sweep_2026-09-06,RTX 5080 NVENC,"v0.6.1 (default model, explicit override 2026-09-06)",readysetgo_30s,"sport (SI~38.5/TI~40.4, measured 2026-08-28)",h265,gpu_tuned,gpu,sweep,1080,8500,8591.8,99.69,0.3884,48.22,2,Repeatable,results/calibration/_staging/encode_parity_CLEAN_nvenc_24c_2026-09-06.json,"measured point; pass 2 of 2; clean protocol: active wait-for-idle (not a flat 10s sleep), baseline_elevated persisted, page cache evicted per row"
clean_iso_bitrate_sweep_2026-09-06,"Ryzen 9 7900 (24c CPU, libx264/libx265/libsvtav1)","v0.6.1 (default model, explicit override 2026-09-06)",readysetgo_30s,"sport (SI~38.5/TI~40.4, measured 2026-08-28)",h265,cpu,cpu,sweep,1080,10000,10151.9,99.76,1.3528,71.83,1,Repeatable,results/calibration/_staging/encode_parity_CLEAN_nvenc_24c_2026-09-06.json,"measured point; pass 2 of 2; clean protocol: active wait-for-idle (not a flat 10s sleep), baseline_elevated persisted, page cache evicted per row"
clean_iso_bitrate_sweep_2026-09-06,RTX 5080 NVENC,"v0.6.1 (default model, explicit override 2026-09-06)",readysetgo_30s,"sport (SI~38.5/TI~40.4, measured 2026-08-28)",h265,gpu_baseline,gpu,sweep,1080,10000,10135.6,99.78,0.1859,55.54,4,Repeatable,results/calibration/_staging/encode_parity_CLEAN_nvenc_24c_2026-09-06.json,"measured point; pass 2 of 2; clean protocol: active wait-for-idle (not a flat 10s sleep), baseline_elevated persisted, page cache evicted per row"
clean_iso_bitrate_sweep_2026-09-06,RTX 5080 NVENC,"v0.6.1 (default model, explicit override 2026-09-06)",readysetgo_30s,"sport (SI~38.5/TI~40.4, measured 2026-08-28)",h265,gpu_tuned,gpu,sweep,1080,10000,10113.1,99.88,0.371,46.22,2,Repeatable,results/calibration/_staging/encode_parity_CLEAN_nvenc_24c_2026-09-06.json,"measured point; pass 2 of 2; clean protocol: active wait-for-idle (not a flat 10s sleep), baseline_elevated persisted, page cache evicted per row"
clean_iso_bitrate_sweep_2026-09-06,"Ryzen 9 7900 (24c CPU, libx264/libx265/libsvtav1)","v0.6.1 (default model, explicit override 2026-09-06)",readysetgo_30s,"sport (SI~38.5/TI~40.4, measured 2026-08-28)",av1,cpu,cpu,sweep,1080,1000,1185.3,62.47,0.4726,67.52,2,Repeatable,results/calibration/_staging/encode_parity_CLEAN_nvenc_24c_2026-09-06.json,"measured point; pass 2 of 2; clean protocol: active wait-for-idle (not a flat 10s sleep), baseline_elevated persisted, page cache evicted per row"
clean_iso_bitrate_sweep_2026-09-06,RTX 5080 NVENC,"v0.6.1 (default model, explicit override 2026-09-06)",readysetgo_30s,"sport (SI~38.5/TI~40.4, measured 2026-08-28)",av1,gpu_baseline,gpu,sweep,1080,1000,1181.2,50.42,0.1846,54.92,4,Repeatable,results/calibration/_staging/encode_parity_CLEAN_nvenc_24c_2026-09-06.json,"measured point; pass 2 of 2; clean protocol: active wait-for-idle (not a flat 10s sleep), baseline_elevated persisted, page cache evicted per row"
clean_iso_bitrate_sweep_2026-09-06,RTX 5080 NVENC,"v0.6.1 (default model, explicit override 2026-09-06)",readysetgo_30s,"sport (SI~38.5/TI~40.4, measured 2026-08-28)",av1,gpu_tuned,gpu,sweep,1080,1000,1270.0,51.92,0.2712,52.49,3,Repeatable,results/calibration/_staging/encode_parity_CLEAN_nvenc_24c_2026-09-06.json,"measured point; pass 2 of 2; clean protocol: active wait-for-idle (not a flat 10s sleep), baseline_elevated persisted, page cache evicted per row"
clean_iso_bitrate_sweep_2026-09-06,"Ryzen 9 7900 (24c CPU, libx264/libx265/libsvtav1)","v0.6.1 (default model, explicit override 2026-09-06)",readysetgo_30s,"sport (SI~38.5/TI~40.4, measured 2026-08-28)",av1,cpu,cpu,sweep,1080,1800,1469.0,67.3,0.4802,67.26,2,Repeatable,results/calibration/_staging/encode_parity_CLEAN_nvenc_24c_2026-09-06.json,"measured point; pass 2 of 2; clean protocol: active wait-for-idle (not a flat 10s sleep), baseline_elevated persisted, page cache evicted per row"
clean_iso_bitrate_sweep_2026-09-06,RTX 5080 NVENC,"v0.6.1 (default model, explicit override 2026-09-06)",readysetgo_30s,"sport (SI~38.5/TI~40.4, measured 2026-08-28)",av1,gpu_baseline,gpu,sweep,1080,1800,1823.5,69.81,0.1886,56.11,4,Repeatable,results/calibration/_staging/encode_parity_CLEAN_nvenc_24c_2026-09-06.json,"measured point; pass 2 of 2; clean protocol: active wait-for-idle (not a flat 10s sleep), baseline_elevated persisted, page cache evicted per row"
clean_iso_bitrate_sweep_2026-09-06,RTX 5080 NVENC,"v0.6.1 (default model, explicit override 2026-09-06)",readysetgo_30s,"sport (SI~38.5/TI~40.4, measured 2026-08-28)",av1,gpu_tuned,gpu,sweep,1080,1800,1821.3,65.58,0.269,52.07,3,Repeatable,results/calibration/_staging/encode_parity_CLEAN_nvenc_24c_2026-09-06.json,"measured point; pass 2 of 2; clean protocol: active wait-for-idle (not a flat 10s sleep), baseline_elevated persisted, page cache evicted per row"
clean_iso_bitrate_sweep_2026-09-06,"Ryzen 9 7900 (24c CPU, libx264/libx265/libsvtav1)","v0.6.1 (default model, explicit override 2026-09-06)",readysetgo_30s,"sport (SI~38.5/TI~40.4, measured 2026-08-28)",av1,cpu,cpu,sweep,1080,2800,2674.7,83.0,0.5219,69.07,2,Repeatable,results/calibration/_staging/encode_parity_CLEAN_nvenc_24c_2026-09-06.json,"measured point; pass 2 of 2; clean protocol: active wait-for-idle (not a flat 10s sleep), baseline_elevated persisted, page cache evicted per row"
clean_iso_bitrate_sweep_2026-09-06,RTX 5080 NVENC,"v0.6.1 (default model, explicit override 2026-09-06)",readysetgo_30s,"sport (SI~38.5/TI~40.4, measured 2026-08-28)",av1,gpu_baseline,gpu,sweep,1080,2800,2831.9,83.01,0.1839,54.71,4,Repeatable,results/calibration/_staging/encode_parity_CLEAN_nvenc_24c_2026-09-06.json,"measured point; pass 2 of 2; clean protocol: active wait-for-idle (not a flat 10s sleep), baseline_elevated persisted, page cache evicted per row"
clean_iso_bitrate_sweep_2026-09-06,RTX 5080 NVENC,"v0.6.1 (default model, explicit override 2026-09-06)",readysetgo_30s,"sport (SI~38.5/TI~40.4, measured 2026-08-28)",av1,gpu_tuned,gpu,sweep,1080,2800,2828.1,79.24,0.2775,53.7,3,Repeatable,results/calibration/_staging/encode_parity_CLEAN_nvenc_24c_2026-09-06.json,"measured point; pass 2 of 2; clean protocol: active wait-for-idle (not a flat 10s sleep), baseline_elevated persisted, page cache evicted per row"
clean_iso_bitrate_sweep_2026-09-06,"Ryzen 9 7900 (24c CPU, libx264/libx265/libsvtav1)","v0.6.1 (default model, explicit override 2026-09-06)",readysetgo_30s,"sport (SI~38.5/TI~40.4, measured 2026-08-28)",av1,cpu,cpu,sweep,1080,4000,3973.9,92.63,0.5627,69.38,2,Repeatable,results/calibration/_staging/encode_parity_CLEAN_nvenc_24c_2026-09-06.json,"measured point; pass 2 of 2; clean protocol: active wait-for-idle (not a flat 10s sleep), baseline_elevated persisted, page cache evicted per row"
clean_iso_bitrate_sweep_2026-09-06,RTX 5080 NVENC,"v0.6.1 (default model, explicit override 2026-09-06)",readysetgo_30s,"sport (SI~38.5/TI~40.4, measured 2026-08-28)",av1,gpu_baseline,gpu,sweep,1080,4000,4049.6,92.13,0.1855,55.21,4,Repeatable,results/calibration/_staging/encode_parity_CLEAN_nvenc_24c_2026-09-06.json,"measured point; pass 2 of 2; clean protocol: active wait-for-idle (not a flat 10s sleep), baseline_elevated persisted, page cache evicted per row"
clean_iso_bitrate_sweep_2026-09-06,RTX 5080 NVENC,"v0.6.1 (default model, explicit override 2026-09-06)",readysetgo_30s,"sport (SI~38.5/TI~40.4, measured 2026-08-28)",av1,gpu_tuned,gpu,sweep,1080,4000,4045.6,89.54,0.2973,57.14,3,Repeatable,results/calibration/_staging/encode_parity_CLEAN_nvenc_24c_2026-09-06.json,"measured point; pass 2 of 2; clean protocol: active wait-for-idle (not a flat 10s sleep), baseline_elevated persisted, page cache evicted per row"
clean_iso_bitrate_sweep_2026-09-06,"Ryzen 9 7900 (24c CPU, libx264/libx265/libsvtav1)","v0.6.1 (default model, explicit override 2026-09-06)",readysetgo_30s,"sport (SI~38.5/TI~40.4, measured 2026-08-28)",av1,cpu,cpu,sweep,1080,6000,5945.6,97.27,0.5693,70.67,2,Repeatable,results/calibration/_staging/encode_parity_CLEAN_nvenc_24c_2026-09-06.json,"measured point; pass 2 of 2; clean protocol: active wait-for-idle (not a flat 10s sleep), baseline_elevated persisted, page cache evicted per row"
clean_iso_bitrate_sweep_2026-09-06,RTX 5080 NVENC,"v0.6.1 (default model, explicit override 2026-09-06)",readysetgo_30s,"sport (SI~38.5/TI~40.4, measured 2026-08-28)",av1,gpu_tuned,gpu,sweep,1080,6000,6065.7,97.64,0.2815,54.1,3,Repeatable,results/calibration/_staging/encode_parity_CLEAN_nvenc_24c_2026-09-06.json,"measured point; pass 2 of 2; clean protocol: active wait-for-idle (not a flat 10s sleep), baseline_elevated persisted, page cache evicted per row"
clean_iso_bitrate_sweep_2026-09-06,"Ryzen 9 7900 (24c CPU, libx264/libx265/libsvtav1)","v0.6.1 (default model, explicit override 2026-09-06)",readysetgo_30s,"sport (SI~38.5/TI~40.4, measured 2026-08-28)",av1,cpu,cpu,sweep,1080,7500,7275.1,98.5,0.5774,69.75,2,Repeatable,results/calibration/_staging/encode_parity_CLEAN_nvenc_24c_2026-09-06.json,"measured point; pass 2 of 2; clean protocol: active wait-for-idle (not a flat 10s sleep), baseline_elevated persisted, page cache evicted per row"
clean_iso_bitrate_sweep_2026-09-06,RTX 5080 NVENC,"v0.6.1 (default model, explicit override 2026-09-06)",readysetgo_30s,"sport (SI~38.5/TI~40.4, measured 2026-08-28)",av1,gpu_baseline,gpu,sweep,1080,7500,7592.0,99.43,0.1818,54.09,4,Repeatable,results/calibration/_staging/encode_parity_CLEAN_nvenc_24c_2026-09-06.json,"measured point; pass 2 of 2; clean protocol: active wait-for-idle (not a flat 10s sleep), baseline_elevated persisted, page cache evicted per row"
clean_iso_bitrate_sweep_2026-09-06,RTX 5080 NVENC,"v0.6.1 (default model, explicit override 2026-09-06)",readysetgo_30s,"sport (SI~38.5/TI~40.4, measured 2026-08-28)",av1,gpu_tuned,gpu,sweep,1080,7500,7581.1,99.34,0.2719,52.62,3,Repeatable,results/calibration/_staging/encode_parity_CLEAN_nvenc_24c_2026-09-06.json,"measured point; pass 2 of 2; clean protocol: active wait-for-idle (not a flat 10s sleep), baseline_elevated persisted, page cache evicted per row"
clean_iso_bitrate_sweep_2026-09-06,"Ryzen 9 7900 (24c CPU, libx264/libx265/libsvtav1)","v0.6.1 (default model, explicit override 2026-09-06)",football_30s,"sport-broadcast (SI~48.3/TI~10.3, measured 2026-09-04)",h264,cpu,cpu,sweep,1080,3000,3034.1,76.08,0.3519,69.86,3,Repeatable,results/calibration/_staging/encode_parity_CLEAN_nvenc_24c_2026-09-06.json,"measured point; pass 2 of 2; clean protocol: active wait-for-idle (not a flat 10s sleep), baseline_elevated persisted, page cache evicted per row"
clean_iso_bitrate_sweep_2026-09-06,RTX 5080 NVENC,"v0.6.1 (default model, explicit override 2026-09-06)",football_30s,"sport-broadcast (SI~48.3/TI~10.3, measured 2026-09-04)",h264,gpu_baseline,gpu,sweep,1080,3000,2996.0,74.09,0.1236,59.57,6,Repeatable,results/calibration/_staging/encode_parity_CLEAN_nvenc_24c_2026-09-06.json,"measured point; pass 2 of 2; clean protocol: active wait-for-idle (not a flat 10s sleep), baseline_elevated persisted, page cache evicted per row"
clean_iso_bitrate_sweep_2026-09-06,RTX 5080 NVENC,"v0.6.1 (default model, explicit override 2026-09-06)",football_30s,"sport-broadcast (SI~48.3/TI~10.3, measured 2026-09-04)",h264,gpu_tuned,gpu,sweep,1080,3000,3008.2,71.35,0.2271,51.09,3,Repeatable,results/calibration/_staging/encode_parity_CLEAN_nvenc_24c_2026-09-06.json,"measured point; pass 2 of 2; clean protocol: active wait-for-idle (not a flat 10s sleep), baseline_elevated persisted, page cache evicted per row"
clean_iso_bitrate_sweep_2026-09-06,"Ryzen 9 7900 (24c CPU, libx264/libx265/libsvtav1)","v0.6.1 (default model, explicit override 2026-09-06)",football_30s,"sport-broadcast (SI~48.3/TI~10.3, measured 2026-09-04)",h264,cpu,cpu,sweep,1080,4500,4536.1,83.6,0.3775,70.3,3,Repeatable,results/calibration/_staging/encode_parity_CLEAN_nvenc_24c_2026-09-06.json,"measured point; pass 2 of 2; clean protocol: active wait-for-idle (not a flat 10s sleep), baseline_elevated persisted, page cache evicted per row"
clean_iso_bitrate_sweep_2026-09-06,RTX 5080 NVENC,"v0.6.1 (default model, explicit override 2026-09-06)",football_30s,"sport-broadcast (SI~48.3/TI~10.3, measured 2026-09-04)",h264,gpu_baseline,gpu,sweep,1080,4500,4498.7,82.37,0.1257,60.06,6,Repeatable,results/calibration/_staging/encode_parity_CLEAN_nvenc_24c_2026-09-06.json,"measured point; pass 2 of 2; clean protocol: active wait-for-idle (not a flat 10s sleep), baseline_elevated persisted, page cache evicted per row"
clean_iso_bitrate_sweep_2026-09-06,RTX 5080 NVENC,"v0.6.1 (default model, explicit override 2026-09-06)",football_30s,"sport-broadcast (SI~48.3/TI~10.3, measured 2026-09-04)",h264,gpu_tuned,gpu,sweep,1080,4500,4512.3,80.52,0.2284,51.18,3,Repeatable,results/calibration/_staging/encode_parity_CLEAN_nvenc_24c_2026-09-06.json,"measured point; pass 2 of 2; clean protocol: active wait-for-idle (not a flat 10s sleep), baseline_elevated persisted, page cache evicted per row"
clean_iso_bitrate_sweep_2026-09-06,"Ryzen 9 7900 (24c CPU, libx264/libx265/libsvtav1)","v0.6.1 (default model, explicit override 2026-09-06)",football_30s,"sport-broadcast (SI~48.3/TI~10.3, measured 2026-09-04)",h264,cpu,cpu,sweep,1080,6000,6029.9,87.35,0.3821,68.1,2,Repeatable,results/calibration/_staging/encode_parity_CLEAN_nvenc_24c_2026-09-06.json,"measured point; pass 2 of 2; clean protocol: active wait-for-idle (not a flat 10s sleep), baseline_elevated persisted, page cache evicted per row"
clean_iso_bitrate_sweep_2026-09-06,RTX 5080 NVENC,"v0.6.1 (default model, explicit override 2026-09-06)",football_30s,"sport-broadcast (SI~48.3/TI~10.3, measured 2026-09-04)",h264,gpu_baseline,gpu,sweep,1080,6000,5991.4,86.53,0.1263,60.89,6,Repeatable,results/calibration/_staging/encode_parity_CLEAN_nvenc_24c_2026-09-06.json,"measured point; pass 2 of 2; clean protocol: active wait-for-idle (not a flat 10s sleep), baseline_elevated persisted, page cache evicted per row"
clean_iso_bitrate_sweep_2026-09-06,RTX 5080 NVENC,"v0.6.1 (default model, explicit override 2026-09-06)",football_30s,"sport-broadcast (SI~48.3/TI~10.3, measured 2026-09-04)",h264,gpu_tuned,gpu,sweep,1080,6000,6009.8,85.06,0.2314,51.63,3,Repeatable,results/calibration/_staging/encode_parity_CLEAN_nvenc_24c_2026-09-06.json,"measured point; pass 2 of 2; clean protocol: active wait-for-idle (not a flat 10s sleep), baseline_elevated persisted, page cache evicted per row"
clean_iso_bitrate_sweep_2026-09-06,"Ryzen 9 7900 (24c CPU, libx264/libx265/libsvtav1)","v0.6.1 (default model, explicit override 2026-09-06)",football_30s,"sport-broadcast (SI~48.3/TI~10.3, measured 2026-09-04)",h264,cpu,cpu,sweep,1080,8000,8016.1,90.14,0.4093,69.5,2,Repeatable,results/calibration/_staging/encode_parity_CLEAN_nvenc_24c_2026-09-06.json,"measured point; pass 2 of 2; clean protocol: active wait-for-idle (not a flat 10s sleep), baseline_elevated persisted, page cache evicted per row"
clean_iso_bitrate_sweep_2026-09-06,RTX 5080 NVENC,"v0.6.1 (default model, explicit override 2026-09-06)",football_30s,"sport-broadcast (SI~48.3/TI~10.3, measured 2026-09-04)",h264,gpu_baseline,gpu,sweep,1080,8000,7990.6,89.46,0.1286,61.75,6,Repeatable,results/calibration/_staging/encode_parity_CLEAN_nvenc_24c_2026-09-06.json,"measured point; pass 2 of 2; clean protocol: active wait-for-idle (not a flat 10s sleep), baseline_elevated persisted, page cache evicted per row"
clean_iso_bitrate_sweep_2026-09-06,RTX 5080 NVENC,"v0.6.1 (default model, explicit override 2026-09-06)",football_30s,"sport-broadcast (SI~48.3/TI~10.3, measured 2026-09-04)",h264,gpu_tuned,gpu,sweep,1080,8000,8016.9,88.38,0.2351,52.24,3,Repeatable,results/calibration/_staging/encode_parity_CLEAN_nvenc_24c_2026-09-06.json,"measured point; pass 2 of 2; clean protocol: active wait-for-idle (not a flat 10s sleep), baseline_elevated persisted, page cache evicted per row"
clean_iso_bitrate_sweep_2026-09-06,"Ryzen 9 7900 (24c CPU, libx264/libx265/libsvtav1)","v0.6.1 (default model, explicit override 2026-09-06)",football_30s,"sport-broadcast (SI~48.3/TI~10.3, measured 2026-09-04)",h264,cpu,cpu,sweep,1080,11000,10990.9,92.37,0.4308,68.63,2,Repeatable,results/calibration/_staging/encode_parity_CLEAN_nvenc_24c_2026-09-06.json,"measured point; pass 2 of 2; clean protocol: active wait-for-idle (not a flat 10s sleep), baseline_elevated persisted, page cache evicted per row"
clean_iso_bitrate_sweep_2026-09-06,RTX 5080 NVENC,"v0.6.1 (default model, explicit override 2026-09-06)",football_30s,"sport-broadcast (SI~48.3/TI~10.3, measured 2026-09-04)",h264,gpu_baseline,gpu,sweep,1080,11000,10993.3,91.67,0.1292,61.74,6,Repeatable,results/calibration/_staging/encode_parity_CLEAN_nvenc_24c_2026-09-06.json,"measured point; pass 2 of 2; clean protocol: active wait-for-idle (not a flat 10s sleep), baseline_elevated persisted, page cache evicted per row"
clean_iso_bitrate_sweep_2026-09-06,RTX 5080 NVENC,"v0.6.1 (default model, explicit override 2026-09-06)",football_30s,"sport-broadcast (SI~48.3/TI~10.3, measured 2026-09-04)",h264,gpu_tuned,gpu,sweep,1080,11000,11020.2,90.9,0.2253,50.27,3,Repeatable,results/calibration/_staging/encode_parity_CLEAN_nvenc_24c_2026-09-06.json,"measured point; pass 2 of 2; clean protocol: active wait-for-idle (not a flat 10s sleep), baseline_elevated persisted, page cache evicted per row"
clean_iso_bitrate_sweep_2026-09-06,"Ryzen 9 7900 (24c CPU, libx264/libx265/libsvtav1)","v0.6.1 (default model, explicit override 2026-09-06)",football_30s,"sport-broadcast (SI~48.3/TI~10.3, measured 2026-09-04)",h264,cpu,cpu,sweep,1080,13000,12966.5,93.25,0.4438,68.27,2,Repeatable,results/calibration/_staging/encode_parity_CLEAN_nvenc_24c_2026-09-06.json,"measured point; pass 2 of 2; clean protocol: active wait-for-idle (not a flat 10s sleep), baseline_elevated persisted, page cache evicted per row"
clean_iso_bitrate_sweep_2026-09-06,RTX 5080 NVENC,"v0.6.1 (default model, explicit override 2026-09-06)",football_30s,"sport-broadcast (SI~48.3/TI~10.3, measured 2026-09-04)",h264,gpu_baseline,gpu,sweep,1080,13000,12979.3,92.53,0.1262,60.58,6,Repeatable,results/calibration/_staging/encode_parity_CLEAN_nvenc_24c_2026-09-06.json,"measured point; pass 2 of 2; clean protocol: active wait-for-idle (not a flat 10s sleep), baseline_elevated persisted, page cache evicted per row"
clean_iso_bitrate_sweep_2026-09-06,RTX 5080 NVENC,"v0.6.1 (default model, explicit override 2026-09-06)",football_30s,"sport-broadcast (SI~48.3/TI~10.3, measured 2026-09-04)",h264,gpu_tuned,gpu,sweep,1080,13000,13022.6,91.86,0.2245,49.89,3,Repeatable,results/calibration/_staging/encode_parity_CLEAN_nvenc_24c_2026-09-06.json,"measured point; pass 2 of 2; clean protocol: active wait-for-idle (not a flat 10s sleep), baseline_elevated persisted, page cache evicted per row"
clean_iso_bitrate_sweep_2026-09-06,"Ryzen 9 7900 (24c CPU, libx264/libx265/libsvtav1)","v0.6.1 (default model, explicit override 2026-09-06)",football_30s,"sport-broadcast (SI~48.3/TI~10.3, measured 2026-09-04)",h264,cpu,cpu,sweep,1080,15000,14938.8,93.9,0.4674,69.82,2,Repeatable,results/calibration/_staging/encode_parity_CLEAN_nvenc_24c_2026-09-06.json,"measured point; pass 2 of 2; clean protocol: active wait-for-idle (not a flat 10s sleep), baseline_elevated persisted, page cache evicted per row"
clean_iso_bitrate_sweep_2026-09-06,RTX 5080 NVENC,"v0.6.1 (default model, explicit override 2026-09-06)",football_30s,"sport-broadcast (SI~48.3/TI~10.3, measured 2026-09-04)",h264,gpu_baseline,gpu,sweep,1080,15000,14982.5,93.12,0.1279,61.13,6,Repeatable,results/calibration/_staging/encode_parity_CLEAN_nvenc_24c_2026-09-06.json,"measured point; pass 2 of 2; clean protocol: active wait-for-idle (not a flat 10s sleep), baseline_elevated persisted, page cache evicted per row"
clean_iso_bitrate_sweep_2026-09-06,RTX 5080 NVENC,"v0.6.1 (default model, explicit override 2026-09-06)",football_30s,"sport-broadcast (SI~48.3/TI~10.3, measured 2026-09-04)",h264,gpu_tuned,gpu,sweep,1080,15000,15027.4,92.53,0.2465,54.77,3,Repeatable,results/calibration/_staging/encode_parity_CLEAN_nvenc_24c_2026-09-06.json,"measured point; pass 2 of 2; clean protocol: active wait-for-idle (not a flat 10s sleep), baseline_elevated persisted, page cache evicted per row"
clean_iso_bitrate_sweep_2026-09-06,"Ryzen 9 7900 (24c CPU, libx264/libx265/libsvtav1)","v0.6.1 (default model, explicit override 2026-09-06)",football_30s,"sport-broadcast (SI~48.3/TI~10.3, measured 2026-09-04)",h265,cpu,cpu,sweep,1080,1500,1510.8,65.56,0.6887,71.25,2,Repeatable,results/calibration/_staging/encode_parity_CLEAN_nvenc_24c_2026-09-06.json,"measured point; pass 2 of 2; clean protocol: active wait-for-idle (not a flat 10s sleep), baseline_elevated persisted, page cache evicted per row"
clean_iso_bitrate_sweep_2026-09-06,RTX 5080 NVENC,"v0.6.1 (default model, explicit override 2026-09-06)",football_30s,"sport-broadcast (SI~48.3/TI~10.3, measured 2026-09-04)",h265,gpu_baseline,gpu,sweep,1080,1500,1462.2,63.24,0.1347,59.71,5,Repeatable,results/calibration/_staging/encode_parity_CLEAN_nvenc_24c_2026-09-06.json,"measured point; pass 2 of 2; clean protocol: active wait-for-idle (not a flat 10s sleep), baseline_elevated persisted, page cache evicted per row"
clean_iso_bitrate_sweep_2026-09-06,RTX 5080 NVENC,"v0.6.1 (default model, explicit override 2026-09-06)",football_30s,"sport-broadcast (SI~48.3/TI~10.3, measured 2026-09-04)",h265,gpu_tuned,gpu,sweep,1080,1500,1498.9,64.9,0.3648,45.92,2,Repeatable,results/calibration/_staging/encode_parity_CLEAN_nvenc_24c_2026-09-06.json,"measured point; pass 2 of 2; clean protocol: active wait-for-idle (not a flat 10s sleep), baseline_elevated persisted, page cache evicted per row"
clean_iso_bitrate_sweep_2026-09-06,"Ryzen 9 7900 (24c CPU, libx264/libx265/libsvtav1)","v0.6.1 (default model, explicit override 2026-09-06)",football_30s,"sport-broadcast (SI~48.3/TI~10.3, measured 2026-09-04)",h265,cpu,cpu,sweep,1080,2500,2515.4,77.25,0.7549,69.68,2,Repeatable,results/calibration/_staging/encode_parity_CLEAN_nvenc_24c_2026-09-06.json,"measured point; pass 2 of 2; clean protocol: active wait-for-idle (not a flat 10s sleep), baseline_elevated persisted, page cache evicted per row"
clean_iso_bitrate_sweep_2026-09-06,RTX 5080 NVENC,"v0.6.1 (default model, explicit override 2026-09-06)",football_30s,"sport-broadcast (SI~48.3/TI~10.3, measured 2026-09-04)",h265,gpu_baseline,gpu,sweep,1080,2500,2417.5,75.49,0.1333,58.82,5,Repeatable,results/calibration/_staging/encode_parity_CLEAN_nvenc_24c_2026-09-06.json,"measured point; pass 2 of 2; clean protocol: active wait-for-idle (not a flat 10s sleep), baseline_elevated persisted, page cache evicted per row"
clean_iso_bitrate_sweep_2026-09-06,RTX 5080 NVENC,"v0.6.1 (default model, explicit override 2026-09-06)",football_30s,"sport-broadcast (SI~48.3/TI~10.3, measured 2026-09-04)",h265,gpu_tuned,gpu,sweep,1080,2500,2505.9,76.88,0.3723,46.86,2,Repeatable,results/calibration/_staging/encode_parity_CLEAN_nvenc_24c_2026-09-06.json,"measured point; pass 2 of 2; clean protocol: active wait-for-idle (not a flat 10s sleep), baseline_elevated persisted, page cache evicted per row"
clean_iso_bitrate_sweep_2026-09-06,"Ryzen 9 7900 (24c CPU, libx264/libx265/libsvtav1)","v0.6.1 (default model, explicit override 2026-09-06)",football_30s,"sport-broadcast (SI~48.3/TI~10.3, measured 2026-09-04)",h265,cpu,cpu,sweep,1080,3500,3513.3,82.82,0.8156,68.92,1,Repeatable,results/calibration/_staging/encode_parity_CLEAN_nvenc_24c_2026-09-06.json,"measured point; pass 2 of 2; clean protocol: active wait-for-idle (not a flat 10s sleep), baseline_elevated persisted, page cache evicted per row"
clean_iso_bitrate_sweep_2026-09-06,RTX 5080 NVENC,"v0.6.1 (default model, explicit override 2026-09-06)",football_30s,"sport-broadcast (SI~48.3/TI~10.3, measured 2026-09-04)",h265,gpu_baseline,gpu,sweep,1080,3500,3365.7,81.34,0.1342,59.2,5,Repeatable,results/calibration/_staging/encode_parity_CLEAN_nvenc_24c_2026-09-06.json,"measured point; pass 2 of 2; clean protocol: active wait-for-idle (not a flat 10s sleep), baseline_elevated persisted, page cache evicted per row"
clean_iso_bitrate_sweep_2026-09-06,RTX 5080 NVENC,"v0.6.1 (default model, explicit override 2026-09-06)",football_30s,"sport-broadcast (SI~48.3/TI~10.3, measured 2026-09-04)",h265,gpu_tuned,gpu,sweep,1080,3500,3501.5,82.47,0.3839,48.16,2,Repeatable,results/calibration/_staging/encode_parity_CLEAN_nvenc_24c_2026-09-06.json,"measured point; pass 2 of 2; clean protocol: active wait-for-idle (not a flat 10s sleep), baseline_elevated persisted, page cache evicted per row"
clean_iso_bitrate_sweep_2026-09-06,"Ryzen 9 7900 (24c CPU, libx264/libx265/libsvtav1)","v0.6.1 (default model, explicit override 2026-09-06)",football_30s,"sport-broadcast (SI~48.3/TI~10.3, measured 2026-09-04)",h265,cpu,cpu,sweep,1080,5000,4998.8,87.08,0.8944,67.93,1,Repeatable,results/calibration/_staging/encode_parity_CLEAN_nvenc_24c_2026-09-06.json,"measured point; pass 2 of 2; clean protocol: active wait-for-idle (not a flat 10s sleep), baseline_elevated persisted, page cache evicted per row"
clean_iso_bitrate_sweep_2026-09-06,RTX 5080 NVENC,"v0.6.1 (default model, explicit override 2026-09-06)",football_30s,"sport-broadcast (SI~48.3/TI~10.3, measured 2026-09-04)",h265,gpu_tuned,gpu,sweep,1080,5000,5004.7,86.61,0.3739,46.9,2,Repeatable,results/calibration/_staging/encode_parity_CLEAN_nvenc_24c_2026-09-06.json,"measured point; pass 2 of 2; clean protocol: active wait-for-idle (not a flat 10s sleep), baseline_elevated persisted, page cache evicted per row"
clean_iso_bitrate_sweep_2026-09-06,RTX 5080 NVENC,"v0.6.1 (default model, explicit override 2026-09-06)",football_30s,"sport-broadcast (SI~48.3/TI~10.3, measured 2026-09-04)",h265,gpu_baseline,gpu,sweep,1080,7000,6800.5,89.1,0.1312,57.88,5,Repeatable,results/calibration/_staging/encode_parity_CLEAN_nvenc_24c_2026-09-06.json,"measured point; pass 2 of 2; clean protocol: active wait-for-idle (not a flat 10s sleep), baseline_elevated persisted, page cache evicted per row"
clean_iso_bitrate_sweep_2026-09-06,RTX 5080 NVENC,"v0.6.1 (default model, explicit override 2026-09-06)",football_30s,"sport-broadcast (SI~48.3/TI~10.3, measured 2026-09-04)",h265,gpu_tuned,gpu,sweep,1080,7000,7021.2,89.37,0.361,45.44,2,Repeatable,results/calibration/_staging/encode_parity_CLEAN_nvenc_24c_2026-09-06.json,"measured point; pass 2 of 2; clean protocol: active wait-for-idle (not a flat 10s sleep), baseline_elevated persisted, page cache evicted per row"
clean_iso_bitrate_sweep_2026-09-06,"Ryzen 9 7900 (24c CPU, libx264/libx265/libsvtav1)","v0.6.1 (default model, explicit override 2026-09-06)",football_30s,"sport-broadcast (SI~48.3/TI~10.3, measured 2026-09-04)",h265,cpu,cpu,sweep,1080,8500,8443.2,91.3,1.0714,68.88,1,Repeatable,results/calibration/_staging/encode_parity_CLEAN_nvenc_24c_2026-09-06.json,"measured point; pass 2 of 2; clean protocol: active wait-for-idle (not a flat 10s sleep), baseline_elevated persisted, page cache evicted per row"
clean_iso_bitrate_sweep_2026-09-06,RTX 5080 NVENC,"v0.6.1 (default model, explicit override 2026-09-06)",football_30s,"sport-broadcast (SI~48.3/TI~10.3, measured 2026-09-04)",h265,gpu_baseline,gpu,sweep,1080,8500,8284.9,90.42,0.1323,58.1,5,Repeatable,results/calibration/_staging/encode_parity_CLEAN_nvenc_24c_2026-09-06.json,"measured point; pass 2 of 2; clean protocol: active wait-for-idle (not a flat 10s sleep), baseline_elevated persisted, page cache evicted per row"
clean_iso_bitrate_sweep_2026-09-06,RTX 5080 NVENC,"v0.6.1 (default model, explicit override 2026-09-06)",football_30s,"sport-broadcast (SI~48.3/TI~10.3, measured 2026-09-04)",h265,gpu_tuned,gpu,sweep,1080,8500,8543.1,90.58,0.3636,45.77,2,Repeatable,results/calibration/_staging/encode_parity_CLEAN_nvenc_24c_2026-09-06.json,"measured point; pass 2 of 2; clean protocol: active wait-for-idle (not a flat 10s sleep), baseline_elevated persisted, page cache evicted per row"
clean_iso_bitrate_sweep_2026-09-06,"Ryzen 9 7900 (24c CPU, libx264/libx265/libsvtav1)","v0.6.1 (default model, explicit override 2026-09-06)",football_30s,"sport-broadcast (SI~48.3/TI~10.3, measured 2026-09-04)",h265,cpu,cpu,sweep,1080,10000,9921.9,92.21,1.1534,70.14,1,Repeatable,results/calibration/_staging/encode_parity_CLEAN_nvenc_24c_2026-09-06.json,"measured point; pass 2 of 2; clean protocol: active wait-for-idle (not a flat 10s sleep), baseline_elevated persisted, page cache evicted per row"
clean_iso_bitrate_sweep_2026-09-06,RTX 5080 NVENC,"v0.6.1 (default model, explicit override 2026-09-06)",football_30s,"sport-broadcast (SI~48.3/TI~10.3, measured 2026-09-04)",h265,gpu_baseline,gpu,sweep,1080,10000,9794.1,91.35,0.1327,57.96,5,Repeatable,results/calibration/_staging/encode_parity_CLEAN_nvenc_24c_2026-09-06.json,"measured point; pass 2 of 2; clean protocol: active wait-for-idle (not a flat 10s sleep), baseline_elevated persisted, page cache evicted per row"
clean_iso_bitrate_sweep_2026-09-06,RTX 5080 NVENC,"v0.6.1 (default model, explicit override 2026-09-06)",football_30s,"sport-broadcast (SI~48.3/TI~10.3, measured 2026-09-04)",h265,gpu_tuned,gpu,sweep,1080,10000,10064.8,91.4,0.3759,47.31,2,Repeatable,results/calibration/_staging/encode_parity_CLEAN_nvenc_24c_2026-09-06.json,"measured point; pass 2 of 2; clean protocol: active wait-for-idle (not a flat 10s sleep), baseline_elevated persisted, page cache evicted per row"
clean_iso_bitrate_sweep_2026-09-06,"Ryzen 9 7900 (24c CPU, libx264/libx265/libsvtav1)","v0.6.1 (default model, explicit override 2026-09-06)",football_30s,"sport-broadcast (SI~48.3/TI~10.3, measured 2026-09-04)",h265,cpu,cpu,sweep,1080,12000,11883.6,93.08,1.1916,68.75,1,Repeatable,results/calibration/_staging/encode_parity_CLEAN_nvenc_24c_2026-09-06.json,"measured point; pass 2 of 2; clean protocol: active wait-for-idle (not a flat 10s sleep), baseline_elevated persisted, page cache evicted per row"
clean_iso_bitrate_sweep_2026-09-06,RTX 5080 NVENC,"v0.6.1 (default model, explicit override 2026-09-06)",football_30s,"sport-broadcast (SI~48.3/TI~10.3, measured 2026-09-04)",h265,gpu_baseline,gpu,sweep,1080,12000,11805.4,92.19,0.1366,59.98,5,Repeatable,results/calibration/_staging/encode_parity_CLEAN_nvenc_24c_2026-09-06.json,"measured point; pass 2 of 2; clean protocol: active wait-for-idle (not a flat 10s sleep), baseline_elevated persisted, page cache evicted per row"
clean_iso_bitrate_sweep_2026-09-06,RTX 5080 NVENC,"v0.6.1 (default model, explicit override 2026-09-06)",football_30s,"sport-broadcast (SI~48.3/TI~10.3, measured 2026-09-04)",h265,gpu_tuned,gpu,sweep,1080,12000,12065.1,92.17,0.3801,47.85,2,Repeatable,results/calibration/_staging/encode_parity_CLEAN_nvenc_24c_2026-09-06.json,"measured point; pass 2 of 2; clean protocol: active wait-for-idle (not a flat 10s sleep), baseline_elevated persisted, page cache evicted per row"
clean_iso_bitrate_sweep_2026-09-06,"Ryzen 9 7900 (24c CPU, libx264/libx265/libsvtav1)","v0.6.1 (default model, explicit override 2026-09-06)",football_30s,"sport-broadcast (SI~48.3/TI~10.3, measured 2026-09-04)",h265,cpu,cpu,sweep,1080,14000,13850.3,93.7,1.2536,68.59,1,Repeatable,results/calibration/_staging/encode_parity_CLEAN_nvenc_24c_2026-09-06.json,"measured point; pass 2 of 2; clean protocol: active wait-for-idle (not a flat 10s sleep), baseline_elevated persisted, page cache evicted per row"
clean_iso_bitrate_sweep_2026-09-06,RTX 5080 NVENC,"v0.6.1 (default model, explicit override 2026-09-06)",football_30s,"sport-broadcast (SI~48.3/TI~10.3, measured 2026-09-04)",h265,gpu_baseline,gpu,sweep,1080,14000,13790.0,92.77,0.1357,59.59,5,Repeatable,results/calibration/_staging/encode_parity_CLEAN_nvenc_24c_2026-09-06.json,"measured point; pass 2 of 2; clean protocol: active wait-for-idle (not a flat 10s sleep), baseline_elevated persisted, page cache evicted per row"
clean_iso_bitrate_sweep_2026-09-06,RTX 5080 NVENC,"v0.6.1 (default model, explicit override 2026-09-06)",football_30s,"sport-broadcast (SI~48.3/TI~10.3, measured 2026-09-04)",h265,gpu_tuned,gpu,sweep,1080,14000,14080.4,92.71,0.3703,46.61,2,Repeatable,results/calibration/_staging/encode_parity_CLEAN_nvenc_24c_2026-09-06.json,"measured point; pass 2 of 2; clean protocol: active wait-for-idle (not a flat 10s sleep), baseline_elevated persisted, page cache evicted per row"
clean_iso_bitrate_sweep_2026-09-06,"Ryzen 9 7900 (24c CPU, libx264/libx265/libsvtav1)","v0.6.1 (default model, explicit override 2026-09-06)",football_30s,"sport-broadcast (SI~48.3/TI~10.3, measured 2026-09-04)",h265,cpu,cpu,sweep,1080,16000,15818.9,94.17,1.3342,69.41,1,Repeatable,results/calibration/_staging/encode_parity_CLEAN_nvenc_24c_2026-09-06.json,"measured point; pass 2 of 2; clean protocol: active wait-for-idle (not a flat 10s sleep), baseline_elevated persisted, page cache evicted per row"
clean_iso_bitrate_sweep_2026-09-06,RTX 5080 NVENC,"v0.6.1 (default model, explicit override 2026-09-06)",football_30s,"sport-broadcast (SI~48.3/TI~10.3, measured 2026-09-04)",h265,gpu_baseline,gpu,sweep,1080,16000,15816.8,93.19,0.1369,60.1,5,Repeatable,results/calibration/_staging/encode_parity_CLEAN_nvenc_24c_2026-09-06.json,"measured point; pass 2 of 2; clean protocol: active wait-for-idle (not a flat 10s sleep), baseline_elevated persisted, page cache evicted per row"
clean_iso_bitrate_sweep_2026-09-06,RTX 5080 NVENC,"v0.6.1 (default model, explicit override 2026-09-06)",football_30s,"sport-broadcast (SI~48.3/TI~10.3, measured 2026-09-04)",h265,gpu_tuned,gpu,sweep,1080,16000,16092.7,93.12,0.3712,46.56,2,Repeatable,results/calibration/_staging/encode_parity_CLEAN_nvenc_24c_2026-09-06.json,"measured point; pass 2 of 2; clean protocol: active wait-for-idle (not a flat 10s sleep), baseline_elevated persisted, page cache evicted per row"
clean_iso_bitrate_sweep_2026-09-06,"Ryzen 9 7900 (24c CPU, libx264/libx265/libsvtav1)","v0.6.1 (default model, explicit override 2026-09-06)",football_30s,"sport-broadcast (SI~48.3/TI~10.3, measured 2026-09-04)",av1,cpu,cpu,sweep,1080,1000,1005.8,64.15,0.3594,63.74,2,Repeatable,results/calibration/_staging/encode_parity_CLEAN_nvenc_24c_2026-09-06.json,"measured point; pass 2 of 2; clean protocol: active wait-for-idle (not a flat 10s sleep), baseline_elevated persisted, page cache evicted per row"
clean_iso_bitrate_sweep_2026-09-06,RTX 5080 NVENC,"v0.6.1 (default model, explicit override 2026-09-06)",football_30s,"sport-broadcast (SI~48.3/TI~10.3, measured 2026-09-04)",av1,gpu_baseline,gpu,sweep,1080,1000,1022.2,56.35,0.1292,62.27,6,Repeatable,results/calibration/_staging/encode_parity_CLEAN_nvenc_24c_2026-09-06.json,"measured point; pass 2 of 2; clean protocol: active wait-for-idle (not a flat 10s sleep), baseline_elevated persisted, page cache evicted per row"
clean_iso_bitrate_sweep_2026-09-06,RTX 5080 NVENC,"v0.6.1 (default model, explicit override 2026-09-06)",football_30s,"sport-broadcast (SI~48.3/TI~10.3, measured 2026-09-04)",av1,gpu_tuned,gpu,sweep,1080,1000,1025.2,53.65,0.2475,50.44,3,Repeatable,results/calibration/_staging/encode_parity_CLEAN_nvenc_24c_2026-09-06.json,"measured point; pass 2 of 2; clean protocol: active wait-for-idle (not a flat 10s sleep), baseline_elevated persisted, page cache evicted per row"
clean_iso_bitrate_sweep_2026-09-06,"Ryzen 9 7900 (24c CPU, libx264/libx265/libsvtav1)","v0.6.1 (default model, explicit override 2026-09-06)",football_30s,"sport-broadcast (SI~48.3/TI~10.3, measured 2026-09-04)",av1,cpu,cpu,sweep,1080,1800,1810.1,76.43,0.379,64.66,2,Repeatable,results/calibration/_staging/encode_parity_CLEAN_nvenc_24c_2026-09-06.json,"measured point; pass 2 of 2; clean protocol: active wait-for-idle (not a flat 10s sleep), baseline_elevated persisted, page cache evicted per row"
clean_iso_bitrate_sweep_2026-09-06,RTX 5080 NVENC,"v0.6.1 (default model, explicit override 2026-09-06)",football_30s,"sport-broadcast (SI~48.3/TI~10.3, measured 2026-09-04)",av1,gpu_baseline,gpu,sweep,1080,1800,1822.4,72.37,0.1291,62.23,6,Repeatable,results/calibration/_staging/encode_parity_CLEAN_nvenc_24c_2026-09-06.json,"measured point; pass 2 of 2; clean protocol: active wait-for-idle (not a flat 10s sleep), baseline_elevated persisted, page cache evicted per row"
clean_iso_bitrate_sweep_2026-09-06,RTX 5080 NVENC,"v0.6.1 (default model, explicit override 2026-09-06)",football_30s,"sport-broadcast (SI~48.3/TI~10.3, measured 2026-09-04)",av1,gpu_tuned,gpu,sweep,1080,1800,1823.3,69.81,0.249,50.93,3,Repeatable,results/calibration/_staging/encode_parity_CLEAN_nvenc_24c_2026-09-06.json,"measured point; pass 2 of 2; clean protocol: active wait-for-idle (not a flat 10s sleep), baseline_elevated persisted, page cache evicted per row"
clean_iso_bitrate_sweep_2026-09-06,"Ryzen 9 7900 (24c CPU, libx264/libx265/libsvtav1)","v0.6.1 (default model, explicit override 2026-09-06)",football_30s,"sport-broadcast (SI~48.3/TI~10.3, measured 2026-09-04)",av1,cpu,cpu,sweep,1080,2800,2798.6,83.0,0.4132,67.0,2,Repeatable,results/calibration/_staging/encode_parity_CLEAN_nvenc_24c_2026-09-06.json,"measured point; pass 2 of 2; clean protocol: active wait-for-idle (not a flat 10s sleep), baseline_elevated persisted, page cache evicted per row"
clean_iso_bitrate_sweep_2026-09-06,RTX 5080 NVENC,"v0.6.1 (default model, explicit override 2026-09-06)",football_30s,"sport-broadcast (SI~48.3/TI~10.3, measured 2026-09-04)",av1,gpu_baseline,gpu,sweep,1080,2800,2839.1,80.98,0.1291,62.79,6,Repeatable,results/calibration/_staging/encode_parity_CLEAN_nvenc_24c_2026-09-06.json,"measured point; pass 2 of 2; clean protocol: active wait-for-idle (not a flat 10s sleep), baseline_elevated persisted, page cache evicted per row"
clean_iso_bitrate_sweep_2026-09-06,RTX 5080 NVENC,"v0.6.1 (default model, explicit override 2026-09-06)",football_30s,"sport-broadcast (SI~48.3/TI~10.3, measured 2026-09-04)",av1,gpu_tuned,gpu,sweep,1080,2800,2835.5,79.04,0.2505,51.23,3,Repeatable,results/calibration/_staging/encode_parity_CLEAN_nvenc_24c_2026-09-06.json,"measured point; pass 2 of 2; clean protocol: active wait-for-idle (not a flat 10s sleep), baseline_elevated persisted, page cache evicted per row"
clean_iso_bitrate_sweep_2026-09-06,"Ryzen 9 7900 (24c CPU, libx264/libx265/libsvtav1)","v0.6.1 (default model, explicit override 2026-09-06)",football_30s,"sport-broadcast (SI~48.3/TI~10.3, measured 2026-09-04)",av1,cpu,cpu,sweep,1080,4000,3980.4,87.02,0.4195,67.42,2,Repeatable,results/calibration/_staging/encode_parity_CLEAN_nvenc_24c_2026-09-06.json,"measured point; pass 2 of 2; clean protocol: active wait-for-idle (not a flat 10s sleep), baseline_elevated persisted, page cache evicted per row"
clean_iso_bitrate_sweep_2026-09-06,RTX 5080 NVENC,"v0.6.1 (default model, explicit override 2026-09-06)",football_30s,"sport-broadcast (SI~48.3/TI~10.3, measured 2026-09-04)",av1,gpu_baseline,gpu,sweep,1080,4000,4066.3,86.03,0.1291,62.79,6,Repeatable,results/calibration/_staging/encode_parity_CLEAN_nvenc_24c_2026-09-06.json,"measured point; pass 2 of 2; clean protocol: active wait-for-idle (not a flat 10s sleep), baseline_elevated persisted, page cache evicted per row"
clean_iso_bitrate_sweep_2026-09-06,RTX 5080 NVENC,"v0.6.1 (default model, explicit override 2026-09-06)",football_30s,"sport-broadcast (SI~48.3/TI~10.3, measured 2026-09-04)",av1,gpu_tuned,gpu,sweep,1080,4000,4062.4,84.49,0.2469,50.32,3,Repeatable,results/calibration/_staging/encode_parity_CLEAN_nvenc_24c_2026-09-06.json,"measured point; pass 2 of 2; clean protocol: active wait-for-idle (not a flat 10s sleep), baseline_elevated persisted, page cache evicted per row"
clean_iso_bitrate_sweep_2026-09-06,"Ryzen 9 7900 (24c CPU, libx264/libx265/libsvtav1)","v0.6.1 (default model, explicit override 2026-09-06)",football_30s,"sport-broadcast (SI~48.3/TI~10.3, measured 2026-09-04)",av1,cpu,cpu,sweep,1080,6000,5927.0,90.08,0.4126,66.01,2,Repeatable,results/calibration/_staging/encode_parity_CLEAN_nvenc_24c_2026-09-06.json,"measured point; pass 2 of 2; clean protocol: active wait-for-idle (not a flat 10s sleep), baseline_elevated persisted, page cache evicted per row"
clean_iso_bitrate_sweep_2026-09-06,RTX 5080 NVENC,"v0.6.1 (default model, explicit override 2026-09-06)",football_30s,"sport-broadcast (SI~48.3/TI~10.3, measured 2026-09-04)",av1,gpu_baseline,gpu,sweep,1080,6000,6092.2,89.84,0.1308,63.34,6,Repeatable,results/calibration/_staging/encode_parity_CLEAN_nvenc_24c_2026-09-06.json,"measured point; pass 2 of 2; clean protocol: active wait-for-idle (not a flat 10s sleep), baseline_elevated persisted, page cache evicted per row"
clean_iso_bitrate_sweep_2026-09-06,RTX 5080 NVENC,"v0.6.1 (default model, explicit override 2026-09-06)",football_30s,"sport-broadcast (SI~48.3/TI~10.3, measured 2026-09-04)",av1,gpu_tuned,gpu,sweep,1080,6000,6086.0,88.67,0.2518,51.51,3,Repeatable,results/calibration/_staging/encode_parity_CLEAN_nvenc_24c_2026-09-06.json,"measured point; pass 2 of 2; clean protocol: active wait-for-idle (not a flat 10s sleep), baseline_elevated persisted, page cache evicted per row"
clean_iso_bitrate_sweep_2026-09-06,"Ryzen 9 7900 (24c CPU, libx264/libx265/libsvtav1)","v0.6.1 (default model, explicit override 2026-09-06)",football_30s,"sport-broadcast (SI~48.3/TI~10.3, measured 2026-09-04)",av1,cpu,cpu,sweep,1080,7500,7388.6,91.52,0.4392,68.44,2,Repeatable,results/calibration/_staging/encode_parity_CLEAN_nvenc_24c_2026-09-06.json,"measured point; pass 2 of 2; clean protocol: active wait-for-idle (not a flat 10s sleep), baseline_elevated persisted, page cache evicted per row"
clean_iso_bitrate_sweep_2026-09-06,RTX 5080 NVENC,"v0.6.1 (default model, explicit override 2026-09-06)",football_30s,"sport-broadcast (SI~48.3/TI~10.3, measured 2026-09-04)",av1,gpu_baseline,gpu,sweep,1080,7500,7622.4,91.3,0.1347,65.22,6,Repeatable,results/calibration/_staging/encode_parity_CLEAN_nvenc_24c_2026-09-06.json,"measured point; pass 2 of 2; clean protocol: active wait-for-idle (not a flat 10s sleep), baseline_elevated persisted, page cache evicted per row"
clean_iso_bitrate_sweep_2026-09-06,RTX 5080 NVENC,"v0.6.1 (default model, explicit override 2026-09-06)",football_30s,"sport-broadcast (SI~48.3/TI~10.3, measured 2026-09-04)",av1,gpu_tuned,gpu,sweep,1080,7500,7609.8,90.28,0.2614,52.87,3,Repeatable,results/calibration/_staging/encode_parity_CLEAN_nvenc_24c_2026-09-06.json,"measured point; pass 2 of 2; clean protocol: active wait-for-idle (not a flat 10s sleep), baseline_elevated persisted, page cache evicted per row"
clean_iso_bitrate_sweep_2026-09-06,"Ryzen 9 7900 (24c CPU, libx264/libx265/libsvtav1)","v0.6.1 (default model, explicit override 2026-09-06)",football_30s,"sport-broadcast (SI~48.3/TI~10.3, measured 2026-09-04)",av1,cpu,cpu,sweep,1080,9000,8752.9,92.42,0.425,67.7,2,Repeatable,results/calibration/_staging/encode_parity_CLEAN_nvenc_24c_2026-09-06.json,"measured point; pass 2 of 2; clean protocol: active wait-for-idle (not a flat 10s sleep), baseline_elevated persisted, page cache evicted per row"
clean_iso_bitrate_sweep_2026-09-06,RTX 5080 NVENC,"v0.6.1 (default model, explicit override 2026-09-06)",football_30s,"sport-broadcast (SI~48.3/TI~10.3, measured 2026-09-04)",av1,gpu_baseline,gpu,sweep,1080,9000,9133.4,92.24,0.1313,64.16,6,Repeatable,results/calibration/_staging/encode_parity_CLEAN_nvenc_24c_2026-09-06.json,"measured point; pass 2 of 2; clean protocol: active wait-for-idle (not a flat 10s sleep), baseline_elevated persisted, page cache evicted per row"
clean_iso_bitrate_sweep_2026-09-06,RTX 5080 NVENC,"v0.6.1 (default model, explicit override 2026-09-06)",football_30s,"sport-broadcast (SI~48.3/TI~10.3, measured 2026-09-04)",av1,gpu_tuned,gpu,sweep,1080,9000,9124.2,91.32,0.2753,56.32,3,Repeatable,results/calibration/_staging/encode_parity_CLEAN_nvenc_24c_2026-09-06.json,"measured point; pass 2 of 2; clean protocol: active wait-for-idle (not a flat 10s sleep), baseline_elevated persisted, page cache evicted per row"
clean_iso_bitrate_sweep_2026-09-06,"Ryzen 9 7900 (24c CPU, libx264/libx265/libsvtav1)","v0.6.1 (default model, explicit override 2026-09-06)",football_30s,"sport-broadcast (SI~48.3/TI~10.3, measured 2026-09-04)",av1,cpu,cpu,sweep,1080,11000,10552.0,93.16,0.4222,66.95,2,Repeatable,results/calibration/_staging/encode_parity_CLEAN_nvenc_24c_2026-09-06.json,"measured point; pass 2 of 2; clean protocol: active wait-for-idle (not a flat 10s sleep), baseline_elevated persisted, page cache evicted per row"
clean_iso_bitrate_sweep_2026-09-06,RTX 5080 NVENC,"v0.6.1 (default model, explicit override 2026-09-06)",football_30s,"sport-broadcast (SI~48.3/TI~10.3, measured 2026-09-04)",av1,gpu_baseline,gpu,sweep,1080,11000,11168.7,93.05,0.1295,63.01,6,Repeatable,results/calibration/_staging/encode_parity_CLEAN_nvenc_24c_2026-09-06.json,"measured point; pass 2 of 2; clean protocol: active wait-for-idle (not a flat 10s sleep), baseline_elevated persisted, page cache evicted per row"
clean_iso_bitrate_sweep_2026-09-06,RTX 5080 NVENC,"v0.6.1 (default model, explicit override 2026-09-06)",football_30s,"sport-broadcast (SI~48.3/TI~10.3, measured 2026-09-04)",av1,gpu_tuned,gpu,sweep,1080,11000,11156.9,92.26,0.2483,50.59,3,Repeatable,results/calibration/_staging/encode_parity_CLEAN_nvenc_24c_2026-09-06.json,"measured point; pass 2 of 2; clean protocol: active wait-for-idle (not a flat 10s sleep), baseline_elevated persisted, page cache evicted per row"
clean_iso_bitrate_sweep_2026-09-06,"Ryzen 9 7900 (24c CPU, libx264/libx265/libsvtav1)","v0.6.1 (default model, explicit override 2026-09-06)",football_30s,"sport-broadcast (SI~48.3/TI~10.3, measured 2026-09-04)",av1,cpu,cpu,sweep,1080,13000,11967.0,93.56,0.4137,67.09,2,Repeatable,results/calibration/_staging/encode_parity_CLEAN_nvenc_24c_2026-09-06.json,"measured point; pass 2 of 2; clean protocol: active wait-for-idle (not a flat 10s sleep), baseline_elevated persisted, page cache evicted per row"
clean_iso_bitrate_sweep_2026-09-06,RTX 5080 NVENC,"v0.6.1 (default model, explicit override 2026-09-06)",football_30s,"sport-broadcast (SI~48.3/TI~10.3, measured 2026-09-04)",av1,gpu_baseline,gpu,sweep,1080,13000,13182.6,93.58,0.1269,61.74,6,Repeatable,results/calibration/_staging/encode_parity_CLEAN_nvenc_24c_2026-09-06.json,"measured point; pass 2 of 2; clean protocol: active wait-for-idle (not a flat 10s sleep), baseline_elevated persisted, page cache evicted per row"
clean_iso_bitrate_sweep_2026-09-06,RTX 5080 NVENC,"v0.6.1 (default model, explicit override 2026-09-06)",football_30s,"sport-broadcast (SI~48.3/TI~10.3, measured 2026-09-04)",av1,gpu_tuned,gpu,sweep,1080,13000,13167.4,92.88,0.2585,52.68,3,Repeatable,results/calibration/_staging/encode_parity_CLEAN_nvenc_24c_2026-09-06.json,"measured point; pass 2 of 2; clean protocol: active wait-for-idle (not a flat 10s sleep), baseline_elevated persisted, page cache evicted per row"
clean_abr_ladder_typical_2026-09-06,"Ryzen 9 7900 (24c CPU, libx264/libx265/libsvtav1)","v0.6.1 (default model, explicit override 2026-09-06)",meridian_120s,low (SI~13/TI~2),h264,cpu,cpu,ladder,720,2800,2753.8,94.87,0.2527,64.99,3,Repeatable,results/calibration/_staging/encode_parity_CLEAN_nvenc_24c_2026-09-06.json,"fixed ABR-ladder rung (typical per-resolution bitrate); pass 2 of 2; clean protocol: active wait-for-idle (not a flat 10s sleep), baseline_elevated persisted, page cache evicted per row"
clean_abr_ladder_typical_2026-09-06,RTX 5080 NVENC,"v0.6.1 (default model, explicit override 2026-09-06)",meridian_120s,low (SI~13/TI~2),h264,gpu_baseline,gpu,ladder,720,2800,2801.0,94.89,0.089,56.19,8,Repeatable,results/calibration/_staging/encode_parity_CLEAN_nvenc_24c_2026-09-06.json,"fixed ABR-ladder rung (typical per-resolution bitrate); pass 2 of 2; clean protocol: active wait-for-idle (not a flat 10s sleep), baseline_elevated persisted, page cache evicted per row"
clean_abr_ladder_typical_2026-09-06,"Ryzen 9 7900 (24c CPU, libx264/libx265/libsvtav1)","v0.6.1 (default model, explicit override 2026-09-06)",meridian_120s,low (SI~13/TI~2),h264,cpu,cpu,ladder,540,1600,1574.9,95.07,0.187,63.2,4,Repeatable,results/calibration/_staging/encode_parity_CLEAN_nvenc_24c_2026-09-06.json,"fixed ABR-ladder rung (typical per-resolution bitrate); pass 2 of 2; clean protocol: active wait-for-idle (not a flat 10s sleep), baseline_elevated persisted, page cache evicted per row"
clean_abr_ladder_typical_2026-09-06,RTX 5080 NVENC,"v0.6.1 (default model, explicit override 2026-09-06)",meridian_120s,low (SI~13/TI~2),h264,gpu_baseline,gpu,ladder,540,1600,1602.0,94.61,0.0827,52.11,7,Repeatable,results/calibration/_staging/encode_parity_CLEAN_nvenc_24c_2026-09-06.json,"fixed ABR-ladder rung (typical per-resolution bitrate); pass 2 of 2; clean protocol: active wait-for-idle (not a flat 10s sleep), baseline_elevated persisted, page cache evicted per row"
clean_abr_ladder_typical_2026-09-06,"Ryzen 9 7900 (24c CPU, libx264/libx265/libsvtav1)","v0.6.1 (default model, explicit override 2026-09-06)",meridian_120s,low (SI~13/TI~2),h264,cpu,cpu,ladder,480,1100,1080.7,94.78,0.1698,62.65,5,Repeatable,results/calibration/_staging/encode_parity_CLEAN_nvenc_24c_2026-09-06.json,"fixed ABR-ladder rung (typical per-resolution bitrate); pass 2 of 2; clean protocol: active wait-for-idle (not a flat 10s sleep), baseline_elevated persisted, page cache evicted per row"
clean_abr_ladder_typical_2026-09-06,RTX 5080 NVENC,"v0.6.1 (default model, explicit override 2026-09-06)",meridian_120s,low (SI~13/TI~2),h264,gpu_baseline,gpu,ladder,480,1100,1103.9,94.0,0.0873,55.36,8,Repeatable,results/calibration/_staging/encode_parity_CLEAN_nvenc_24c_2026-09-06.json,"fixed ABR-ladder rung (typical per-resolution bitrate); pass 2 of 2; clean protocol: active wait-for-idle (not a flat 10s sleep), baseline_elevated persisted, page cache evicted per row"
clean_abr_ladder_typical_2026-09-06,"Ryzen 9 7900 (24c CPU, libx264/libx265/libsvtav1)","v0.6.1 (default model, explicit override 2026-09-06)",meridian_120s,low (SI~13/TI~2),h264,cpu,cpu,ladder,360,800,787.5,95.29,0.1472,62.49,5,Repeatable,results/calibration/_staging/encode_parity_CLEAN_nvenc_24c_2026-09-06.json,"fixed ABR-ladder rung (typical per-resolution bitrate); pass 2 of 2; clean protocol: active wait-for-idle (not a flat 10s sleep), baseline_elevated persisted, page cache evicted per row"
clean_abr_ladder_typical_2026-09-06,RTX 5080 NVENC,"v0.6.1 (default model, explicit override 2026-09-06)",meridian_120s,low (SI~13/TI~2),h264,gpu_baseline,gpu,ladder,360,800,802.4,94.01,0.0871,55.22,8,Repeatable,results/calibration/_staging/encode_parity_CLEAN_nvenc_24c_2026-09-06.json,"fixed ABR-ladder rung (typical per-resolution bitrate); pass 2 of 2; clean protocol: active wait-for-idle (not a flat 10s sleep), baseline_elevated persisted, page cache evicted per row"
clean_abr_ladder_typical_2026-09-06,"Ryzen 9 7900 (24c CPU, libx264/libx265/libsvtav1)","v0.6.1 (default model, explicit override 2026-09-06)",meridian_120s,low (SI~13/TI~2),h265,cpu,cpu,ladder,720,1700,1681.4,94.68,0.4616,66.2,2,Repeatable,results/calibration/_staging/encode_parity_CLEAN_nvenc_24c_2026-09-06.json,"fixed ABR-ladder rung (typical per-resolution bitrate); pass 2 of 2; clean protocol: active wait-for-idle (not a flat 10s sleep), baseline_elevated persisted, page cache evicted per row"
clean_abr_ladder_typical_2026-09-06,RTX 5080 NVENC,"v0.6.1 (default model, explicit override 2026-09-06)",meridian_120s,low (SI~13/TI~2),h265,gpu_baseline,gpu,ladder,720,1700,1677.7,93.42,0.0934,58.82,7,Repeatable,results/calibration/_staging/encode_parity_CLEAN_nvenc_24c_2026-09-06.json,"fixed ABR-ladder rung (typical per-resolution bitrate); pass 2 of 2; clean protocol: active wait-for-idle (not a flat 10s sleep), baseline_elevated persisted, page cache evicted per row"
clean_abr_ladder_typical_2026-09-06,"Ryzen 9 7900 (24c CPU, libx264/libx265/libsvtav1)","v0.6.1 (default model, explicit override 2026-09-06)",meridian_120s,low (SI~13/TI~2),h265,cpu,cpu,ladder,540,950,940.7,94.72,0.3369,64.97,3,Repeatable,results/calibration/_staging/encode_parity_CLEAN_nvenc_24c_2026-09-06.json,"fixed ABR-ladder rung (typical per-resolution bitrate); pass 2 of 2; clean protocol: active wait-for-idle (not a flat 10s sleep), baseline_elevated persisted, page cache evicted per row"
clean_abr_ladder_typical_2026-09-06,RTX 5080 NVENC,"v0.6.1 (default model, explicit override 2026-09-06)",meridian_120s,low (SI~13/TI~2),h265,gpu_baseline,gpu,ladder,540,950,911.9,92.96,0.0916,57.83,8,Repeatable,results/calibration/_staging/encode_parity_CLEAN_nvenc_24c_2026-09-06.json,"fixed ABR-ladder rung (typical per-resolution bitrate); pass 2 of 2; clean protocol: active wait-for-idle (not a flat 10s sleep), baseline_elevated persisted, page cache evicted per row"
clean_abr_ladder_typical_2026-09-06,"Ryzen 9 7900 (24c CPU, libx264/libx265/libsvtav1)","v0.6.1 (default model, explicit override 2026-09-06)",meridian_120s,low (SI~13/TI~2),h265,cpu,cpu,ladder,480,650,645.6,94.38,0.2824,62.76,3,Repeatable,results/calibration/_staging/encode_parity_CLEAN_nvenc_24c_2026-09-06.json,"fixed ABR-ladder rung (typical per-resolution bitrate); pass 2 of 2; clean protocol: active wait-for-idle (not a flat 10s sleep), baseline_elevated persisted, page cache evicted per row"
clean_abr_ladder_typical_2026-09-06,RTX 5080 NVENC,"v0.6.1 (default model, explicit override 2026-09-06)",meridian_120s,low (SI~13/TI~2),h265,gpu_baseline,gpu,ladder,480,650,627.2,92.21,0.0888,56.57,8,Repeatable,results/calibration/_staging/encode_parity_CLEAN_nvenc_24c_2026-09-06.json,"fixed ABR-ladder rung (typical per-resolution bitrate); pass 2 of 2; clean protocol: active wait-for-idle (not a flat 10s sleep), baseline_elevated persisted, page cache evicted per row"
clean_abr_ladder_typical_2026-09-06,"Ryzen 9 7900 (24c CPU, libx264/libx265/libsvtav1)","v0.6.1 (default model, explicit override 2026-09-06)",meridian_120s,low (SI~13/TI~2),h265,cpu,cpu,ladder,360,500,496.8,94.8,0.2264,61.13,3,Repeatable,results/calibration/_staging/encode_parity_CLEAN_nvenc_24c_2026-09-06.json,"fixed ABR-ladder rung (typical per-resolution bitrate); pass 2 of 2; clean protocol: active wait-for-idle (not a flat 10s sleep), baseline_elevated persisted, page cache evicted per row"
clean_abr_ladder_typical_2026-09-06,RTX 5080 NVENC,"v0.6.1 (default model, explicit override 2026-09-06)",meridian_120s,low (SI~13/TI~2),h265,gpu_baseline,gpu,ladder,360,500,472.0,92.76,0.0858,54.4,8,Repeatable,results/calibration/_staging/encode_parity_CLEAN_nvenc_24c_2026-09-06.json,"fixed ABR-ladder rung (typical per-resolution bitrate); pass 2 of 2; clean protocol: active wait-for-idle (not a flat 10s sleep), baseline_elevated persisted, page cache evicted per row"
clean_abr_ladder_typical_2026-09-06,"Ryzen 9 7900 (24c CPU, libx264/libx265/libsvtav1)","v0.6.1 (default model, explicit override 2026-09-06)",meridian_120s,low (SI~13/TI~2),av1,cpu,cpu,ladder,720,1400,1016.1,93.6,0.2427,61.83,3,Repeatable,results/calibration/_staging/encode_parity_CLEAN_nvenc_24c_2026-09-06.json,"fixed ABR-ladder rung (typical per-resolution bitrate); pass 2 of 2; clean protocol: active wait-for-idle (not a flat 10s sleep), baseline_elevated persisted, page cache evicted per row"
clean_abr_ladder_typical_2026-09-06,RTX 5080 NVENC,"v0.6.1 (default model, explicit override 2026-09-06)",meridian_120s,low (SI~13/TI~2),av1,gpu_baseline,gpu,ladder,720,1400,1438.1,94.24,0.0887,55.87,7,Repeatable,results/calibration/_staging/encode_parity_CLEAN_nvenc_24c_2026-09-06.json,"fixed ABR-ladder rung (typical per-resolution bitrate); pass 2 of 2; clean protocol: active wait-for-idle (not a flat 10s sleep), baseline_elevated persisted, page cache evicted per row"
clean_abr_ladder_typical_2026-09-06,"Ryzen 9 7900 (24c CPU, libx264/libx265/libsvtav1)","v0.6.1 (default model, explicit override 2026-09-06)",meridian_120s,low (SI~13/TI~2),av1,cpu,cpu,ladder,540,800,575.3,94.28,0.1882,60.75,4,Repeatable,results/calibration/_staging/encode_parity_CLEAN_nvenc_24c_2026-09-06.json,"fixed ABR-ladder rung (typical per-resolution bitrate); pass 2 of 2; clean protocol: active wait-for-idle (not a flat 10s sleep), baseline_elevated persisted, page cache evicted per row"
clean_abr_ladder_typical_2026-09-06,RTX 5080 NVENC,"v0.6.1 (default model, explicit override 2026-09-06)",meridian_120s,low (SI~13/TI~2),av1,gpu_baseline,gpu,ladder,540,800,830.5,94.0,0.084,52.9,7,Repeatable,results/calibration/_staging/encode_parity_CLEAN_nvenc_24c_2026-09-06.json,"fixed ABR-ladder rung (typical per-resolution bitrate); pass 2 of 2; clean protocol: active wait-for-idle (not a flat 10s sleep), baseline_elevated persisted, page cache evicted per row"
clean_abr_ladder_typical_2026-09-06,"Ryzen 9 7900 (24c CPU, libx264/libx265/libsvtav1)","v0.6.1 (default model, explicit override 2026-09-06)",meridian_120s,low (SI~13/TI~2),av1,cpu,cpu,ladder,480,550,383.8,94.01,0.1774,61.13,4,Repeatable,results/calibration/_staging/encode_parity_CLEAN_nvenc_24c_2026-09-06.json,"fixed ABR-ladder rung (typical per-resolution bitrate); pass 2 of 2; clean protocol: active wait-for-idle (not a flat 10s sleep), baseline_elevated persisted, page cache evicted per row"
clean_abr_ladder_typical_2026-09-06,RTX 5080 NVENC,"v0.6.1 (default model, explicit override 2026-09-06)",meridian_120s,low (SI~13/TI~2),av1,gpu_baseline,gpu,ladder,480,550,564.8,93.34,0.0886,56.47,8,Repeatable,results/calibration/_staging/encode_parity_CLEAN_nvenc_24c_2026-09-06.json,"fixed ABR-ladder rung (typical per-resolution bitrate); pass 2 of 2; clean protocol: active wait-for-idle (not a flat 10s sleep), baseline_elevated persisted, page cache evicted per row"
clean_abr_ladder_typical_2026-09-06,"Ryzen 9 7900 (24c CPU, libx264/libx265/libsvtav1)","v0.6.1 (default model, explicit override 2026-09-06)",meridian_120s,low (SI~13/TI~2),av1,cpu,cpu,ladder,360,400,301.0,94.88,0.155,60.37,5,Repeatable,results/calibration/_staging/encode_parity_CLEAN_nvenc_24c_2026-09-06.json,"fixed ABR-ladder rung (typical per-resolution bitrate); pass 2 of 2; clean protocol: active wait-for-idle (not a flat 10s sleep), baseline_elevated persisted, page cache evicted per row"
clean_abr_ladder_typical_2026-09-06,RTX 5080 NVENC,"v0.6.1 (default model, explicit override 2026-09-06)",meridian_120s,low (SI~13/TI~2),av1,gpu_baseline,gpu,ladder,360,400,420.3,93.46,0.0881,55.87,8,Repeatable,results/calibration/_staging/encode_parity_CLEAN_nvenc_24c_2026-09-06.json,"fixed ABR-ladder rung (typical per-resolution bitrate); pass 2 of 2; clean protocol: active wait-for-idle (not a flat 10s sleep), baseline_elevated persisted, page cache evicted per row"
clean_abr_ladder_typical_2026-09-06,"Ryzen 9 7900 (24c CPU, libx264/libx265/libsvtav1)","v0.6.1 (default model, explicit override 2026-09-06)",bbb_120s,high (SI~33/TI~6),h264,cpu,cpu,ladder,720,2800,3132.3,92.67,0.2287,70.07,4,Repeatable,results/calibration/_staging/encode_parity_CLEAN_nvenc_24c_2026-09-06.json,"fixed ABR-ladder rung (typical per-resolution bitrate); pass 2 of 2; clean protocol: active wait-for-idle (not a flat 10s sleep), baseline_elevated persisted, page cache evicted per row"
clean_abr_ladder_typical_2026-09-06,RTX 5080 NVENC,"v0.6.1 (default model, explicit override 2026-09-06)",bbb_120s,high (SI~33/TI~6),h264,gpu_baseline,gpu,ladder,720,2800,2818.1,86.73,0.1241,75.92,7,Repeatable,results/calibration/_staging/encode_parity_CLEAN_nvenc_24c_2026-09-06.json,"fixed ABR-ladder rung (typical per-resolution bitrate); pass 2 of 2; clean protocol: active wait-for-idle (not a flat 10s sleep), baseline_elevated persisted, page cache evicted per row"
clean_abr_ladder_typical_2026-09-06,"Ryzen 9 7900 (24c CPU, libx264/libx265/libsvtav1)","v0.6.1 (default model, explicit override 2026-09-06)",bbb_120s,high (SI~33/TI~6),h264,cpu,cpu,ladder,540,1600,1770.8,92.21,0.1762,68.65,5,Repeatable,results/calibration/_staging/encode_parity_CLEAN_nvenc_24c_2026-09-06.json,"fixed ABR-ladder rung (typical per-resolution bitrate); pass 2 of 2; clean protocol: active wait-for-idle (not a flat 10s sleep), baseline_elevated persisted, page cache evicted per row"
clean_abr_ladder_typical_2026-09-06,RTX 5080 NVENC,"v0.6.1 (default model, explicit override 2026-09-06)",bbb_120s,high (SI~33/TI~6),h264,gpu_baseline,gpu,ladder,540,1600,1612.8,86.55,0.1263,78.0,7,Repeatable,results/calibration/_staging/encode_parity_CLEAN_nvenc_24c_2026-09-06.json,"fixed ABR-ladder rung (typical per-resolution bitrate); pass 2 of 2; clean protocol: active wait-for-idle (not a flat 10s sleep), baseline_elevated persisted, page cache evicted per row"
clean_abr_ladder_typical_2026-09-06,"Ryzen 9 7900 (24c CPU, libx264/libx265/libsvtav1)","v0.6.1 (default model, explicit override 2026-09-06)",bbb_120s,high (SI~33/TI~6),h264,cpu,cpu,ladder,480,1100,1216.1,91.33,0.164,68.02,5,Repeatable,results/calibration/_staging/encode_parity_CLEAN_nvenc_24c_2026-09-06.json,"fixed ABR-ladder rung (typical per-resolution bitrate); pass 2 of 2; clean protocol: active wait-for-idle (not a flat 10s sleep), baseline_elevated persisted, page cache evicted per row"
clean_abr_ladder_typical_2026-09-06,RTX 5080 NVENC,"v0.6.1 (default model, explicit override 2026-09-06)",bbb_120s,high (SI~33/TI~6),h264,gpu_baseline,gpu,ladder,480,1100,1110.0,82.81,0.1231,75.28,7,Repeatable,results/calibration/_staging/encode_parity_CLEAN_nvenc_24c_2026-09-06.json,"fixed ABR-ladder rung (typical per-resolution bitrate); pass 2 of 2; clean protocol: active wait-for-idle (not a flat 10s sleep), baseline_elevated persisted, page cache evicted per row"
clean_abr_ladder_typical_2026-09-06,"Ryzen 9 7900 (24c CPU, libx264/libx265/libsvtav1)","v0.6.1 (default model, explicit override 2026-09-06)",bbb_120s,high (SI~33/TI~6),h264,cpu,cpu,ladder,360,800,875.9,92.19,0.1473,68.85,6,Repeatable,results/calibration/_staging/encode_parity_CLEAN_nvenc_24c_2026-09-06.json,"fixed ABR-ladder rung (typical per-resolution bitrate); pass 2 of 2; clean protocol: active wait-for-idle (not a flat 10s sleep), baseline_elevated persisted, page cache evicted per row"
clean_abr_ladder_typical_2026-09-06,RTX 5080 NVENC,"v0.6.1 (default model, explicit override 2026-09-06)",bbb_120s,high (SI~33/TI~6),h264,gpu_baseline,gpu,ladder,360,800,809.3,82.71,0.1274,78.28,7,Repeatable,results/calibration/_staging/encode_parity_CLEAN_nvenc_24c_2026-09-06.json,"fixed ABR-ladder rung (typical per-resolution bitrate); pass 2 of 2; clean protocol: active wait-for-idle (not a flat 10s sleep), baseline_elevated persisted, page cache evicted per row"
clean_abr_ladder_typical_2026-09-06,"Ryzen 9 7900 (24c CPU, libx264/libx265/libsvtav1)","v0.6.1 (default model, explicit override 2026-09-06)",bbb_120s,high (SI~33/TI~6),h265,cpu,cpu,ladder,720,1700,2030.1,91.11,0.4279,67.86,2,Repeatable,results/calibration/_staging/encode_parity_CLEAN_nvenc_24c_2026-09-06.json,"fixed ABR-ladder rung (typical per-resolution bitrate); pass 2 of 2; clean protocol: active wait-for-idle (not a flat 10s sleep), baseline_elevated persisted, page cache evicted per row"
clean_abr_ladder_typical_2026-09-06,RTX 5080 NVENC,"v0.6.1 (default model, explicit override 2026-09-06)",bbb_120s,high (SI~33/TI~6),h265,gpu_baseline,gpu,ladder,720,1700,1596.7,83.59,0.1302,79.27,7,Repeatable,results/calibration/_staging/encode_parity_CLEAN_nvenc_24c_2026-09-06.json,"fixed ABR-ladder rung (typical per-resolution bitrate); pass 2 of 2; clean protocol: active wait-for-idle (not a flat 10s sleep), baseline_elevated persisted, page cache evicted per row"
clean_abr_ladder_typical_2026-09-06,"Ryzen 9 7900 (24c CPU, libx264/libx265/libsvtav1)","v0.6.1 (default model, explicit override 2026-09-06)",bbb_120s,high (SI~33/TI~6),h265,cpu,cpu,ladder,540,950,1117.9,90.11,0.3275,67.76,3,Repeatable,results/calibration/_staging/encode_parity_CLEAN_nvenc_24c_2026-09-06.json,"fixed ABR-ladder rung (typical per-resolution bitrate); pass 2 of 2; clean protocol: active wait-for-idle (not a flat 10s sleep), baseline_elevated persisted, page cache evicted per row"
clean_abr_ladder_typical_2026-09-06,RTX 5080 NVENC,"v0.6.1 (default model, explicit override 2026-09-06)",bbb_120s,high (SI~33/TI~6),h265,gpu_baseline,gpu,ladder,540,950,894.2,83.2,0.1349,82.5,7,Repeatable,results/calibration/_staging/encode_parity_CLEAN_nvenc_24c_2026-09-06.json,"fixed ABR-ladder rung (typical per-resolution bitrate); pass 2 of 2; clean protocol: active wait-for-idle (not a flat 10s sleep), baseline_elevated persisted, page cache evicted per row"
clean_abr_ladder_typical_2026-09-06,"Ryzen 9 7900 (24c CPU, libx264/libx265/libsvtav1)","v0.6.1 (default model, explicit override 2026-09-06)",bbb_120s,high (SI~33/TI~6),h265,cpu,cpu,ladder,480,650,757.3,88.98,0.2807,67.07,3,Repeatable,results/calibration/_staging/encode_parity_CLEAN_nvenc_24c_2026-09-06.json,"fixed ABR-ladder rung (typical per-resolution bitrate); pass 2 of 2; clean protocol: active wait-for-idle (not a flat 10s sleep), baseline_elevated persisted, page cache evicted per row"
clean_abr_ladder_typical_2026-09-06,RTX 5080 NVENC,"v0.6.1 (default model, explicit override 2026-09-06)",bbb_120s,high (SI~33/TI~6),h265,gpu_baseline,gpu,ladder,480,650,619.9,79.08,0.1261,77.48,7,Repeatable,results/calibration/_staging/encode_parity_CLEAN_nvenc_24c_2026-09-06.json,"fixed ABR-ladder rung (typical per-resolution bitrate); pass 2 of 2; clean protocol: active wait-for-idle (not a flat 10s sleep), baseline_elevated persisted, page cache evicted per row"
clean_abr_ladder_typical_2026-09-06,"Ryzen 9 7900 (24c CPU, libx264/libx265/libsvtav1)","v0.6.1 (default model, explicit override 2026-09-06)",bbb_120s,high (SI~33/TI~6),h265,cpu,cpu,ladder,360,500,584.8,90.5,0.2359,68.75,4,Repeatable,results/calibration/_staging/encode_parity_CLEAN_nvenc_24c_2026-09-06.json,"fixed ABR-ladder rung (typical per-resolution bitrate); pass 2 of 2; clean protocol: active wait-for-idle (not a flat 10s sleep), baseline_elevated persisted, page cache evicted per row"
clean_abr_ladder_typical_2026-09-06,RTX 5080 NVENC,"v0.6.1 (default model, explicit override 2026-09-06)",bbb_120s,high (SI~33/TI~6),h265,gpu_baseline,gpu,ladder,360,500,485.4,79.33,0.1247,76.62,7,Repeatable,results/calibration/_staging/encode_parity_CLEAN_nvenc_24c_2026-09-06.json,"fixed ABR-ladder rung (typical per-resolution bitrate); pass 2 of 2; clean protocol: active wait-for-idle (not a flat 10s sleep), baseline_elevated persisted, page cache evicted per row"
clean_abr_ladder_typical_2026-09-06,"Ryzen 9 7900 (24c CPU, libx264/libx265/libsvtav1)","v0.6.1 (default model, explicit override 2026-09-06)",bbb_120s,high (SI~33/TI~6),av1,cpu,cpu,ladder,720,1400,1389.8,94.08,0.3081,64.98,3,Repeatable,results/calibration/_staging/encode_parity_CLEAN_nvenc_24c_2026-09-06.json,"fixed ABR-ladder rung (typical per-resolution bitrate); pass 2 of 2; clean protocol: active wait-for-idle (not a flat 10s sleep), baseline_elevated persisted, page cache evicted per row"
clean_abr_ladder_typical_2026-09-06,RTX 5080 NVENC,"v0.6.1 (default model, explicit override 2026-09-06)",bbb_120s,high (SI~33/TI~6),av1,gpu_baseline,gpu,ladder,720,1400,1447.0,85.27,0.1337,81.38,7,Repeatable,results/calibration/_staging/encode_parity_CLEAN_nvenc_24c_2026-09-06.json,"fixed ABR-ladder rung (typical per-resolution bitrate); pass 2 of 2; clean protocol: active wait-for-idle (not a flat 10s sleep), baseline_elevated persisted, page cache evicted per row"
clean_abr_ladder_typical_2026-09-06,"Ryzen 9 7900 (24c CPU, libx264/libx265/libsvtav1)","v0.6.1 (default model, explicit override 2026-09-06)",bbb_120s,high (SI~33/TI~6),av1,cpu,cpu,ladder,540,800,792.1,93.7,0.2421,67.56,4,Repeatable,results/calibration/_staging/encode_parity_CLEAN_nvenc_24c_2026-09-06.json,"fixed ABR-ladder rung (typical per-resolution bitrate); pass 2 of 2; clean protocol: active wait-for-idle (not a flat 10s sleep), baseline_elevated persisted, page cache evicted per row"
clean_abr_ladder_typical_2026-09-06,RTX 5080 NVENC,"v0.6.1 (default model, explicit override 2026-09-06)",bbb_120s,high (SI~33/TI~6),av1,gpu_baseline,gpu,ladder,540,800,833.7,84.88,0.1323,80.53,7,Repeatable,results/calibration/_staging/encode_parity_CLEAN_nvenc_24c_2026-09-06.json,"fixed ABR-ladder rung (typical per-resolution bitrate); pass 2 of 2; clean protocol: active wait-for-idle (not a flat 10s sleep), baseline_elevated persisted, page cache evicted per row"
clean_abr_ladder_typical_2026-09-06,"Ryzen 9 7900 (24c CPU, libx264/libx265/libsvtav1)","v0.6.1 (default model, explicit override 2026-09-06)",bbb_120s,high (SI~33/TI~6),av1,cpu,cpu,ladder,480,550,544.9,92.8,0.2149,66.69,4,Repeatable,results/calibration/_staging/encode_parity_CLEAN_nvenc_24c_2026-09-06.json,"fixed ABR-ladder rung (typical per-resolution bitrate); pass 2 of 2; clean protocol: active wait-for-idle (not a flat 10s sleep), baseline_elevated persisted, page cache evicted per row"
clean_abr_ladder_typical_2026-09-06,RTX 5080 NVENC,"v0.6.1 (default model, explicit override 2026-09-06)",bbb_120s,high (SI~33/TI~6),av1,gpu_baseline,gpu,ladder,480,550,565.3,80.28,0.1256,76.45,7,Repeatable,results/calibration/_staging/encode_parity_CLEAN_nvenc_24c_2026-09-06.json,"fixed ABR-ladder rung (typical per-resolution bitrate); pass 2 of 2; clean protocol: active wait-for-idle (not a flat 10s sleep), baseline_elevated persisted, page cache evicted per row"
clean_abr_ladder_typical_2026-09-06,"Ryzen 9 7900 (24c CPU, libx264/libx265/libsvtav1)","v0.6.1 (default model, explicit override 2026-09-06)",bbb_120s,high (SI~33/TI~6),av1,cpu,cpu,ladder,360,400,398.4,93.82,0.1688,65.47,5,Repeatable,results/calibration/_staging/encode_parity_CLEAN_nvenc_24c_2026-09-06.json,"fixed ABR-ladder rung (typical per-resolution bitrate); pass 2 of 2; clean protocol: active wait-for-idle (not a flat 10s sleep), baseline_elevated persisted, page cache evicted per row"
clean_abr_ladder_typical_2026-09-06,RTX 5080 NVENC,"v0.6.1 (default model, explicit override 2026-09-06)",bbb_120s,high (SI~33/TI~6),av1,gpu_baseline,gpu,ladder,360,400,419.5,80.46,0.1288,78.03,7,Repeatable,results/calibration/_staging/encode_parity_CLEAN_nvenc_24c_2026-09-06.json,"fixed ABR-ladder rung (typical per-resolution bitrate); pass 2 of 2; clean protocol: active wait-for-idle (not a flat 10s sleep), baseline_elevated persisted, page cache evicted per row"
clean_abr_ladder_typical_2026-09-06,"Ryzen 9 7900 (24c CPU, libx264/libx265/libsvtav1)","v0.6.1 (default model, explicit override 2026-09-06)",readysetgo_30s,"sport (SI~38.5/TI~40.4, measured 2026-08-28)",h264,cpu,cpu,ladder,720,2800,2831.6,88.43,0.3755,66.6,2,Repeatable,results/calibration/_staging/encode_parity_CLEAN_nvenc_24c_2026-09-06.json,"fixed ABR-ladder rung (typical per-resolution bitrate); pass 2 of 2; clean protocol: active wait-for-idle (not a flat 10s sleep), baseline_elevated persisted, page cache evicted per row"
clean_abr_ladder_typical_2026-09-06,RTX 5080 NVENC,"v0.6.1 (default model, explicit override 2026-09-06)",readysetgo_30s,"sport (SI~38.5/TI~40.4, measured 2026-08-28)",h264,gpu_baseline,gpu,ladder,720,2800,2814.8,87.37,0.1656,49.67,4,Repeatable,results/calibration/_staging/encode_parity_CLEAN_nvenc_24c_2026-09-06.json,"fixed ABR-ladder rung (typical per-resolution bitrate); pass 2 of 2; clean protocol: active wait-for-idle (not a flat 10s sleep), baseline_elevated persisted, page cache evicted per row"
clean_abr_ladder_typical_2026-09-06,"Ryzen 9 7900 (24c CPU, libx264/libx265/libsvtav1)","v0.6.1 (default model, explicit override 2026-09-06)",readysetgo_30s,"sport (SI~38.5/TI~40.4, measured 2026-08-28)",h264,cpu,cpu,ladder,540,1600,1616.7,82.99,0.3281,68.41,3,Repeatable,results/calibration/_staging/encode_parity_CLEAN_nvenc_24c_2026-09-06.json,"fixed ABR-ladder rung (typical per-resolution bitrate); pass 2 of 2; clean protocol: active wait-for-idle (not a flat 10s sleep), baseline_elevated persisted, page cache evicted per row"
clean_abr_ladder_typical_2026-09-06,RTX 5080 NVENC,"v0.6.1 (default model, explicit override 2026-09-06)",readysetgo_30s,"sport (SI~38.5/TI~40.4, measured 2026-08-28)",h264,gpu_baseline,gpu,ladder,540,1600,1617.3,81.24,0.1613,48.57,4,Repeatable,results/calibration/_staging/encode_parity_CLEAN_nvenc_24c_2026-09-06.json,"fixed ABR-ladder rung (typical per-resolution bitrate); pass 2 of 2; clean protocol: active wait-for-idle (not a flat 10s sleep), baseline_elevated persisted, page cache evicted per row"
clean_abr_ladder_typical_2026-09-06,"Ryzen 9 7900 (24c CPU, libx264/libx265/libsvtav1)","v0.6.1 (default model, explicit override 2026-09-06)",readysetgo_30s,"sport (SI~38.5/TI~40.4, measured 2026-08-28)",h264,cpu,cpu,ladder,480,1100,1111.3,75.64,0.3177,68.62,3,Repeatable,results/calibration/_staging/encode_parity_CLEAN_nvenc_24c_2026-09-06.json,"fixed ABR-ladder rung (typical per-resolution bitrate); pass 2 of 2; clean protocol: active wait-for-idle (not a flat 10s sleep), baseline_elevated persisted, page cache evicted per row"
clean_abr_ladder_typical_2026-09-06,RTX 5080 NVENC,"v0.6.1 (default model, explicit override 2026-09-06)",readysetgo_30s,"sport (SI~38.5/TI~40.4, measured 2026-08-28)",h264,gpu_baseline,gpu,ladder,480,1100,1110.3,73.29,0.1613,48.4,4,Repeatable,results/calibration/_staging/encode_parity_CLEAN_nvenc_24c_2026-09-06.json,"fixed ABR-ladder rung (typical per-resolution bitrate); pass 2 of 2; clean protocol: active wait-for-idle (not a flat 10s sleep), baseline_elevated persisted, page cache evicted per row"
clean_abr_ladder_typical_2026-09-06,"Ryzen 9 7900 (24c CPU, libx264/libx265/libsvtav1)","v0.6.1 (default model, explicit override 2026-09-06)",readysetgo_30s,"sport (SI~38.5/TI~40.4, measured 2026-08-28)",h264,cpu,cpu,ladder,360,800,808.8,78.64,0.2875,65.5,3,Repeatable,results/calibration/_staging/encode_parity_CLEAN_nvenc_24c_2026-09-06.json,"fixed ABR-ladder rung (typical per-resolution bitrate); pass 2 of 2; clean protocol: active wait-for-idle (not a flat 10s sleep), baseline_elevated persisted, page cache evicted per row"
clean_abr_ladder_typical_2026-09-06,RTX 5080 NVENC,"v0.6.1 (default model, explicit override 2026-09-06)",readysetgo_30s,"sport (SI~38.5/TI~40.4, measured 2026-08-28)",h264,gpu_baseline,gpu,ladder,360,800,809.1,75.12,0.1601,48.05,4,Repeatable,results/calibration/_staging/encode_parity_CLEAN_nvenc_24c_2026-09-06.json,"fixed ABR-ladder rung (typical per-resolution bitrate); pass 2 of 2; clean protocol: active wait-for-idle (not a flat 10s sleep), baseline_elevated persisted, page cache evicted per row"
clean_abr_ladder_typical_2026-09-06,"Ryzen 9 7900 (24c CPU, libx264/libx265/libsvtav1)","v0.6.1 (default model, explicit override 2026-09-06)",readysetgo_30s,"sport (SI~38.5/TI~40.4, measured 2026-08-28)",h265,cpu,cpu,ladder,720,1700,1729.5,82.34,0.6997,69.97,2,Repeatable,results/calibration/_staging/encode_parity_CLEAN_nvenc_24c_2026-09-06.json,"fixed ABR-ladder rung (typical per-resolution bitrate); pass 2 of 2; clean protocol: active wait-for-idle (not a flat 10s sleep), baseline_elevated persisted, page cache evicted per row"
clean_abr_ladder_typical_2026-09-06,RTX 5080 NVENC,"v0.6.1 (default model, explicit override 2026-09-06)",readysetgo_30s,"sport (SI~38.5/TI~40.4, measured 2026-08-28)",h265,gpu_baseline,gpu,ladder,720,1700,1709.8,79.42,0.1696,50.87,4,Repeatable,results/calibration/_staging/encode_parity_CLEAN_nvenc_24c_2026-09-06.json,"fixed ABR-ladder rung (typical per-resolution bitrate); pass 2 of 2; clean protocol: active wait-for-idle (not a flat 10s sleep), baseline_elevated persisted, page cache evicted per row"
clean_abr_ladder_typical_2026-09-06,"Ryzen 9 7900 (24c CPU, libx264/libx265/libsvtav1)","v0.6.1 (default model, explicit override 2026-09-06)",readysetgo_30s,"sport (SI~38.5/TI~40.4, measured 2026-08-28)",h265,cpu,cpu,ladder,540,950,965.7,76.02,0.5281,68.64,2,Repeatable,results/calibration/_staging/encode_parity_CLEAN_nvenc_24c_2026-09-06.json,"fixed ABR-ladder rung (typical per-resolution bitrate); pass 2 of 2; clean protocol: active wait-for-idle (not a flat 10s sleep), baseline_elevated persisted, page cache evicted per row"
clean_abr_ladder_typical_2026-09-06,RTX 5080 NVENC,"v0.6.1 (default model, explicit override 2026-09-06)",readysetgo_30s,"sport (SI~38.5/TI~40.4, measured 2026-08-28)",h265,gpu_baseline,gpu,ladder,540,950,953.8,72.42,0.165,49.48,4,Repeatable,results/calibration/_staging/encode_parity_CLEAN_nvenc_24c_2026-09-06.json,"fixed ABR-ladder rung (typical per-resolution bitrate); pass 2 of 2; clean protocol: active wait-for-idle (not a flat 10s sleep), baseline_elevated persisted, page cache evicted per row"
clean_abr_ladder_typical_2026-09-06,"Ryzen 9 7900 (24c CPU, libx264/libx265/libsvtav1)","v0.6.1 (default model, explicit override 2026-09-06)",readysetgo_30s,"sport (SI~38.5/TI~40.4, measured 2026-08-28)",h265,cpu,cpu,ladder,480,650,660.6,69.54,0.4644,68.52,2,Repeatable,results/calibration/_staging/encode_parity_CLEAN_nvenc_24c_2026-09-06.json,"fixed ABR-ladder rung (typical per-resolution bitrate); pass 2 of 2; clean protocol: active wait-for-idle (not a flat 10s sleep), baseline_elevated persisted, page cache evicted per row"
clean_abr_ladder_typical_2026-09-06,RTX 5080 NVENC,"v0.6.1 (default model, explicit override 2026-09-06)",readysetgo_30s,"sport (SI~38.5/TI~40.4, measured 2026-08-28)",h265,gpu_baseline,gpu,ladder,480,650,658.4,65.42,0.1626,48.78,4,Repeatable,results/calibration/_staging/encode_parity_CLEAN_nvenc_24c_2026-09-06.json,"fixed ABR-ladder rung (typical per-resolution bitrate); pass 2 of 2; clean protocol: active wait-for-idle (not a flat 10s sleep), baseline_elevated persisted, page cache evicted per row"
clean_abr_ladder_typical_2026-09-06,"Ryzen 9 7900 (24c CPU, libx264/libx265/libsvtav1)","v0.6.1 (default model, explicit override 2026-09-06)",readysetgo_30s,"sport (SI~38.5/TI~40.4, measured 2026-08-28)",h265,cpu,cpu,ladder,360,500,508.9,71.34,0.381,66.91,2,Repeatable,results/calibration/_staging/encode_parity_CLEAN_nvenc_24c_2026-09-06.json,"fixed ABR-ladder rung (typical per-resolution bitrate); pass 2 of 2; clean protocol: active wait-for-idle (not a flat 10s sleep), baseline_elevated persisted, page cache evicted per row"
clean_abr_ladder_typical_2026-09-06,RTX 5080 NVENC,"v0.6.1 (default model, explicit override 2026-09-06)",readysetgo_30s,"sport (SI~38.5/TI~40.4, measured 2026-08-28)",h265,gpu_baseline,gpu,ladder,360,500,506.6,66.96,0.163,49.09,4,Repeatable,results/calibration/_staging/encode_parity_CLEAN_nvenc_24c_2026-09-06.json,"fixed ABR-ladder rung (typical per-resolution bitrate); pass 2 of 2; clean protocol: active wait-for-idle (not a flat 10s sleep), baseline_elevated persisted, page cache evicted per row"
clean_abr_ladder_typical_2026-09-06,"Ryzen 9 7900 (24c CPU, libx264/libx265/libsvtav1)","v0.6.1 (default model, explicit override 2026-09-06)",readysetgo_30s,"sport (SI~38.5/TI~40.4, measured 2026-08-28)",av1,cpu,cpu,ladder,720,1400,1353.9,78.63,0.3744,65.75,2,Repeatable,results/calibration/_staging/encode_parity_CLEAN_nvenc_24c_2026-09-06.json,"fixed ABR-ladder rung (typical per-resolution bitrate); pass 2 of 2; clean protocol: active wait-for-idle (not a flat 10s sleep), baseline_elevated persisted, page cache evicted per row"
clean_abr_ladder_typical_2026-09-06,RTX 5080 NVENC,"v0.6.1 (default model, explicit override 2026-09-06)",readysetgo_30s,"sport (SI~38.5/TI~40.4, measured 2026-08-28)",av1,gpu_baseline,gpu,ladder,720,1400,1425.8,77.11,0.1731,51.92,4,Repeatable,results/calibration/_staging/encode_parity_CLEAN_nvenc_24c_2026-09-06.json,"fixed ABR-ladder rung (typical per-resolution bitrate); pass 2 of 2; clean protocol: active wait-for-idle (not a flat 10s sleep), baseline_elevated persisted, page cache evicted per row"
clean_abr_ladder_typical_2026-09-06,"Ryzen 9 7900 (24c CPU, libx264/libx265/libsvtav1)","v0.6.1 (default model, explicit override 2026-09-06)",readysetgo_30s,"sport (SI~38.5/TI~40.4, measured 2026-08-28)",av1,cpu,cpu,ladder,540,800,615.2,69.09,0.3428,67.56,3,Repeatable,results/calibration/_staging/encode_parity_CLEAN_nvenc_24c_2026-09-06.json,"fixed ABR-ladder rung (typical per-resolution bitrate); pass 2 of 2; clean protocol: active wait-for-idle (not a flat 10s sleep), baseline_elevated persisted, page cache evicted per row"
clean_abr_ladder_typical_2026-09-06,RTX 5080 NVENC,"v0.6.1 (default model, explicit override 2026-09-06)",readysetgo_30s,"sport (SI~38.5/TI~40.4, measured 2026-08-28)",av1,gpu_baseline,gpu,ladder,540,800,819.4,71.09,0.1676,50.26,4,Repeatable,results/calibration/_staging/encode_parity_CLEAN_nvenc_24c_2026-09-06.json,"fixed ABR-ladder rung (typical per-resolution bitrate); pass 2 of 2; clean protocol: active wait-for-idle (not a flat 10s sleep), baseline_elevated persisted, page cache evicted per row"
clean_abr_ladder_typical_2026-09-06,"Ryzen 9 7900 (24c CPU, libx264/libx265/libsvtav1)","v0.6.1 (default model, explicit override 2026-09-06)",readysetgo_30s,"sport (SI~38.5/TI~40.4, measured 2026-08-28)",av1,cpu,cpu,ladder,480,550,407.7,63.88,0.3269,66.62,3,Repeatable,results/calibration/_staging/encode_parity_CLEAN_nvenc_24c_2026-09-06.json,"fixed ABR-ladder rung (typical per-resolution bitrate); pass 2 of 2; clean protocol: active wait-for-idle (not a flat 10s sleep), baseline_elevated persisted, page cache evicted per row"
clean_abr_ladder_typical_2026-09-06,RTX 5080 NVENC,"v0.6.1 (default model, explicit override 2026-09-06)",readysetgo_30s,"sport (SI~38.5/TI~40.4, measured 2026-08-28)",av1,gpu_baseline,gpu,ladder,480,550,556.9,62.83,0.1671,50.12,4,Repeatable,results/calibration/_staging/encode_parity_CLEAN_nvenc_24c_2026-09-06.json,"fixed ABR-ladder rung (typical per-resolution bitrate); pass 2 of 2; clean protocol: active wait-for-idle (not a flat 10s sleep), baseline_elevated persisted, page cache evicted per row"
clean_abr_ladder_typical_2026-09-06,"Ryzen 9 7900 (24c CPU, libx264/libx265/libsvtav1)","v0.6.1 (default model, explicit override 2026-09-06)",readysetgo_30s,"sport (SI~38.5/TI~40.4, measured 2026-08-28)",av1,cpu,cpu,ladder,360,400,317.5,65.58,0.3057,66.82,3,Repeatable,results/calibration/_staging/encode_parity_CLEAN_nvenc_24c_2026-09-06.json,"fixed ABR-ladder rung (typical per-resolution bitrate); pass 2 of 2; clean protocol: active wait-for-idle (not a flat 10s sleep), baseline_elevated persisted, page cache evicted per row"
clean_abr_ladder_typical_2026-09-06,RTX 5080 NVENC,"v0.6.1 (default model, explicit override 2026-09-06)",readysetgo_30s,"sport (SI~38.5/TI~40.4, measured 2026-08-28)",av1,gpu_baseline,gpu,ladder,360,400,415.3,65.0,0.1587,47.79,4,Repeatable,results/calibration/_staging/encode_parity_CLEAN_nvenc_24c_2026-09-06.json,"fixed ABR-ladder rung (typical per-resolution bitrate); pass 2 of 2; clean protocol: active wait-for-idle (not a flat 10s sleep), baseline_elevated persisted, page cache evicted per row"
clean_abr_ladder_typical_2026-09-06,"Ryzen 9 7900 (24c CPU, libx264/libx265/libsvtav1)","v0.6.1 (default model, explicit override 2026-09-06)",football_30s,"sport-broadcast (SI~48.3/TI~10.3, measured 2026-09-04)",h264,cpu,cpu,ladder,720,2800,2830.4,85.1,0.2487,68.1,4,Repeatable,results/calibration/_staging/encode_parity_CLEAN_nvenc_24c_2026-09-06.json,"fixed ABR-ladder rung (typical per-resolution bitrate); pass 2 of 2; clean protocol: active wait-for-idle (not a flat 10s sleep), baseline_elevated persisted, page cache evicted per row"
clean_abr_ladder_typical_2026-09-06,RTX 5080 NVENC,"v0.6.1 (default model, explicit override 2026-09-06)",football_30s,"sport-broadcast (SI~48.3/TI~10.3, measured 2026-09-04)",h264,gpu_baseline,gpu,ladder,720,2800,2797.4,82.72,0.1042,59.95,7,Repeatable,results/calibration/_staging/encode_parity_CLEAN_nvenc_24c_2026-09-06.json,"fixed ABR-ladder rung (typical per-resolution bitrate); pass 2 of 2; clean protocol: active wait-for-idle (not a flat 10s sleep), baseline_elevated persisted, page cache evicted per row"
clean_abr_ladder_typical_2026-09-06,"Ryzen 9 7900 (24c CPU, libx264/libx265/libsvtav1)","v0.6.1 (default model, explicit override 2026-09-06)",football_30s,"sport-broadcast (SI~48.3/TI~10.3, measured 2026-09-04)",h264,cpu,cpu,ladder,540,1600,1625.5,83.26,0.193,67.46,4,Repeatable,results/calibration/_staging/encode_parity_CLEAN_nvenc_24c_2026-09-06.json,"fixed ABR-ladder rung (typical per-resolution bitrate); pass 2 of 2; clean protocol: active wait-for-idle (not a flat 10s sleep), baseline_elevated persisted, page cache evicted per row"
clean_abr_ladder_typical_2026-09-06,RTX 5080 NVENC,"v0.6.1 (default model, explicit override 2026-09-06)",football_30s,"sport-broadcast (SI~48.3/TI~10.3, measured 2026-09-04)",h264,gpu_baseline,gpu,ladder,540,1600,1601.4,80.2,0.1067,61.38,7,Repeatable,results/calibration/_staging/encode_parity_CLEAN_nvenc_24c_2026-09-06.json,"fixed ABR-ladder rung (typical per-resolution bitrate); pass 2 of 2; clean protocol: active wait-for-idle (not a flat 10s sleep), baseline_elevated persisted, page cache evicted per row"
clean_abr_ladder_typical_2026-09-06,"Ryzen 9 7900 (24c CPU, libx264/libx265/libsvtav1)","v0.6.1 (default model, explicit override 2026-09-06)",football_30s,"sport-broadcast (SI~48.3/TI~10.3, measured 2026-09-04)",h264,cpu,cpu,ladder,480,1100,1123.3,79.9,0.1812,67.97,5,Repeatable,results/calibration/_staging/encode_parity_CLEAN_nvenc_24c_2026-09-06.json,"fixed ABR-ladder rung (typical per-resolution bitrate); pass 2 of 2; clean protocol: active wait-for-idle (not a flat 10s sleep), baseline_elevated persisted, page cache evicted per row"
clean_abr_ladder_typical_2026-09-06,RTX 5080 NVENC,"v0.6.1 (default model, explicit override 2026-09-06)",football_30s,"sport-broadcast (SI~48.3/TI~10.3, measured 2026-09-04)",h264,gpu_baseline,gpu,ladder,480,1100,1100.8,74.66,0.1048,60.56,7,Repeatable,results/calibration/_staging/encode_parity_CLEAN_nvenc_24c_2026-09-06.json,"fixed ABR-ladder rung (typical per-resolution bitrate); pass 2 of 2; clean protocol: active wait-for-idle (not a flat 10s sleep), baseline_elevated persisted, page cache evicted per row"
clean_abr_ladder_typical_2026-09-06,"Ryzen 9 7900 (24c CPU, libx264/libx265/libsvtav1)","v0.6.1 (default model, explicit override 2026-09-06)",football_30s,"sport-broadcast (SI~48.3/TI~10.3, measured 2026-09-04)",h264,cpu,cpu,ladder,360,800,819.0,81.92,0.1617,66.16,5,Repeatable,results/calibration/_staging/encode_parity_CLEAN_nvenc_24c_2026-09-06.json,"fixed ABR-ladder rung (typical per-resolution bitrate); pass 2 of 2; clean protocol: active wait-for-idle (not a flat 10s sleep), baseline_elevated persisted, page cache evicted per row"
clean_abr_ladder_typical_2026-09-06,RTX 5080 NVENC,"v0.6.1 (default model, explicit override 2026-09-06)",football_30s,"sport-broadcast (SI~48.3/TI~10.3, measured 2026-09-04)",h264,gpu_baseline,gpu,ladder,360,800,800.7,75.6,0.1127,66.04,7,Repeatable,results/calibration/_staging/encode_parity_CLEAN_nvenc_24c_2026-09-06.json,"fixed ABR-ladder rung (typical per-resolution bitrate); pass 2 of 2; clean protocol: active wait-for-idle (not a flat 10s sleep), baseline_elevated persisted, page cache evicted per row"
clean_abr_ladder_typical_2026-09-06,"Ryzen 9 7900 (24c CPU, libx264/libx265/libsvtav1)","v0.6.1 (default model, explicit override 2026-09-06)",football_30s,"sport-broadcast (SI~48.3/TI~10.3, measured 2026-09-04)",h265,cpu,cpu,ladder,720,1700,1716.5,78.85,0.5015,64.94,2,Repeatable,results/calibration/_staging/encode_parity_CLEAN_nvenc_24c_2026-09-06.json,"fixed ABR-ladder rung (typical per-resolution bitrate); pass 2 of 2; clean protocol: active wait-for-idle (not a flat 10s sleep), baseline_elevated persisted, page cache evicted per row"
clean_abr_ladder_typical_2026-09-06,RTX 5080 NVENC,"v0.6.1 (default model, explicit override 2026-09-06)",football_30s,"sport-broadcast (SI~48.3/TI~10.3, measured 2026-09-04)",h265,gpu_baseline,gpu,ladder,720,1700,1632.4,76.53,0.1065,61.86,7,Repeatable,results/calibration/_staging/encode_parity_CLEAN_nvenc_24c_2026-09-06.json,"fixed ABR-ladder rung (typical per-resolution bitrate); pass 2 of 2; clean protocol: active wait-for-idle (not a flat 10s sleep), baseline_elevated persisted, page cache evicted per row"
clean_abr_ladder_typical_2026-09-06,"Ryzen 9 7900 (24c CPU, libx264/libx265/libsvtav1)","v0.6.1 (default model, explicit override 2026-09-06)",football_30s,"sport-broadcast (SI~48.3/TI~10.3, measured 2026-09-04)",h265,cpu,cpu,ladder,540,950,963.5,75.08,0.3749,66.15,2,Repeatable,results/calibration/_staging/encode_parity_CLEAN_nvenc_24c_2026-09-06.json,"fixed ABR-ladder rung (typical per-resolution bitrate); pass 2 of 2; clean protocol: active wait-for-idle (not a flat 10s sleep), baseline_elevated persisted, page cache evicted per row"
clean_abr_ladder_typical_2026-09-06,RTX 5080 NVENC,"v0.6.1 (default model, explicit override 2026-09-06)",football_30s,"sport-broadcast (SI~48.3/TI~10.3, measured 2026-09-04)",h265,gpu_baseline,gpu,ladder,540,950,919.6,72.81,0.1035,60.1,7,Repeatable,results/calibration/_staging/encode_parity_CLEAN_nvenc_24c_2026-09-06.json,"fixed ABR-ladder rung (typical per-resolution bitrate); pass 2 of 2; clean protocol: active wait-for-idle (not a flat 10s sleep), baseline_elevated persisted, page cache evicted per row"
clean_abr_ladder_typical_2026-09-06,"Ryzen 9 7900 (24c CPU, libx264/libx265/libsvtav1)","v0.6.1 (default model, explicit override 2026-09-06)",football_30s,"sport-broadcast (SI~48.3/TI~10.3, measured 2026-09-04)",h265,cpu,cpu,ladder,480,650,662.2,70.33,0.3227,67.27,3,Repeatable,results/calibration/_staging/encode_parity_CLEAN_nvenc_24c_2026-09-06.json,"fixed ABR-ladder rung (typical per-resolution bitrate); pass 2 of 2; clean protocol: active wait-for-idle (not a flat 10s sleep), baseline_elevated persisted, page cache evicted per row"
clean_abr_ladder_typical_2026-09-06,RTX 5080 NVENC,"v0.6.1 (default model, explicit override 2026-09-06)",football_30s,"sport-broadcast (SI~48.3/TI~10.3, measured 2026-09-04)",h265,gpu_baseline,gpu,ladder,480,650,639.4,66.61,0.1001,58.09,7,Repeatable,results/calibration/_staging/encode_parity_CLEAN_nvenc_24c_2026-09-06.json,"fixed ABR-ladder rung (typical per-resolution bitrate); pass 2 of 2; clean protocol: active wait-for-idle (not a flat 10s sleep), baseline_elevated persisted, page cache evicted per row"
clean_abr_ladder_typical_2026-09-06,"Ryzen 9 7900 (24c CPU, libx264/libx265/libsvtav1)","v0.6.1 (default model, explicit override 2026-09-06)",football_30s,"sport-broadcast (SI~48.3/TI~10.3, measured 2026-09-04)",h265,cpu,cpu,ladder,360,500,511.0,73.2,0.2514,64.65,3,Repeatable,results/calibration/_staging/encode_parity_CLEAN_nvenc_24c_2026-09-06.json,"fixed ABR-ladder rung (typical per-resolution bitrate); pass 2 of 2; clean protocol: active wait-for-idle (not a flat 10s sleep), baseline_elevated persisted, page cache evicted per row"
clean_abr_ladder_typical_2026-09-06,RTX 5080 NVENC,"v0.6.1 (default model, explicit override 2026-09-06)",football_30s,"sport-broadcast (SI~48.3/TI~10.3, measured 2026-09-04)",h265,gpu_baseline,gpu,ladder,360,500,496.6,68.44,0.1013,59.09,7,Repeatable,results/calibration/_staging/encode_parity_CLEAN_nvenc_24c_2026-09-06.json,"fixed ABR-ladder rung (typical per-resolution bitrate); pass 2 of 2; clean protocol: active wait-for-idle (not a flat 10s sleep), baseline_elevated persisted, page cache evicted per row"
clean_abr_ladder_typical_2026-09-06,"Ryzen 9 7900 (24c CPU, libx264/libx265/libsvtav1)","v0.6.1 (default model, explicit override 2026-09-06)",football_30s,"sport-broadcast (SI~48.3/TI~10.3, measured 2026-09-04)",av1,cpu,cpu,ladder,720,1400,1407.1,80.07,0.281,67.14,3,Repeatable,results/calibration/_staging/encode_parity_CLEAN_nvenc_24c_2026-09-06.json,"fixed ABR-ladder rung (typical per-resolution bitrate); pass 2 of 2; clean protocol: active wait-for-idle (not a flat 10s sleep), baseline_elevated persisted, page cache evicted per row"
clean_abr_ladder_typical_2026-09-06,RTX 5080 NVENC,"v0.6.1 (default model, explicit override 2026-09-06)",football_30s,"sport-broadcast (SI~48.3/TI~10.3, measured 2026-09-04)",av1,gpu_baseline,gpu,ladder,720,1400,1430.1,76.67,0.1067,61.93,7,Repeatable,results/calibration/_staging/encode_parity_CLEAN_nvenc_24c_2026-09-06.json,"fixed ABR-ladder rung (typical per-resolution bitrate); pass 2 of 2; clean protocol: active wait-for-idle (not a flat 10s sleep), baseline_elevated persisted, page cache evicted per row"
clean_abr_ladder_typical_2026-09-06,"Ryzen 9 7900 (24c CPU, libx264/libx265/libsvtav1)","v0.6.1 (default model, explicit override 2026-09-06)",football_30s,"sport-broadcast (SI~48.3/TI~10.3, measured 2026-09-04)",av1,cpu,cpu,ladder,540,800,803.3,78.34,0.2257,66.6,4,Repeatable,results/calibration/_staging/encode_parity_CLEAN_nvenc_24c_2026-09-06.json,"fixed ABR-ladder rung (typical per-resolution bitrate); pass 2 of 2; clean protocol: active wait-for-idle (not a flat 10s sleep), baseline_elevated persisted, page cache evicted per row"
clean_abr_ladder_typical_2026-09-06,RTX 5080 NVENC,"v0.6.1 (default model, explicit override 2026-09-06)",football_30s,"sport-broadcast (SI~48.3/TI~10.3, measured 2026-09-04)",av1,gpu_baseline,gpu,ladder,540,800,822.9,73.18,0.1052,61.37,7,Repeatable,results/calibration/_staging/encode_parity_CLEAN_nvenc_24c_2026-09-06.json,"fixed ABR-ladder rung (typical per-resolution bitrate); pass 2 of 2; clean protocol: active wait-for-idle (not a flat 10s sleep), baseline_elevated persisted, page cache evicted per row"
clean_abr_ladder_typical_2026-09-06,"Ryzen 9 7900 (24c CPU, libx264/libx265/libsvtav1)","v0.6.1 (default model, explicit override 2026-09-06)",football_30s,"sport-broadcast (SI~48.3/TI~10.3, measured 2026-09-04)",av1,cpu,cpu,ladder,480,550,551.5,74.41,0.2027,66.95,4,Repeatable,results/calibration/_staging/encode_parity_CLEAN_nvenc_24c_2026-09-06.json,"fixed ABR-ladder rung (typical per-resolution bitrate); pass 2 of 2; clean protocol: active wait-for-idle (not a flat 10s sleep), baseline_elevated persisted, page cache evicted per row"
clean_abr_ladder_typical_2026-09-06,RTX 5080 NVENC,"v0.6.1 (default model, explicit override 2026-09-06)",football_30s,"sport-broadcast (SI~48.3/TI~10.3, measured 2026-09-04)",av1,gpu_baseline,gpu,ladder,480,550,558.6,66.38,0.1062,61.67,7,Repeatable,results/calibration/_staging/encode_parity_CLEAN_nvenc_24c_2026-09-06.json,"fixed ABR-ladder rung (typical per-resolution bitrate); pass 2 of 2; clean protocol: active wait-for-idle (not a flat 10s sleep), baseline_elevated persisted, page cache evicted per row"
clean_abr_ladder_typical_2026-09-06,"Ryzen 9 7900 (24c CPU, libx264/libx265/libsvtav1)","v0.6.1 (default model, explicit override 2026-09-06)",football_30s,"sport-broadcast (SI~48.3/TI~10.3, measured 2026-09-04)",av1,cpu,cpu,ladder,360,400,403.5,76.44,0.1823,68.09,5,Repeatable,results/calibration/_staging/encode_parity_CLEAN_nvenc_24c_2026-09-06.json,"fixed ABR-ladder rung (typical per-resolution bitrate); pass 2 of 2; clean protocol: active wait-for-idle (not a flat 10s sleep), baseline_elevated persisted, page cache evicted per row"
clean_abr_ladder_typical_2026-09-06,RTX 5080 NVENC,"v0.6.1 (default model, explicit override 2026-09-06)",football_30s,"sport-broadcast (SI~48.3/TI~10.3, measured 2026-09-04)",av1,gpu_baseline,gpu,ladder,360,400,416.5,68.08,0.1056,61.61,7,Repeatable,results/calibration/_staging/encode_parity_CLEAN_nvenc_24c_2026-09-06.json,"fixed ABR-ladder rung (typical per-resolution bitrate); pass 2 of 2; clean protocol: active wait-for-idle (not a flat 10s sleep), baseline_elevated persisted, page cache evicted per row"
clean_iso_bitrate_sweep_2026-09-06,RTX 5080 NVENC,"v0.6.1 (default model, explicit override 2026-09-06)",bbb_120s,high (SI~33/TI~6),h264,gpu_baseline,gpu,sweep,1080,6000,6042.5,91.51,0.1381,67.47,6,Repeatable,results/calibration/_staging/encode_parity_CLEAN_nvenc_24c_2026-09-06.json,"measured point; pass 1 of 2; clean protocol: active wait-for-idle (not a flat 10s sleep), baseline_elevated persisted, page cache evicted per row; re-measured 2026-09-07 after the original tripped baseline_elevated"
clean_iso_bitrate_sweep_2026-09-06,"Ryzen 9 7900 (24c CPU, libx264/libx265/libsvtav1)","v0.6.1 (default model, explicit override 2026-09-06)",football_30s,"sport-broadcast (SI~48.3/TI~10.3, measured 2026-09-04)",av1,cpu,cpu,sweep,1080,11000,10599.8,93.16,0.4239,67.53,2,Repeatable,results/calibration/_staging/encode_parity_CLEAN_nvenc_24c_2026-09-06.json,"measured point; pass 1 of 2; clean protocol: active wait-for-idle (not a flat 10s sleep), baseline_elevated persisted, page cache evicted per row; re-measured 2026-09-07 after the original tripped baseline_elevated"
clean_abr_ladder_typical_2026-09-06,"Ryzen 9 7900 (24c CPU, libx264/libx265/libsvtav1)","v0.6.1 (default model, explicit override 2026-09-06)",football_30s,"sport-broadcast (SI~48.3/TI~10.3, measured 2026-09-04)",h265,cpu,cpu,ladder,480,650,662.2,70.33,0.3151,65.96,3,Repeatable,results/calibration/_staging/encode_parity_CLEAN_nvenc_24c_2026-09-06.json,"fixed ABR-ladder rung (typical per-resolution bitrate); pass 1 of 2; clean protocol: active wait-for-idle (not a flat 10s sleep), baseline_elevated persisted, page cache evicted per row; re-measured 2026-09-07 after the original tripped baseline_elevated"
clean_iso_bitrate_sweep_2026-09-06,"Ryzen 9 7900 (24c CPU, libx264/libx265/libsvtav1)","v0.6.1 (default model, explicit override 2026-09-06)",meridian_120s,low (SI~13/TI~2),h265,cpu,cpu,sweep,1080,3500,3450.3,94.44,0.7216,68.18,2,Repeatable,results/calibration/_staging/encode_parity_CLEAN_nvenc_24c_2026-09-06.json,"measured point; pass 2 of 2; clean protocol: active wait-for-idle (not a flat 10s sleep), baseline_elevated persisted, page cache evicted per row; re-measured 2026-09-07 after the original tripped baseline_elevated"
clean_iso_bitrate_sweep_2026-09-06,RTX 5080 NVENC,"v0.6.1 (default model, explicit override 2026-09-06)",meridian_120s,low (SI~13/TI~2),h265,gpu_baseline,gpu,sweep,1080,3500,3538.8,93.03,0.1354,59.42,5,Repeatable,results/calibration/_staging/encode_parity_CLEAN_nvenc_24c_2026-09-06.json,"measured point; pass 2 of 2; clean protocol: active wait-for-idle (not a flat 10s sleep), baseline_elevated persisted, page cache evicted per row; re-measured 2026-09-07 after the original tripped baseline_elevated"
clean_iso_bitrate_sweep_2026-09-06,RTX 5080 NVENC,"v0.6.1 (default model, explicit override 2026-09-06)",bbb_120s,high (SI~33/TI~6),h264,gpu_tuned,gpu,sweep,1080,4500,4497.9,89.03,0.2247,54.65,3,Repeatable,results/calibration/_staging/encode_parity_CLEAN_nvenc_24c_2026-09-06.json,"measured point; pass 2 of 2; clean protocol: active wait-for-idle (not a flat 10s sleep), baseline_elevated persisted, page cache evicted per row; re-measured 2026-09-07 after the original tripped baseline_elevated"
clean_iso_bitrate_sweep_2026-09-06,RTX 5080 NVENC,"v0.6.1 (default model, explicit override 2026-09-06)",readysetgo_30s,"sport (SI~38.5/TI~40.4, measured 2026-08-28)",h264,gpu_baseline,gpu,sweep,1080,15000,15071.1,99.87,0.1724,51.49,4,Repeatable,results/calibration/_staging/encode_parity_CLEAN_nvenc_24c_2026-09-06.json,"measured point; pass 2 of 2; clean protocol: active wait-for-idle (not a flat 10s sleep), baseline_elevated persisted, page cache evicted per row; re-measured 2026-09-07 after the original tripped baseline_elevated"
clean_iso_bitrate_sweep_2026-09-06,RTX 5080 NVENC,"v0.6.1 (default model, explicit override 2026-09-06)",readysetgo_30s,"sport (SI~38.5/TI~40.4, measured 2026-08-28)",av1,gpu_baseline,gpu,sweep,1080,6000,6071.2,98.31,0.1789,53.21,4,Repeatable,results/calibration/_staging/encode_parity_CLEAN_nvenc_24c_2026-09-06.json,"measured point; pass 2 of 2; clean protocol: active wait-for-idle (not a flat 10s sleep), baseline_elevated persisted, page cache evicted per row; re-measured 2026-09-07 after the original tripped baseline_elevated"
clean_iso_bitrate_sweep_2026-09-06,RTX 5080 NVENC,"v0.6.1 (default model, explicit override 2026-09-06)",football_30s,"sport-broadcast (SI~48.3/TI~10.3, measured 2026-09-04)",h265,gpu_baseline,gpu,sweep,1080,5000,4828.7,85.97,0.1305,57.57,5,Repeatable,results/calibration/_staging/encode_parity_CLEAN_nvenc_24c_2026-09-06.json,"measured point; pass 2 of 2; clean protocol: active wait-for-idle (not a flat 10s sleep), baseline_elevated persisted, page cache evicted per row; re-measured 2026-09-07 after the original tripped baseline_elevated"
clean_iso_bitrate_sweep_2026-09-06,"Ryzen 9 7900 (24c CPU, libx264/libx265/libsvtav1)","v0.6.1 (default model, explicit override 2026-09-06)",football_30s,"sport-broadcast (SI~48.3/TI~10.3, measured 2026-09-04)",h265,cpu,cpu,sweep,1080,7000,6970.4,89.99,0.9742,66.93,1,Repeatable,results/calibration/_staging/encode_parity_CLEAN_nvenc_24c_2026-09-06.json,"measured point; pass 2 of 2; clean protocol: active wait-for-idle (not a flat 10s sleep), baseline_elevated persisted, page cache evicted per row; re-measured 2026-09-07 after the original tripped baseline_elevated"
