dataset,hardware,vmaf_version,clip,complexity,codec,profile,encoder_kind,rung,resolution_p,target_kbps,achieved_kbps,vmaf,wh_per_min,delta_w_watts,n,confidence,source_file,notes
s53_iso_bitrate_sweep,"Ryzen 9 7900 (24c CPU, libx264/libx265/libsvtav1)","v0.6.1 (default model, pre-OWL-v1)",meridian_120s,low (SI~13/TI~2),h264,cpu,cpu,sweep,1080,3000,2928.1,92.17,0.3327,64.85,3,Repeatable,results/calibration/encode_parity_nvenc_24c_2026-06-20.json,measured point
s53_iso_bitrate_sweep,RTX 5080 NVENC,"v0.6.1 (default model, pre-OWL-v1)",meridian_120s,low (SI~13/TI~2),h264,gpu_baseline,gpu,sweep,1080,3000,3004.4,91.52,0.1077,53.37,6,Repeatable,results/calibration/encode_parity_nvenc_24c_2026-06-20.json,measured point
s53_iso_bitrate_sweep,RTX 5080 NVENC,"v0.6.1 (default model, pre-OWL-v1)",meridian_120s,low (SI~13/TI~2),h264,gpu_tuned,gpu,sweep,1080,3000,2988.7,90.19,0.2028,48.46,3,Repeatable,results/calibration/encode_parity_nvenc_24c_2026-06-20.json,measured point
s53_iso_bitrate_sweep,"Ryzen 9 7900 (24c CPU, libx264/libx265/libsvtav1)","v0.6.1 (default model, pre-OWL-v1)",meridian_120s,low (SI~13/TI~2),h264,cpu,cpu,sweep,1080,4500,4399.0,93.62,0.3829,67.24,2,Repeatable,results/calibration/encode_parity_nvenc_24c_2026-06-20.json,measured point
s53_iso_bitrate_sweep,RTX 5080 NVENC,"v0.6.1 (default model, pre-OWL-v1)",meridian_120s,low (SI~13/TI~2),h264,gpu_baseline,gpu,sweep,1080,4500,4488.8,93.5,0.1151,57.04,6,Repeatable,results/calibration/encode_parity_nvenc_24c_2026-06-20.json,measured point
s53_iso_bitrate_sweep,RTX 5080 NVENC,"v0.6.1 (default model, pre-OWL-v1)",meridian_120s,low (SI~13/TI~2),h264,gpu_tuned,gpu,sweep,1080,4500,4477.2,92.07,0.2123,50.5,3,Repeatable,results/calibration/encode_parity_nvenc_24c_2026-06-20.json,measured point
s53_iso_bitrate_sweep,"Ryzen 9 7900 (24c CPU, libx264/libx265/libsvtav1)","v0.6.1 (default model, pre-OWL-v1)",meridian_120s,low (SI~13/TI~2),h264,cpu,cpu,sweep,1080,6000,5874.4,94.44,0.3897,63.2,2,Repeatable,results/calibration/encode_parity_nvenc_24c_2026-06-20.json,measured point
s53_iso_bitrate_sweep,RTX 5080 NVENC,"v0.6.1 (default model, pre-OWL-v1)",meridian_120s,low (SI~13/TI~2),h264,gpu_baseline,gpu,sweep,1080,6000,5990.6,94.26,0.1124,55.66,6,Repeatable,results/calibration/encode_parity_nvenc_24c_2026-06-20.json,measured point
s53_iso_bitrate_sweep,RTX 5080 NVENC,"v0.6.1 (default model, pre-OWL-v1)",meridian_120s,low (SI~13/TI~2),h264,gpu_tuned,gpu,sweep,1080,6000,5977.4,93.11,0.2129,50.88,3,Repeatable,results/calibration/encode_parity_nvenc_24c_2026-06-20.json,measured point
s53_iso_bitrate_sweep,"Ryzen 9 7900 (24c CPU, libx264/libx265/libsvtav1)","v0.6.1 (default model, pre-OWL-v1)",meridian_120s,low (SI~13/TI~2),h264,cpu,cpu,sweep,1080,8000,7827.4,95.06,0.4663,69.66,2,Repeatable,results/calibration/encode_parity_nvenc_24c_2026-06-20.json,measured point
s53_iso_bitrate_sweep,RTX 5080 NVENC,"v0.6.1 (default model, pre-OWL-v1)",meridian_120s,low (SI~13/TI~2),h264,gpu_baseline,gpu,sweep,1080,8000,7988.9,94.77,0.1151,56.78,6,Repeatable,results/calibration/encode_parity_nvenc_24c_2026-06-20.json,measured point
s53_iso_bitrate_sweep,RTX 5080 NVENC,"v0.6.1 (default model, pre-OWL-v1)",meridian_120s,low (SI~13/TI~2),h264,gpu_tuned,gpu,sweep,1080,8000,7962.7,93.85,0.2159,51.37,3,Repeatable,results/calibration/encode_parity_nvenc_24c_2026-06-20.json,measured point
s53_iso_bitrate_sweep,"Ryzen 9 7900 (24c CPU, libx264/libx265/libsvtav1)","v0.6.1 (default model, pre-OWL-v1)",meridian_120s,low (SI~13/TI~2),h264,cpu,cpu,sweep,1080,11000,10745.1,95.6,0.4944,67.68,2,Repeatable,results/calibration/encode_parity_nvenc_24c_2026-06-20.json,measured point
s53_iso_bitrate_sweep,RTX 5080 NVENC,"v0.6.1 (default model, pre-OWL-v1)",meridian_120s,low (SI~13/TI~2),h264,gpu_baseline,gpu,sweep,1080,11000,10976.5,95.22,0.1194,58.61,6,Repeatable,results/calibration/encode_parity_nvenc_24c_2026-06-20.json,measured point
s53_iso_bitrate_sweep,RTX 5080 NVENC,"v0.6.1 (default model, pre-OWL-v1)",meridian_120s,low (SI~13/TI~2),h264,gpu_tuned,gpu,sweep,1080,11000,10942.6,94.47,0.2243,53.11,3,Repeatable,results/calibration/encode_parity_nvenc_24c_2026-06-20.json,measured point
s53_iso_bitrate_sweep,"Ryzen 9 7900 (24c CPU, libx264/libx265/libsvtav1)","v0.6.1 (default model, pre-OWL-v1)",meridian_120s,low (SI~13/TI~2),h265,cpu,cpu,sweep,1080,1500,1480.6,92.57,0.6269,70.75,2,Repeatable,results/calibration/encode_parity_nvenc_24c_2026-06-20.json,measured point
s53_iso_bitrate_sweep,RTX 5080 NVENC,"v0.6.1 (default model, pre-OWL-v1)",meridian_120s,low (SI~13/TI~2),h265,gpu_baseline,gpu,sweep,1080,1500,1561.3,88.13,0.1303,57.47,5,Repeatable,results/calibration/encode_parity_nvenc_24c_2026-06-20.json,measured point
s53_iso_bitrate_sweep,RTX 5080 NVENC,"v0.6.1 (default model, pre-OWL-v1)",meridian_120s,low (SI~13/TI~2),h265,gpu_tuned,gpu,sweep,1080,1500,1524.3,88.73,0.3683,46.52,2,Repeatable,results/calibration/encode_parity_nvenc_24c_2026-06-20.json,measured point
s53_iso_bitrate_sweep,"Ryzen 9 7900 (24c CPU, libx264/libx265/libsvtav1)","v0.6.1 (default model, pre-OWL-v1)",meridian_120s,low (SI~13/TI~2),h265,cpu,cpu,sweep,1080,2500,2464.3,93.83,0.6659,69.08,2,Repeatable,results/calibration/encode_parity_nvenc_24c_2026-06-20.json,measured point
s53_iso_bitrate_sweep,RTX 5080 NVENC,"v0.6.1 (default model, pre-OWL-v1)",meridian_120s,low (SI~13/TI~2),h265,gpu_baseline,gpu,sweep,1080,2500,2554.7,91.15,0.1282,56.58,5,Repeatable,results/calibration/encode_parity_nvenc_24c_2026-06-20.json,measured point
s53_iso_bitrate_sweep,RTX 5080 NVENC,"v0.6.1 (default model, pre-OWL-v1)",meridian_120s,low (SI~13/TI~2),h265,gpu_tuned,gpu,sweep,1080,2500,2494.1,91.87,0.3803,47.87,2,Repeatable,results/calibration/encode_parity_nvenc_24c_2026-06-20.json,measured point
s53_iso_bitrate_sweep,"Ryzen 9 7900 (24c CPU, libx264/libx265/libsvtav1)","v0.6.1 (default model, pre-OWL-v1)",meridian_120s,low (SI~13/TI~2),h265,cpu,cpu,sweep,1080,3500,3450.3,94.44,0.7385,70.52,2,Repeatable,results/calibration/encode_parity_nvenc_24c_2026-06-20.json,measured point
s53_iso_bitrate_sweep,RTX 5080 NVENC,"v0.6.1 (default model, pre-OWL-v1)",meridian_120s,low (SI~13/TI~2),h265,gpu_baseline,gpu,sweep,1080,3500,3538.8,93.03,0.1296,56.91,5,Repeatable,results/calibration/encode_parity_nvenc_24c_2026-06-20.json,measured point
s53_iso_bitrate_sweep,RTX 5080 NVENC,"v0.6.1 (default model, pre-OWL-v1)",meridian_120s,low (SI~13/TI~2),h265,gpu_tuned,gpu,sweep,1080,3500,3493.2,92.8,0.3725,46.89,2,Repeatable,results/calibration/encode_parity_nvenc_24c_2026-06-20.json,measured point
s53_iso_bitrate_sweep,"Ryzen 9 7900 (24c CPU, libx264/libx265/libsvtav1)","v0.6.1 (default model, pre-OWL-v1)",meridian_120s,low (SI~13/TI~2),h265,cpu,cpu,sweep,1080,5000,4925.9,95.0,0.7768,67.54,1,Repeatable,results/calibration/encode_parity_nvenc_24c_2026-06-20.json,measured point
s53_iso_bitrate_sweep,RTX 5080 NVENC,"v0.6.1 (default model, pre-OWL-v1)",meridian_120s,low (SI~13/TI~2),h265,gpu_baseline,gpu,sweep,1080,5000,4994.6,93.96,0.135,59.25,5,Repeatable,results/calibration/encode_parity_nvenc_24c_2026-06-20.json,measured point
s53_iso_bitrate_sweep,RTX 5080 NVENC,"v0.6.1 (default model, pre-OWL-v1)",meridian_120s,low (SI~13/TI~2),h265,gpu_tuned,gpu,sweep,1080,5000,4966.7,93.53,0.3938,49.57,2,Repeatable,results/calibration/encode_parity_nvenc_24c_2026-06-20.json,measured point
s53_iso_bitrate_sweep,"Ryzen 9 7900 (24c CPU, libx264/libx265/libsvtav1)","v0.6.1 (default model, pre-OWL-v1)",meridian_120s,low (SI~13/TI~2),h265,cpu,cpu,sweep,1080,7000,6888.8,95.45,0.842,66.19,1,Repeatable,results/calibration/encode_parity_nvenc_24c_2026-06-20.json,measured point
s53_iso_bitrate_sweep,RTX 5080 NVENC,"v0.6.1 (default model, pre-OWL-v1)",meridian_120s,low (SI~13/TI~2),h265,gpu_baseline,gpu,sweep,1080,7000,6880.1,94.47,0.1303,57.19,5,Repeatable,results/calibration/encode_parity_nvenc_24c_2026-06-20.json,measured point
s53_iso_bitrate_sweep,RTX 5080 NVENC,"v0.6.1 (default model, pre-OWL-v1)",meridian_120s,low (SI~13/TI~2),h265,gpu_tuned,gpu,sweep,1080,7000,6952.5,94.06,0.3772,47.48,2,Repeatable,results/calibration/encode_parity_nvenc_24c_2026-06-20.json,measured point
s53_iso_bitrate_sweep,"Ryzen 9 7900 (24c CPU, libx264/libx265/libsvtav1)","v0.6.1 (default model, pre-OWL-v1)",meridian_120s,low (SI~13/TI~2),av1,cpu,cpu,sweep,1080,1000,687.4,90.72,0.3239,66.5,3,Repeatable,results/calibration/encode_parity_nvenc_24c_2026-06-20.json,measured point
s53_iso_bitrate_sweep,RTX 5080 NVENC,"v0.6.1 (default model, pre-OWL-v1)",meridian_120s,low (SI~13/TI~2),av1,gpu_baseline,gpu,sweep,1080,1000,1033.6,90.64,0.1259,60.17,6,Repeatable,results/calibration/encode_parity_nvenc_24c_2026-06-20.json,measured point
s53_iso_bitrate_sweep,RTX 5080 NVENC,"v0.6.1 (default model, pre-OWL-v1)",meridian_120s,low (SI~13/TI~2),av1,gpu_tuned,gpu,sweep,1080,1000,997.3,89.04,0.249,51.52,3,Repeatable,results/calibration/encode_parity_nvenc_24c_2026-06-20.json,measured point
s53_iso_bitrate_sweep,"Ryzen 9 7900 (24c CPU, libx264/libx265/libsvtav1)","v0.6.1 (default model, pre-OWL-v1)",meridian_120s,low (SI~13/TI~2),av1,cpu,cpu,sweep,1080,1800,1249.4,92.21,0.3535,66.97,3,Repeatable,results/calibration/encode_parity_nvenc_24c_2026-06-20.json,measured point
s53_iso_bitrate_sweep,RTX 5080 NVENC,"v0.6.1 (default model, pre-OWL-v1)",meridian_120s,low (SI~13/TI~2),av1,gpu_baseline,gpu,sweep,1080,1800,1840.0,92.63,0.1241,59.31,6,Repeatable,results/calibration/encode_parity_nvenc_24c_2026-06-20.json,measured point
s53_iso_bitrate_sweep,RTX 5080 NVENC,"v0.6.1 (default model, pre-OWL-v1)",meridian_120s,low (SI~13/TI~2),av1,gpu_tuned,gpu,sweep,1080,1800,1776.2,91.46,0.2577,53.12,3,Repeatable,results/calibration/encode_parity_nvenc_24c_2026-06-20.json,measured point
s53_iso_bitrate_sweep,"Ryzen 9 7900 (24c CPU, libx264/libx265/libsvtav1)","v0.6.1 (default model, pre-OWL-v1)",meridian_120s,low (SI~13/TI~2),av1,cpu,cpu,sweep,1080,2800,1909.2,92.91,0.3785,69.04,3,Repeatable,results/calibration/encode_parity_nvenc_24c_2026-06-20.json,measured point
s53_iso_bitrate_sweep,RTX 5080 NVENC,"v0.6.1 (default model, pre-OWL-v1)",meridian_120s,low (SI~13/TI~2),av1,gpu_baseline,gpu,sweep,1080,2800,2854.5,93.58,0.1225,59.34,6,Repeatable,results/calibration/encode_parity_nvenc_24c_2026-06-20.json,measured point
s53_iso_bitrate_sweep,RTX 5080 NVENC,"v0.6.1 (default model, pre-OWL-v1)",meridian_120s,low (SI~13/TI~2),av1,gpu_tuned,gpu,sweep,1080,2800,2816.7,92.74,0.2523,52.01,3,Repeatable,results/calibration/encode_parity_nvenc_24c_2026-06-20.json,measured point
s53_iso_bitrate_sweep,"Ryzen 9 7900 (24c CPU, libx264/libx265/libsvtav1)","v0.6.1 (default model, pre-OWL-v1)",meridian_120s,low (SI~13/TI~2),av1,cpu,cpu,sweep,1080,4000,2676.2,93.34,0.3672,64.49,2,Repeatable,results/calibration/encode_parity_nvenc_24c_2026-06-20.json,measured point
s53_iso_bitrate_sweep,RTX 5080 NVENC,"v0.6.1 (default model, pre-OWL-v1)",meridian_120s,low (SI~13/TI~2),av1,gpu_baseline,gpu,sweep,1080,4000,4075.9,94.14,0.1277,61.58,6,Repeatable,results/calibration/encode_parity_nvenc_24c_2026-06-20.json,measured point
s53_iso_bitrate_sweep,RTX 5080 NVENC,"v0.6.1 (default model, pre-OWL-v1)",meridian_120s,low (SI~13/TI~2),av1,gpu_tuned,gpu,sweep,1080,4000,4034.6,93.47,0.2571,52.98,3,Repeatable,results/calibration/encode_parity_nvenc_24c_2026-06-20.json,measured point
s53_iso_bitrate_sweep,"Ryzen 9 7900 (24c CPU, libx264/libx265/libsvtav1)","v0.6.1 (default model, pre-OWL-v1)",meridian_120s,low (SI~13/TI~2),av1,cpu,cpu,sweep,1080,6000,4032.0,93.8,0.3705,64.74,2,Repeatable,results/calibration/encode_parity_nvenc_24c_2026-06-20.json,measured point
s53_iso_bitrate_sweep,RTX 5080 NVENC,"v0.6.1 (default model, pre-OWL-v1)",meridian_120s,low (SI~13/TI~2),av1,gpu_baseline,gpu,sweep,1080,6000,6105.4,94.63,0.1287,62.05,6,Repeatable,results/calibration/encode_parity_nvenc_24c_2026-06-20.json,measured point
s53_iso_bitrate_sweep,RTX 5080 NVENC,"v0.6.1 (default model, pre-OWL-v1)",meridian_120s,low (SI~13/TI~2),av1,gpu_tuned,gpu,sweep,1080,6000,6067.9,94.12,0.2599,53.35,3,Repeatable,results/calibration/encode_parity_nvenc_24c_2026-06-20.json,measured point
s53_iso_bitrate_sweep,"Ryzen 9 7900 (24c CPU, libx264/libx265/libsvtav1)","v0.6.1 (default model, pre-OWL-v1)",bbb_120s,high (SI~33/TI~6),h264,cpu,cpu,sweep,1080,3000,3346.3,88.46,0.3041,68.99,3,Repeatable,results/calibration/encode_parity_nvenc_24c_2026-06-20.json,measured point
s53_iso_bitrate_sweep,RTX 5080 NVENC,"v0.6.1 (default model, pre-OWL-v1)",bbb_120s,high (SI~33/TI~6),h264,gpu_baseline,gpu,sweep,1080,3000,3031.4,85.95,0.1338,65.66,6,Repeatable,results/calibration/encode_parity_nvenc_24c_2026-06-20.json,measured point
s53_iso_bitrate_sweep,RTX 5080 NVENC,"v0.6.1 (default model, pre-OWL-v1)",bbb_120s,high (SI~33/TI~6),h264,gpu_tuned,gpu,sweep,1080,3000,3010.6,84.82,0.2155,52.66,3,Repeatable,results/calibration/encode_parity_nvenc_24c_2026-06-20.json,measured point
s53_iso_bitrate_sweep,"Ryzen 9 7900 (24c CPU, libx264/libx265/libsvtav1)","v0.6.1 (default model, pre-OWL-v1)",bbb_120s,high (SI~33/TI~6),h264,cpu,cpu,sweep,1080,4500,5081.9,91.48,0.3159,68.78,3,Repeatable,results/calibration/encode_parity_nvenc_24c_2026-06-20.json,measured point
s53_iso_bitrate_sweep,RTX 5080 NVENC,"v0.6.1 (default model, pre-OWL-v1)",bbb_120s,high (SI~33/TI~6),h264,gpu_baseline,gpu,sweep,1080,4500,4535.2,89.66,0.1405,68.67,6,Repeatable,results/calibration/encode_parity_nvenc_24c_2026-06-20.json,measured point
s53_iso_bitrate_sweep,RTX 5080 NVENC,"v0.6.1 (default model, pre-OWL-v1)",bbb_120s,high (SI~33/TI~6),h264,gpu_tuned,gpu,sweep,1080,4500,4497.9,89.03,0.2158,52.5,3,Repeatable,results/calibration/encode_parity_nvenc_24c_2026-06-20.json,measured point
s53_iso_bitrate_sweep,"Ryzen 9 7900 (24c CPU, libx264/libx265/libsvtav1)","v0.6.1 (default model, pre-OWL-v1)",bbb_120s,high (SI~33/TI~6),h264,cpu,cpu,sweep,1080,6000,6875.9,93.1,0.3347,70.34,3,Repeatable,results/calibration/encode_parity_nvenc_24c_2026-06-20.json,measured point
s53_iso_bitrate_sweep,RTX 5080 NVENC,"v0.6.1 (default model, pre-OWL-v1)",bbb_120s,high (SI~33/TI~6),h264,gpu_baseline,gpu,sweep,1080,6000,6042.5,91.51,0.1385,67.99,6,Repeatable,results/calibration/encode_parity_nvenc_24c_2026-06-20.json,measured point
s53_iso_bitrate_sweep,RTX 5080 NVENC,"v0.6.1 (default model, pre-OWL-v1)",bbb_120s,high (SI~33/TI~6),h264,gpu_tuned,gpu,sweep,1080,6000,5985.2,91.12,0.2255,54.84,3,Repeatable,results/calibration/encode_parity_nvenc_24c_2026-06-20.json,measured point
s53_iso_bitrate_sweep,"Ryzen 9 7900 (24c CPU, libx264/libx265/libsvtav1)","v0.6.1 (default model, pre-OWL-v1)",bbb_120s,high (SI~33/TI~6),h264,cpu,cpu,sweep,1080,8000,9357.3,94.41,0.3522,70.97,3,Repeatable,results/calibration/encode_parity_nvenc_24c_2026-06-20.json,measured point
s53_iso_bitrate_sweep,RTX 5080 NVENC,"v0.6.1 (default model, pre-OWL-v1)",bbb_120s,high (SI~33/TI~6),h264,gpu_baseline,gpu,sweep,1080,8000,8033.5,92.81,0.1437,70.52,6,Repeatable,results/calibration/encode_parity_nvenc_24c_2026-06-20.json,measured point
s53_iso_bitrate_sweep,RTX 5080 NVENC,"v0.6.1 (default model, pre-OWL-v1)",bbb_120s,high (SI~33/TI~6),h264,gpu_tuned,gpu,sweep,1080,8000,7977.4,92.52,0.2196,53.42,3,Repeatable,results/calibration/encode_parity_nvenc_24c_2026-06-20.json,measured point
s53_iso_bitrate_sweep,"Ryzen 9 7900 (24c CPU, libx264/libx265/libsvtav1)","v0.6.1 (default model, pre-OWL-v1)",bbb_120s,high (SI~33/TI~6),h264,cpu,cpu,sweep,1080,11000,13056.0,95.62,0.3637,70.13,3,Repeatable,results/calibration/encode_parity_nvenc_24c_2026-06-20.json,measured point
s53_iso_bitrate_sweep,RTX 5080 NVENC,"v0.6.1 (default model, pre-OWL-v1)",bbb_120s,high (SI~33/TI~6),h264,gpu_baseline,gpu,sweep,1080,11000,11037.0,93.89,0.1395,67.58,6,Repeatable,results/calibration/encode_parity_nvenc_24c_2026-06-20.json,measured point
s53_iso_bitrate_sweep,RTX 5080 NVENC,"v0.6.1 (default model, pre-OWL-v1)",bbb_120s,high (SI~33/TI~6),h264,gpu_tuned,gpu,sweep,1080,11000,10987.9,93.67,0.2229,53.49,3,Repeatable,results/calibration/encode_parity_nvenc_24c_2026-06-20.json,measured point
s53_iso_bitrate_sweep,"Ryzen 9 7900 (24c CPU, libx264/libx265/libsvtav1)","v0.6.1 (default model, pre-OWL-v1)",bbb_120s,high (SI~33/TI~6),h265,cpu,cpu,sweep,1080,1500,1697.7,85.18,0.5704,69.61,2,Repeatable,results/calibration/encode_parity_nvenc_24c_2026-06-20.json,measured point
s53_iso_bitrate_sweep,RTX 5080 NVENC,"v0.6.1 (default model, pre-OWL-v1)",bbb_120s,high (SI~33/TI~6),h265,gpu_baseline,gpu,sweep,1080,1500,1447.8,80.15,0.1445,65.58,6,Repeatable,results/calibration/encode_parity_nvenc_24c_2026-06-20.json,measured point
s53_iso_bitrate_sweep,RTX 5080 NVENC,"v0.6.1 (default model, pre-OWL-v1)",bbb_120s,high (SI~33/TI~6),h265,gpu_tuned,gpu,sweep,1080,1500,1509.7,82.13,0.3962,49.18,2,Repeatable,results/calibration/encode_parity_nvenc_24c_2026-06-20.json,measured point
s53_iso_bitrate_sweep,"Ryzen 9 7900 (24c CPU, libx264/libx265/libsvtav1)","v0.6.1 (default model, pre-OWL-v1)",bbb_120s,high (SI~33/TI~6),h265,cpu,cpu,sweep,1080,2500,2866.6,89.83,0.6213,71.01,2,Repeatable,results/calibration/encode_parity_nvenc_24c_2026-06-20.json,measured point
s53_iso_bitrate_sweep,RTX 5080 NVENC,"v0.6.1 (default model, pre-OWL-v1)",bbb_120s,high (SI~33/TI~6),h265,gpu_baseline,gpu,sweep,1080,2500,2356.0,86.51,0.147,66.14,6,Repeatable,results/calibration/encode_parity_nvenc_24c_2026-06-20.json,measured point
s53_iso_bitrate_sweep,RTX 5080 NVENC,"v0.6.1 (default model, pre-OWL-v1)",bbb_120s,high (SI~33/TI~6),h265,gpu_tuned,gpu,sweep,1080,2500,2419.6,87.6,0.3877,48.3,2,Repeatable,results/calibration/encode_parity_nvenc_24c_2026-06-20.json,measured point
s53_iso_bitrate_sweep,"Ryzen 9 7900 (24c CPU, libx264/libx265/libsvtav1)","v0.6.1 (default model, pre-OWL-v1)",bbb_120s,high (SI~33/TI~6),h265,cpu,cpu,sweep,1080,3500,4068.0,92.05,0.6493,69.36,2,Repeatable,results/calibration/encode_parity_nvenc_24c_2026-06-20.json,measured point
s53_iso_bitrate_sweep,RTX 5080 NVENC,"v0.6.1 (default model, pre-OWL-v1)",bbb_120s,high (SI~33/TI~6),h265,gpu_baseline,gpu,sweep,1080,3500,3258.6,89.38,0.1428,64.8,6,Repeatable,results/calibration/encode_parity_nvenc_24c_2026-06-20.json,measured point
s53_iso_bitrate_sweep,RTX 5080 NVENC,"v0.6.1 (default model, pre-OWL-v1)",bbb_120s,high (SI~33/TI~6),h265,gpu_tuned,gpu,sweep,1080,3500,3334.2,90.25,0.3772,46.99,2,Repeatable,results/calibration/encode_parity_nvenc_24c_2026-06-20.json,measured point
s53_iso_bitrate_sweep,"Ryzen 9 7900 (24c CPU, libx264/libx265/libsvtav1)","v0.6.1 (default model, pre-OWL-v1)",bbb_120s,high (SI~33/TI~6),h265,cpu,cpu,sweep,1080,5000,5923.6,93.84,0.6986,69.28,2,Repeatable,results/calibration/encode_parity_nvenc_24c_2026-06-20.json,measured point
s53_iso_bitrate_sweep,RTX 5080 NVENC,"v0.6.1 (default model, pre-OWL-v1)",bbb_120s,high (SI~33/TI~6),h265,gpu_baseline,gpu,sweep,1080,5000,4583.5,91.58,0.1425,64.68,6,Repeatable,results/calibration/encode_parity_nvenc_24c_2026-06-20.json,measured point
s53_iso_bitrate_sweep,RTX 5080 NVENC,"v0.6.1 (default model, pre-OWL-v1)",bbb_120s,high (SI~33/TI~6),h265,gpu_tuned,gpu,sweep,1080,5000,4680.8,92.19,0.3816,47.54,2,Repeatable,results/calibration/encode_parity_nvenc_24c_2026-06-20.json,measured point
s53_iso_bitrate_sweep,"Ryzen 9 7900 (24c CPU, libx264/libx265/libsvtav1)","v0.6.1 (default model, pre-OWL-v1)",bbb_120s,high (SI~33/TI~6),h265,cpu,cpu,sweep,1080,7000,8468.5,95.11,0.7794,70.68,2,Repeatable,results/calibration/encode_parity_nvenc_24c_2026-06-20.json,measured point
s53_iso_bitrate_sweep,RTX 5080 NVENC,"v0.6.1 (default model, pre-OWL-v1)",bbb_120s,high (SI~33/TI~6),h265,gpu_baseline,gpu,sweep,1080,7000,6327.1,92.94,0.1461,65.75,5,Repeatable,results/calibration/encode_parity_nvenc_24c_2026-06-20.json,measured point
s53_iso_bitrate_sweep,RTX 5080 NVENC,"v0.6.1 (default model, pre-OWL-v1)",bbb_120s,high (SI~33/TI~6),h265,gpu_tuned,gpu,sweep,1080,7000,6450.0,93.48,0.3858,48.06,2,Repeatable,results/calibration/encode_parity_nvenc_24c_2026-06-20.json,measured point
s53_iso_bitrate_sweep,"Ryzen 9 7900 (24c CPU, libx264/libx265/libsvtav1)","v0.6.1 (default model, pre-OWL-v1)",bbb_120s,high (SI~33/TI~6),av1,cpu,cpu,sweep,1080,1000,986.2,87.83,0.3717,65.6,2,Repeatable,results/calibration/encode_parity_nvenc_24c_2026-06-20.json,measured point
s53_iso_bitrate_sweep,RTX 5080 NVENC,"v0.6.1 (default model, pre-OWL-v1)",bbb_120s,high (SI~33/TI~6),av1,gpu_baseline,gpu,sweep,1080,1000,1037.1,78.93,0.1395,68.8,6,Repeatable,results/calibration/encode_parity_nvenc_24c_2026-06-20.json,measured point
s53_iso_bitrate_sweep,RTX 5080 NVENC,"v0.6.1 (default model, pre-OWL-v1)",bbb_120s,high (SI~33/TI~6),av1,gpu_tuned,gpu,sweep,1080,1000,931.2,78.71,0.2669,55.02,3,Repeatable,results/calibration/encode_parity_nvenc_24c_2026-06-20.json,measured point
s53_iso_bitrate_sweep,"Ryzen 9 7900 (24c CPU, libx264/libx265/libsvtav1)","v0.6.1 (default model, pre-OWL-v1)",bbb_120s,high (SI~33/TI~6),av1,cpu,cpu,sweep,1080,1800,1771.2,92.19,0.3903,64.75,2,Repeatable,results/calibration/encode_parity_nvenc_24c_2026-06-20.json,measured point
s53_iso_bitrate_sweep,RTX 5080 NVENC,"v0.6.1 (default model, pre-OWL-v1)",bbb_120s,high (SI~33/TI~6),av1,gpu_baseline,gpu,sweep,1080,1800,1838.4,86.84,0.0911,45.33,6,Repeatable,results/calibration/encode_parity_nvenc_24c_2026-06-20.json,measured point
s53_iso_bitrate_sweep,RTX 5080 NVENC,"v0.6.1 (default model, pre-OWL-v1)",bbb_120s,high (SI~33/TI~6),av1,gpu_tuned,gpu,sweep,1080,1800,1601.7,85.9,0.2573,53.04,3,Repeatable,results/calibration/encode_parity_nvenc_24c_2026-06-20.json,measured point
s53_iso_bitrate_sweep,"Ryzen 9 7900 (24c CPU, libx264/libx265/libsvtav1)","v0.6.1 (default model, pre-OWL-v1)",bbb_120s,high (SI~33/TI~6),av1,cpu,cpu,sweep,1080,2800,2717.2,94.27,0.4579,68.11,2,Repeatable,results/calibration/encode_parity_nvenc_24c_2026-06-20.json,measured point
s53_iso_bitrate_sweep,RTX 5080 NVENC,"v0.6.1 (default model, pre-OWL-v1)",bbb_120s,high (SI~33/TI~6),av1,gpu_baseline,gpu,sweep,1080,2800,2801.8,90.77,0.1427,70.71,6,Repeatable,results/calibration/encode_parity_nvenc_24c_2026-06-20.json,measured point
s53_iso_bitrate_sweep,RTX 5080 NVENC,"v0.6.1 (default model, pre-OWL-v1)",bbb_120s,high (SI~33/TI~6),av1,gpu_tuned,gpu,sweep,1080,2800,2520.0,90.06,0.2698,55.39,3,Repeatable,results/calibration/encode_parity_nvenc_24c_2026-06-20.json,measured point
s53_iso_bitrate_sweep,"Ryzen 9 7900 (24c CPU, libx264/libx265/libsvtav1)","v0.6.1 (default model, pre-OWL-v1)",bbb_120s,high (SI~33/TI~6),av1,cpu,cpu,sweep,1080,4000,3748.6,95.34,0.4029,66.84,2,Repeatable,results/calibration/encode_parity_nvenc_24c_2026-06-20.json,measured point
s53_iso_bitrate_sweep,RTX 5080 NVENC,"v0.6.1 (default model, pre-OWL-v1)",bbb_120s,high (SI~33/TI~6),av1,gpu_baseline,gpu,sweep,1080,4000,3916.3,92.89,0.1389,68.79,6,Repeatable,results/calibration/encode_parity_nvenc_24c_2026-06-20.json,measured point
s53_iso_bitrate_sweep,RTX 5080 NVENC,"v0.6.1 (default model, pre-OWL-v1)",bbb_120s,high (SI~33/TI~6),av1,gpu_tuned,gpu,sweep,1080,4000,3671.4,92.37,0.2528,51.91,3,Repeatable,results/calibration/encode_parity_nvenc_24c_2026-06-20.json,measured point
s53_iso_bitrate_sweep,"Ryzen 9 7900 (24c CPU, libx264/libx265/libsvtav1)","v0.6.1 (default model, pre-OWL-v1)",bbb_120s,high (SI~33/TI~6),av1,cpu,cpu,sweep,1080,6000,5084.0,96.02,0.4797,66.16,2,Repeatable,results/calibration/encode_parity_nvenc_24c_2026-06-20.json,measured point
s53_iso_bitrate_sweep,RTX 5080 NVENC,"v0.6.1 (default model, pre-OWL-v1)",bbb_120s,high (SI~33/TI~6),av1,gpu_baseline,gpu,sweep,1080,6000,5722.5,94.36,0.1395,69.1,6,Repeatable,results/calibration/encode_parity_nvenc_24c_2026-06-20.json,measured point
s53_iso_bitrate_sweep,RTX 5080 NVENC,"v0.6.1 (default model, pre-OWL-v1)",bbb_120s,high (SI~33/TI~6),av1,gpu_tuned,gpu,sweep,1080,6000,5490.2,93.94,0.2605,53.5,3,Repeatable,results/calibration/encode_parity_nvenc_24c_2026-06-20.json,measured point
s53_iso_bitrate_sweep,"Ryzen 9 7900 (24c CPU, libx264/libx265/libsvtav1)","v0.6.1 (default model, pre-OWL-v1)",kranjska_120s,sport (SI~101/TI~45),h264,cpu,cpu,sweep,1080,4000,4494.2,77.73,0.2061,68.07,4,Repeatable,results/calibration/encode_parity_nvenc_24c_2026-06-20.json,measured point
s53_iso_bitrate_sweep,RTX 5080 NVENC,"v0.6.1 (default model, pre-OWL-v1)",kranjska_120s,sport (SI~101/TI~45),h264,gpu_baseline,gpu,sweep,1080,4000,4138.4,75.13,0.066,64.35,11,Repeatable,results/calibration/encode_parity_nvenc_24c_2026-06-20.json,measured point
s53_iso_bitrate_sweep,RTX 5080 NVENC,"v0.6.1 (default model, pre-OWL-v1)",kranjska_120s,sport (SI~101/TI~45),h264,gpu_tuned,gpu,sweep,1080,4000,4130.3,73.73,0.1032,48.88,6,Repeatable,results/calibration/encode_parity_nvenc_24c_2026-06-20.json,measured point
s53_iso_bitrate_sweep,"Ryzen 9 7900 (24c CPU, libx264/libx265/libsvtav1)","v0.6.1 (default model, pre-OWL-v1)",kranjska_120s,sport (SI~101/TI~45),h264,cpu,cpu,sweep,1080,8000,9115.8,90.33,0.2415,70.12,4,Repeatable,results/calibration/encode_parity_nvenc_24c_2026-06-20.json,measured point
s53_iso_bitrate_sweep,RTX 5080 NVENC,"v0.6.1 (default model, pre-OWL-v1)",kranjska_120s,sport (SI~101/TI~45),h264,gpu_baseline,gpu,sweep,1080,8000,8289.4,86.57,0.0665,64.85,11,Repeatable,results/calibration/encode_parity_nvenc_24c_2026-06-20.json,measured point
s53_iso_bitrate_sweep,RTX 5080 NVENC,"v0.6.1 (default model, pre-OWL-v1)",kranjska_120s,sport (SI~101/TI~45),h264,gpu_tuned,gpu,sweep,1080,8000,8280.7,86.44,0.1068,50.15,6,Repeatable,results/calibration/encode_parity_nvenc_24c_2026-06-20.json,measured point
s53_iso_bitrate_sweep,"Ryzen 9 7900 (24c CPU, libx264/libx265/libsvtav1)","v0.6.1 (default model, pre-OWL-v1)",kranjska_120s,sport (SI~101/TI~45),h264,cpu,cpu,sweep,1080,12000,13719.7,95.87,0.2473,66.45,3,Repeatable,results/calibration/encode_parity_nvenc_24c_2026-06-20.json,measured point
s53_iso_bitrate_sweep,RTX 5080 NVENC,"v0.6.1 (default model, pre-OWL-v1)",kranjska_120s,sport (SI~101/TI~45),h264,gpu_baseline,gpu,sweep,1080,12000,12445.0,91.59,0.0661,63.82,11,Repeatable,results/calibration/encode_parity_nvenc_24c_2026-06-20.json,measured point
s53_iso_bitrate_sweep,RTX 5080 NVENC,"v0.6.1 (default model, pre-OWL-v1)",kranjska_120s,sport (SI~101/TI~45),h264,gpu_tuned,gpu,sweep,1080,12000,12395.5,91.82,0.1063,49.7,6,Repeatable,results/calibration/encode_parity_nvenc_24c_2026-06-20.json,measured point
s53_iso_bitrate_sweep,"Ryzen 9 7900 (24c CPU, libx264/libx265/libsvtav1)","v0.6.1 (default model, pre-OWL-v1)",kranjska_120s,sport (SI~101/TI~45),h264,cpu,cpu,sweep,1080,16000,18275.8,98.75,0.2635,66.49,3,Repeatable,results/calibration/encode_parity_nvenc_24c_2026-06-20.json,measured point
s53_iso_bitrate_sweep,RTX 5080 NVENC,"v0.6.1 (default model, pre-OWL-v1)",kranjska_120s,sport (SI~101/TI~45),h264,gpu_baseline,gpu,sweep,1080,16000,16580.2,94.54,0.0678,65.2,11,Repeatable,results/calibration/encode_parity_nvenc_24c_2026-06-20.json,measured point
s53_iso_bitrate_sweep,RTX 5080 NVENC,"v0.6.1 (default model, pre-OWL-v1)",kranjska_120s,sport (SI~101/TI~45),h264,gpu_tuned,gpu,sweep,1080,16000,16571.3,94.8,0.1058,49.23,6,Repeatable,results/calibration/encode_parity_nvenc_24c_2026-06-20.json,measured point
s53_iso_bitrate_sweep,"Ryzen 9 7900 (24c CPU, libx264/libx265/libsvtav1)","v0.6.1 (default model, pre-OWL-v1)",kranjska_120s,sport (SI~101/TI~45),h264,cpu,cpu,sweep,1080,20000,22771.4,99.8,0.2699,65.35,3,Repeatable,results/calibration/encode_parity_nvenc_24c_2026-06-20.json,measured point
s53_iso_bitrate_sweep,RTX 5080 NVENC,"v0.6.1 (default model, pre-OWL-v1)",kranjska_120s,sport (SI~101/TI~45),h264,gpu_baseline,gpu,sweep,1080,20000,20737.0,96.45,0.0665,63.64,11,Repeatable,results/calibration/encode_parity_nvenc_24c_2026-06-20.json,measured point
s53_iso_bitrate_sweep,RTX 5080 NVENC,"v0.6.1 (default model, pre-OWL-v1)",kranjska_120s,sport (SI~101/TI~45),h264,gpu_tuned,gpu,sweep,1080,20000,20689.4,96.65,0.1083,50.21,6,Repeatable,results/calibration/encode_parity_nvenc_24c_2026-06-20.json,measured point
s53_iso_bitrate_sweep,"Ryzen 9 7900 (24c CPU, libx264/libx265/libsvtav1)","v0.6.1 (default model, pre-OWL-v1)",kranjska_120s,sport (SI~101/TI~45),h265,cpu,cpu,sweep,1080,2500,2853.2,69.87,0.4523,67.57,2,Repeatable,results/calibration/encode_parity_nvenc_24c_2026-06-20.json,measured point
s53_iso_bitrate_sweep,RTX 5080 NVENC,"v0.6.1 (default model, pre-OWL-v1)",kranjska_120s,sport (SI~101/TI~45),h265,gpu_baseline,gpu,sweep,1080,2500,2587.9,69.73,0.0693,67.91,11,Repeatable,results/calibration/encode_parity_nvenc_24c_2026-06-20.json,measured point
s53_iso_bitrate_sweep,RTX 5080 NVENC,"v0.6.1 (default model, pre-OWL-v1)",kranjska_120s,sport (SI~101/TI~45),h265,gpu_tuned,gpu,sweep,1080,2500,2569.4,69.53,0.1535,45.46,4,Repeatable,results/calibration/encode_parity_nvenc_24c_2026-06-20.json,measured point
s53_iso_bitrate_sweep,"Ryzen 9 7900 (24c CPU, libx264/libx265/libsvtav1)","v0.6.1 (default model, pre-OWL-v1)",kranjska_120s,sport (SI~101/TI~45),h265,cpu,cpu,sweep,1080,5000,5856.6,83.07,0.5723,67.77,2,Repeatable,results/calibration/encode_parity_nvenc_24c_2026-06-20.json,measured point
s53_iso_bitrate_sweep,RTX 5080 NVENC,"v0.6.1 (default model, pre-OWL-v1)",kranjska_120s,sport (SI~101/TI~45),h265,gpu_baseline,gpu,sweep,1080,5000,5224.3,81.5,0.0666,65.93,11,Repeatable,results/calibration/encode_parity_nvenc_24c_2026-06-20.json,measured point
s53_iso_bitrate_sweep,RTX 5080 NVENC,"v0.6.1 (default model, pre-OWL-v1)",kranjska_120s,sport (SI~101/TI~45),h265,gpu_tuned,gpu,sweep,1080,5000,5211.1,81.67,0.1539,45.6,4,Repeatable,results/calibration/encode_parity_nvenc_24c_2026-06-20.json,measured point
s53_iso_bitrate_sweep,"Ryzen 9 7900 (24c CPU, libx264/libx265/libsvtav1)","v0.6.1 (default model, pre-OWL-v1)",kranjska_120s,sport (SI~101/TI~45),h265,cpu,cpu,sweep,1080,7500,8839.8,89.45,0.678,70.95,2,Repeatable,results/calibration/encode_parity_nvenc_24c_2026-06-20.json,measured point
s53_iso_bitrate_sweep,RTX 5080 NVENC,"v0.6.1 (default model, pre-OWL-v1)",kranjska_120s,sport (SI~101/TI~45),h265,gpu_baseline,gpu,sweep,1080,7500,7825.0,87.12,0.0644,63.41,11,Repeatable,results/calibration/encode_parity_nvenc_24c_2026-06-20.json,measured point
s53_iso_bitrate_sweep,RTX 5080 NVENC,"v0.6.1 (default model, pre-OWL-v1)",kranjska_120s,sport (SI~101/TI~45),h265,gpu_tuned,gpu,sweep,1080,7500,7811.1,87.36,0.149,44.16,4,Repeatable,results/calibration/encode_parity_nvenc_24c_2026-06-20.json,measured point
s53_iso_bitrate_sweep,"Ryzen 9 7900 (24c CPU, libx264/libx265/libsvtav1)","v0.6.1 (default model, pre-OWL-v1)",kranjska_120s,sport (SI~101/TI~45),h265,cpu,cpu,sweep,1080,10000,11797.5,93.38,0.7489,71.32,2,Repeatable,results/calibration/encode_parity_nvenc_24c_2026-06-20.json,measured point
s53_iso_bitrate_sweep,RTX 5080 NVENC,"v0.6.1 (default model, pre-OWL-v1)",kranjska_120s,sport (SI~101/TI~45),h265,gpu_baseline,gpu,sweep,1080,10000,10449.3,90.66,0.0683,66.64,11,Repeatable,results/calibration/encode_parity_nvenc_24c_2026-06-20.json,measured point
s53_iso_bitrate_sweep,RTX 5080 NVENC,"v0.6.1 (default model, pre-OWL-v1)",kranjska_120s,sport (SI~101/TI~45),h265,gpu_tuned,gpu,sweep,1080,10000,10425.8,90.88,0.1558,46.17,4,Repeatable,results/calibration/encode_parity_nvenc_24c_2026-06-20.json,measured point
s53_iso_bitrate_sweep,"Ryzen 9 7900 (24c CPU, libx264/libx265/libsvtav1)","v0.6.1 (default model, pre-OWL-v1)",kranjska_120s,sport (SI~101/TI~45),h265,cpu,cpu,sweep,1080,13000,15311.7,96.41,0.7648,66.19,1,Repeatable,results/calibration/encode_parity_nvenc_24c_2026-06-20.json,measured point
s53_iso_bitrate_sweep,RTX 5080 NVENC,"v0.6.1 (default model, pre-OWL-v1)",kranjska_120s,sport (SI~101/TI~45),h265,gpu_baseline,gpu,sweep,1080,13000,13554.2,93.46,0.0691,67.38,11,Repeatable,results/calibration/encode_parity_nvenc_24c_2026-06-20.json,measured point
s53_iso_bitrate_sweep,RTX 5080 NVENC,"v0.6.1 (default model, pre-OWL-v1)",kranjska_120s,sport (SI~101/TI~45),h265,gpu_tuned,gpu,sweep,1080,13000,13542.1,93.71,0.1569,46.11,4,Repeatable,results/calibration/encode_parity_nvenc_24c_2026-06-20.json,measured point
s53_iso_bitrate_sweep,"Ryzen 9 7900 (24c CPU, libx264/libx265/libsvtav1)","v0.6.1 (default model, pre-OWL-v1)",kranjska_120s,sport (SI~101/TI~45),av1,cpu,cpu,sweep,1080,2000,1920.1,66.88,0.1872,66.7,4,Repeatable,results/calibration/encode_parity_nvenc_24c_2026-06-20.json,measured point
s53_iso_bitrate_sweep,RTX 5080 NVENC,"v0.6.1 (default model, pre-OWL-v1)",kranjska_120s,sport (SI~101/TI~45),av1,gpu_baseline,gpu,sweep,1080,2000,2018.7,66.76,0.0703,68.93,11,Repeatable,results/calibration/encode_parity_nvenc_24c_2026-06-20.json,measured point
s53_iso_bitrate_sweep,RTX 5080 NVENC,"v0.6.1 (default model, pre-OWL-v1)",kranjska_120s,sport (SI~101/TI~45),av1,gpu_tuned,gpu,sweep,1080,2000,2011.6,65.25,0.1128,49.76,5,Repeatable,results/calibration/encode_parity_nvenc_24c_2026-06-20.json,measured point
s53_iso_bitrate_sweep,"Ryzen 9 7900 (24c CPU, libx264/libx265/libsvtav1)","v0.6.1 (default model, pre-OWL-v1)",kranjska_120s,sport (SI~101/TI~45),av1,cpu,cpu,sweep,1080,4000,4002.2,79.83,0.2076,67.33,4,Repeatable,results/calibration/encode_parity_nvenc_24c_2026-06-20.json,measured point
s53_iso_bitrate_sweep,RTX 5080 NVENC,"v0.6.1 (default model, pre-OWL-v1)",kranjska_120s,sport (SI~101/TI~45),av1,gpu_baseline,gpu,sweep,1080,4000,4045.9,79.6,0.0679,66.91,11,Repeatable,results/calibration/encode_parity_nvenc_24c_2026-06-20.json,measured point
s53_iso_bitrate_sweep,RTX 5080 NVENC,"v0.6.1 (default model, pre-OWL-v1)",kranjska_120s,sport (SI~101/TI~45),av1,gpu_tuned,gpu,sweep,1080,4000,4029.8,78.94,0.1127,49.71,5,Repeatable,results/calibration/encode_parity_nvenc_24c_2026-06-20.json,measured point
s53_iso_bitrate_sweep,"Ryzen 9 7900 (24c CPU, libx264/libx265/libsvtav1)","v0.6.1 (default model, pre-OWL-v1)",kranjska_120s,sport (SI~101/TI~45),av1,cpu,cpu,sweep,1080,6000,6046.5,85.7,0.2084,67.31,4,Repeatable,results/calibration/encode_parity_nvenc_24c_2026-06-20.json,measured point
s53_iso_bitrate_sweep,RTX 5080 NVENC,"v0.6.1 (default model, pre-OWL-v1)",kranjska_120s,sport (SI~101/TI~45),av1,gpu_baseline,gpu,sweep,1080,6000,6070.8,85.82,0.0703,68.9,11,Repeatable,results/calibration/encode_parity_nvenc_24c_2026-06-20.json,measured point
s53_iso_bitrate_sweep,RTX 5080 NVENC,"v0.6.1 (default model, pre-OWL-v1)",kranjska_120s,sport (SI~101/TI~45),av1,gpu_tuned,gpu,sweep,1080,6000,6044.8,85.67,0.1153,50.61,5,Repeatable,results/calibration/encode_parity_nvenc_24c_2026-06-20.json,measured point
s53_iso_bitrate_sweep,"Ryzen 9 7900 (24c CPU, libx264/libx265/libsvtav1)","v0.6.1 (default model, pre-OWL-v1)",kranjska_120s,sport (SI~101/TI~45),av1,cpu,cpu,sweep,1080,8000,8110.5,89.68,0.2045,65.44,4,Repeatable,results/calibration/encode_parity_nvenc_24c_2026-06-20.json,measured point
s53_iso_bitrate_sweep,RTX 5080 NVENC,"v0.6.1 (default model, pre-OWL-v1)",kranjska_120s,sport (SI~101/TI~45),av1,gpu_baseline,gpu,sweep,1080,8000,8074.8,89.65,0.0671,64.52,11,Repeatable,results/calibration/encode_parity_nvenc_24c_2026-06-20.json,measured point
s53_iso_bitrate_sweep,RTX 5080 NVENC,"v0.6.1 (default model, pre-OWL-v1)",kranjska_120s,sport (SI~101/TI~45),av1,gpu_tuned,gpu,sweep,1080,8000,8048.6,89.79,0.1174,51.82,5,Repeatable,results/calibration/encode_parity_nvenc_24c_2026-06-20.json,measured point
s53_iso_bitrate_sweep,"Ryzen 9 7900 (24c CPU, libx264/libx265/libsvtav1)","v0.6.1 (default model, pre-OWL-v1)",kranjska_120s,sport (SI~101/TI~45),av1,cpu,cpu,sweep,1080,11000,11122.1,93.47,0.2132,65.86,4,Repeatable,results/calibration/encode_parity_nvenc_24c_2026-06-20.json,measured point
s53_iso_bitrate_sweep,RTX 5080 NVENC,"v0.6.1 (default model, pre-OWL-v1)",kranjska_120s,sport (SI~101/TI~45),av1,gpu_baseline,gpu,sweep,1080,11000,11126.3,93.5,0.0682,66.52,11,Repeatable,results/calibration/encode_parity_nvenc_24c_2026-06-20.json,measured point
s53_iso_bitrate_sweep,RTX 5080 NVENC,"v0.6.1 (default model, pre-OWL-v1)",kranjska_120s,sport (SI~101/TI~45),av1,gpu_tuned,gpu,sweep,1080,11000,11093.8,93.78,0.1096,48.12,5,Repeatable,results/calibration/encode_parity_nvenc_24c_2026-06-20.json,measured point
s53_abr_ladder_typical,"Ryzen 9 7900 (24c CPU, libx264/libx265/libsvtav1)","v0.6.1 (default model, pre-OWL-v1)",meridian_120s,low (SI~13/TI~2),h264,cpu,cpu,ladder,720,2800,2753.8,94.87,0.2437,63.88,3,Repeatable,results/calibration/encode_parity_nvenc_24c_2026-06-20.json,fixed ABR-ladder rung (typical per-resolution bitrate)
s53_abr_ladder_typical,RTX 5080 NVENC,"v0.6.1 (default model, pre-OWL-v1)",meridian_120s,low (SI~13/TI~2),h264,gpu_baseline,gpu,ladder,720,2800,2801.0,94.89,0.0932,59.41,8,Repeatable,results/calibration/encode_parity_nvenc_24c_2026-06-20.json,fixed ABR-ladder rung (typical per-resolution bitrate)
s53_abr_ladder_typical,"Ryzen 9 7900 (24c CPU, libx264/libx265/libsvtav1)","v0.6.1 (default model, pre-OWL-v1)",meridian_120s,low (SI~13/TI~2),h264,cpu,cpu,ladder,540,1600,1574.9,95.07,0.1886,64.35,4,Repeatable,results/calibration/encode_parity_nvenc_24c_2026-06-20.json,fixed ABR-ladder rung (typical per-resolution bitrate)
s53_abr_ladder_typical,RTX 5080 NVENC,"v0.6.1 (default model, pre-OWL-v1)",meridian_120s,low (SI~13/TI~2),h264,gpu_baseline,gpu,ladder,540,1600,1602.0,94.61,0.0885,56.61,8,Repeatable,results/calibration/encode_parity_nvenc_24c_2026-06-20.json,fixed ABR-ladder rung (typical per-resolution bitrate)
s53_abr_ladder_typical,"Ryzen 9 7900 (24c CPU, libx264/libx265/libsvtav1)","v0.6.1 (default model, pre-OWL-v1)",meridian_120s,low (SI~13/TI~2),h264,cpu,cpu,ladder,480,1100,1080.7,94.78,0.1697,63.64,5,Repeatable,results/calibration/encode_parity_nvenc_24c_2026-06-20.json,fixed ABR-ladder rung (typical per-resolution bitrate)
s53_abr_ladder_typical,RTX 5080 NVENC,"v0.6.1 (default model, pre-OWL-v1)",meridian_120s,low (SI~13/TI~2),h264,gpu_baseline,gpu,ladder,480,1100,1103.9,94.0,0.0872,55.3,8,Repeatable,results/calibration/encode_parity_nvenc_24c_2026-06-20.json,fixed ABR-ladder rung (typical per-resolution bitrate)
s53_abr_ladder_typical,"Ryzen 9 7900 (24c CPU, libx264/libx265/libsvtav1)","v0.6.1 (default model, pre-OWL-v1)",meridian_120s,low (SI~13/TI~2),h264,cpu,cpu,ladder,360,800,787.5,95.29,0.144,62.31,5,Repeatable,results/calibration/encode_parity_nvenc_24c_2026-06-20.json,fixed ABR-ladder rung (typical per-resolution bitrate)
s53_abr_ladder_typical,RTX 5080 NVENC,"v0.6.1 (default model, pre-OWL-v1)",meridian_120s,low (SI~13/TI~2),h264,gpu_baseline,gpu,ladder,360,800,802.4,94.01,0.086,55.05,8,Repeatable,results/calibration/encode_parity_nvenc_24c_2026-06-20.json,fixed ABR-ladder rung (typical per-resolution bitrate)
s53_abr_ladder_typical,"Ryzen 9 7900 (24c CPU, libx264/libx265/libsvtav1)","v0.6.1 (default model, pre-OWL-v1)",meridian_120s,low (SI~13/TI~2),h265,cpu,cpu,ladder,720,1700,1681.4,94.68,0.4649,66.94,2,Repeatable,results/calibration/encode_parity_nvenc_24c_2026-06-20.json,fixed ABR-ladder rung (typical per-resolution bitrate)
s53_abr_ladder_typical,RTX 5080 NVENC,"v0.6.1 (default model, pre-OWL-v1)",meridian_120s,low (SI~13/TI~2),h265,gpu_baseline,gpu,ladder,720,1700,1677.7,93.42,0.0944,60.14,8,Repeatable,results/calibration/encode_parity_nvenc_24c_2026-06-20.json,fixed ABR-ladder rung (typical per-resolution bitrate)
s53_abr_ladder_typical,"Ryzen 9 7900 (24c CPU, libx264/libx265/libsvtav1)","v0.6.1 (default model, pre-OWL-v1)",meridian_120s,low (SI~13/TI~2),h265,cpu,cpu,ladder,540,950,940.7,94.72,0.337,65.46,3,Repeatable,results/calibration/encode_parity_nvenc_24c_2026-06-20.json,fixed ABR-ladder rung (typical per-resolution bitrate)
s53_abr_ladder_typical,RTX 5080 NVENC,"v0.6.1 (default model, pre-OWL-v1)",meridian_120s,low (SI~13/TI~2),h265,gpu_baseline,gpu,ladder,540,950,911.9,92.96,0.0885,56.65,8,Repeatable,results/calibration/encode_parity_nvenc_24c_2026-06-20.json,fixed ABR-ladder rung (typical per-resolution bitrate)
s53_abr_ladder_typical,"Ryzen 9 7900 (24c CPU, libx264/libx265/libsvtav1)","v0.6.1 (default model, pre-OWL-v1)",meridian_120s,low (SI~13/TI~2),h265,cpu,cpu,ladder,480,650,645.6,94.38,0.2901,64.73,3,Repeatable,results/calibration/encode_parity_nvenc_24c_2026-06-20.json,fixed ABR-ladder rung (typical per-resolution bitrate)
s53_abr_ladder_typical,RTX 5080 NVENC,"v0.6.1 (default model, pre-OWL-v1)",meridian_120s,low (SI~13/TI~2),h265,gpu_baseline,gpu,ladder,480,650,627.2,92.21,0.0894,57.21,8,Repeatable,results/calibration/encode_parity_nvenc_24c_2026-06-20.json,fixed ABR-ladder rung (typical per-resolution bitrate)
s53_abr_ladder_typical,"Ryzen 9 7900 (24c CPU, libx264/libx265/libsvtav1)","v0.6.1 (default model, pre-OWL-v1)",meridian_120s,low (SI~13/TI~2),h265,cpu,cpu,ladder,360,500,496.8,94.8,0.2387,65.61,4,Repeatable,results/calibration/encode_parity_nvenc_24c_2026-06-20.json,fixed ABR-ladder rung (typical per-resolution bitrate)
s53_abr_ladder_typical,RTX 5080 NVENC,"v0.6.1 (default model, pre-OWL-v1)",meridian_120s,low (SI~13/TI~2),h265,gpu_baseline,gpu,ladder,360,500,472.0,92.76,0.0877,56.1,8,Repeatable,results/calibration/encode_parity_nvenc_24c_2026-06-20.json,fixed ABR-ladder rung (typical per-resolution bitrate)
s53_abr_ladder_typical,"Ryzen 9 7900 (24c CPU, libx264/libx265/libsvtav1)","v0.6.1 (default model, pre-OWL-v1)",meridian_120s,low (SI~13/TI~2),av1,cpu,cpu,ladder,720,1400,1008.3,93.6,0.2495,64.14,3,Repeatable,results/calibration/encode_parity_nvenc_24c_2026-06-20.json,fixed ABR-ladder rung (typical per-resolution bitrate)
s53_abr_ladder_typical,RTX 5080 NVENC,"v0.6.1 (default model, pre-OWL-v1)",meridian_120s,low (SI~13/TI~2),av1,gpu_baseline,gpu,ladder,720,1400,1438.1,94.24,0.0965,61.22,8,Repeatable,results/calibration/encode_parity_nvenc_24c_2026-06-20.json,fixed ABR-ladder rung (typical per-resolution bitrate)
s53_abr_ladder_typical,"Ryzen 9 7900 (24c CPU, libx264/libx265/libsvtav1)","v0.6.1 (default model, pre-OWL-v1)",meridian_120s,low (SI~13/TI~2),av1,cpu,cpu,ladder,540,800,584.5,94.29,0.1943,63.59,4,Repeatable,results/calibration/encode_parity_nvenc_24c_2026-06-20.json,fixed ABR-ladder rung (typical per-resolution bitrate)
s53_abr_ladder_typical,RTX 5080 NVENC,"v0.6.1 (default model, pre-OWL-v1)",meridian_120s,low (SI~13/TI~2),av1,gpu_baseline,gpu,ladder,540,800,830.5,94.0,0.0899,57.3,8,Repeatable,results/calibration/encode_parity_nvenc_24c_2026-06-20.json,fixed ABR-ladder rung (typical per-resolution bitrate)
s53_abr_ladder_typical,"Ryzen 9 7900 (24c CPU, libx264/libx265/libsvtav1)","v0.6.1 (default model, pre-OWL-v1)",meridian_120s,low (SI~13/TI~2),av1,cpu,cpu,ladder,480,550,411.9,94.08,0.1804,63.06,4,Repeatable,results/calibration/encode_parity_nvenc_24c_2026-06-20.json,fixed ABR-ladder rung (typical per-resolution bitrate)
s53_abr_ladder_typical,RTX 5080 NVENC,"v0.6.1 (default model, pre-OWL-v1)",meridian_120s,low (SI~13/TI~2),av1,gpu_baseline,gpu,ladder,480,550,564.8,93.34,0.0925,59.17,8,Repeatable,results/calibration/encode_parity_nvenc_24c_2026-06-20.json,fixed ABR-ladder rung (typical per-resolution bitrate)
s53_abr_ladder_typical,"Ryzen 9 7900 (24c CPU, libx264/libx265/libsvtav1)","v0.6.1 (default model, pre-OWL-v1)",meridian_120s,low (SI~13/TI~2),av1,cpu,cpu,ladder,360,400,313.3,94.93,0.1585,62.29,5,Repeatable,results/calibration/encode_parity_nvenc_24c_2026-06-20.json,fixed ABR-ladder rung (typical per-resolution bitrate)
s53_abr_ladder_typical,RTX 5080 NVENC,"v0.6.1 (default model, pre-OWL-v1)",meridian_120s,low (SI~13/TI~2),av1,gpu_baseline,gpu,ladder,360,400,420.3,93.46,0.0877,55.87,8,Repeatable,results/calibration/encode_parity_nvenc_24c_2026-06-20.json,fixed ABR-ladder rung (typical per-resolution bitrate)
s53_abr_ladder_typical,"Ryzen 9 7900 (24c CPU, libx264/libx265/libsvtav1)","v0.6.1 (default model, pre-OWL-v1)",bbb_120s,high (SI~33/TI~6),h264,cpu,cpu,ladder,720,2800,3132.3,92.67,0.2288,71.0,4,Repeatable,results/calibration/encode_parity_nvenc_24c_2026-06-20.json,fixed ABR-ladder rung (typical per-resolution bitrate)
s53_abr_ladder_typical,RTX 5080 NVENC,"v0.6.1 (default model, pre-OWL-v1)",bbb_120s,high (SI~33/TI~6),h264,gpu_baseline,gpu,ladder,720,2800,2818.1,86.73,0.1281,78.35,7,Repeatable,results/calibration/encode_parity_nvenc_24c_2026-06-20.json,fixed ABR-ladder rung (typical per-resolution bitrate)
s53_abr_ladder_typical,"Ryzen 9 7900 (24c CPU, libx264/libx265/libsvtav1)","v0.6.1 (default model, pre-OWL-v1)",bbb_120s,high (SI~33/TI~6),h264,cpu,cpu,ladder,540,1600,1770.8,92.21,0.1777,70.44,5,Repeatable,results/calibration/encode_parity_nvenc_24c_2026-06-20.json,fixed ABR-ladder rung (typical per-resolution bitrate)
s53_abr_ladder_typical,RTX 5080 NVENC,"v0.6.1 (default model, pre-OWL-v1)",bbb_120s,high (SI~33/TI~6),h264,gpu_baseline,gpu,ladder,540,1600,1612.8,86.55,0.1255,77.16,7,Repeatable,results/calibration/encode_parity_nvenc_24c_2026-06-20.json,fixed ABR-ladder rung (typical per-resolution bitrate)
s53_abr_ladder_typical,"Ryzen 9 7900 (24c CPU, libx264/libx265/libsvtav1)","v0.6.1 (default model, pre-OWL-v1)",bbb_120s,high (SI~33/TI~6),h264,cpu,cpu,ladder,480,1100,1216.1,91.33,0.1618,68.39,5,Repeatable,results/calibration/encode_parity_nvenc_24c_2026-06-20.json,fixed ABR-ladder rung (typical per-resolution bitrate)
s53_abr_ladder_typical,RTX 5080 NVENC,"v0.6.1 (default model, pre-OWL-v1)",bbb_120s,high (SI~33/TI~6),h264,gpu_baseline,gpu,ladder,480,1100,1110.0,82.81,0.1252,76.95,7,Repeatable,results/calibration/encode_parity_nvenc_24c_2026-06-20.json,fixed ABR-ladder rung (typical per-resolution bitrate)
s53_abr_ladder_typical,"Ryzen 9 7900 (24c CPU, libx264/libx265/libsvtav1)","v0.6.1 (default model, pre-OWL-v1)",bbb_120s,high (SI~33/TI~6),h264,cpu,cpu,ladder,360,800,875.9,92.19,0.1457,69.33,6,Repeatable,results/calibration/encode_parity_nvenc_24c_2026-06-20.json,fixed ABR-ladder rung (typical per-resolution bitrate)
s53_abr_ladder_typical,RTX 5080 NVENC,"v0.6.1 (default model, pre-OWL-v1)",bbb_120s,high (SI~33/TI~6),h264,gpu_baseline,gpu,ladder,360,800,809.3,82.71,0.1256,77.98,7,Repeatable,results/calibration/encode_parity_nvenc_24c_2026-06-20.json,fixed ABR-ladder rung (typical per-resolution bitrate)
s53_abr_ladder_typical,"Ryzen 9 7900 (24c CPU, libx264/libx265/libsvtav1)","v0.6.1 (default model, pre-OWL-v1)",bbb_120s,high (SI~33/TI~6),h265,cpu,cpu,ladder,720,1700,2030.1,91.11,0.4214,67.42,2,Repeatable,results/calibration/encode_parity_nvenc_24c_2026-06-20.json,fixed ABR-ladder rung (typical per-resolution bitrate)
s53_abr_ladder_typical,RTX 5080 NVENC,"v0.6.1 (default model, pre-OWL-v1)",bbb_120s,high (SI~33/TI~6),h265,gpu_baseline,gpu,ladder,720,1700,1596.7,83.59,0.129,79.27,7,Repeatable,results/calibration/encode_parity_nvenc_24c_2026-06-20.json,fixed ABR-ladder rung (typical per-resolution bitrate)
s53_abr_ladder_typical,"Ryzen 9 7900 (24c CPU, libx264/libx265/libsvtav1)","v0.6.1 (default model, pre-OWL-v1)",bbb_120s,high (SI~33/TI~6),h265,cpu,cpu,ladder,540,950,1117.9,90.11,0.3291,69.16,3,Repeatable,results/calibration/encode_parity_nvenc_24c_2026-06-20.json,fixed ABR-ladder rung (typical per-resolution bitrate)
s53_abr_ladder_typical,RTX 5080 NVENC,"v0.6.1 (default model, pre-OWL-v1)",bbb_120s,high (SI~33/TI~6),h265,gpu_baseline,gpu,ladder,540,950,894.2,83.2,0.1229,75.89,7,Repeatable,results/calibration/encode_parity_nvenc_24c_2026-06-20.json,fixed ABR-ladder rung (typical per-resolution bitrate)
s53_abr_ladder_typical,"Ryzen 9 7900 (24c CPU, libx264/libx265/libsvtav1)","v0.6.1 (default model, pre-OWL-v1)",bbb_120s,high (SI~33/TI~6),h265,cpu,cpu,ladder,480,650,757.3,88.98,0.2789,67.85,3,Repeatable,results/calibration/encode_parity_nvenc_24c_2026-06-20.json,fixed ABR-ladder rung (typical per-resolution bitrate)
s53_abr_ladder_typical,RTX 5080 NVENC,"v0.6.1 (default model, pre-OWL-v1)",bbb_120s,high (SI~33/TI~6),h265,gpu_baseline,gpu,ladder,480,650,619.9,79.08,0.1233,76.9,7,Repeatable,results/calibration/encode_parity_nvenc_24c_2026-06-20.json,fixed ABR-ladder rung (typical per-resolution bitrate)
s53_abr_ladder_typical,"Ryzen 9 7900 (24c CPU, libx264/libx265/libsvtav1)","v0.6.1 (default model, pre-OWL-v1)",bbb_120s,high (SI~33/TI~6),h265,cpu,cpu,ladder,360,500,584.8,90.5,0.2297,67.5,4,Repeatable,results/calibration/encode_parity_nvenc_24c_2026-06-20.json,fixed ABR-ladder rung (typical per-resolution bitrate)
s53_abr_ladder_typical,RTX 5080 NVENC,"v0.6.1 (default model, pre-OWL-v1)",bbb_120s,high (SI~33/TI~6),h265,gpu_baseline,gpu,ladder,360,500,485.4,79.33,0.1185,73.16,7,Repeatable,results/calibration/encode_parity_nvenc_24c_2026-06-20.json,fixed ABR-ladder rung (typical per-resolution bitrate)
s53_abr_ladder_typical,"Ryzen 9 7900 (24c CPU, libx264/libx265/libsvtav1)","v0.6.1 (default model, pre-OWL-v1)",bbb_120s,high (SI~33/TI~6),av1,cpu,cpu,ladder,720,1400,1390.2,94.06,0.3121,66.89,3,Repeatable,results/calibration/encode_parity_nvenc_24c_2026-06-20.json,fixed ABR-ladder rung (typical per-resolution bitrate)
s53_abr_ladder_typical,RTX 5080 NVENC,"v0.6.1 (default model, pre-OWL-v1)",bbb_120s,high (SI~33/TI~6),av1,gpu_baseline,gpu,ladder,720,1400,1447.0,85.27,0.1305,79.82,7,Repeatable,results/calibration/encode_parity_nvenc_24c_2026-06-20.json,fixed ABR-ladder rung (typical per-resolution bitrate)
s53_abr_ladder_typical,"Ryzen 9 7900 (24c CPU, libx264/libx265/libsvtav1)","v0.6.1 (default model, pre-OWL-v1)",bbb_120s,high (SI~33/TI~6),av1,cpu,cpu,ladder,540,800,790.2,93.72,0.2492,70.38,4,Repeatable,results/calibration/encode_parity_nvenc_24c_2026-06-20.json,fixed ABR-ladder rung (typical per-resolution bitrate)
s53_abr_ladder_typical,RTX 5080 NVENC,"v0.6.1 (default model, pre-OWL-v1)",bbb_120s,high (SI~33/TI~6),av1,gpu_baseline,gpu,ladder,540,800,833.7,84.88,0.1222,75.09,7,Repeatable,results/calibration/encode_parity_nvenc_24c_2026-06-20.json,fixed ABR-ladder rung (typical per-resolution bitrate)
s53_abr_ladder_typical,"Ryzen 9 7900 (24c CPU, libx264/libx265/libsvtav1)","v0.6.1 (default model, pre-OWL-v1)",bbb_120s,high (SI~33/TI~6),av1,cpu,cpu,ladder,480,550,545.5,92.77,0.2139,67.25,4,Repeatable,results/calibration/encode_parity_nvenc_24c_2026-06-20.json,fixed ABR-ladder rung (typical per-resolution bitrate)
s53_abr_ladder_typical,RTX 5080 NVENC,"v0.6.1 (default model, pre-OWL-v1)",bbb_120s,high (SI~33/TI~6),av1,gpu_baseline,gpu,ladder,480,550,565.3,80.28,0.1267,78.28,7,Repeatable,results/calibration/encode_parity_nvenc_24c_2026-06-20.json,fixed ABR-ladder rung (typical per-resolution bitrate)
s53_abr_ladder_typical,"Ryzen 9 7900 (24c CPU, libx264/libx265/libsvtav1)","v0.6.1 (default model, pre-OWL-v1)",bbb_120s,high (SI~33/TI~6),av1,cpu,cpu,ladder,360,400,398.4,93.72,0.1728,67.91,5,Repeatable,results/calibration/encode_parity_nvenc_24c_2026-06-20.json,fixed ABR-ladder rung (typical per-resolution bitrate)
s53_abr_ladder_typical,RTX 5080 NVENC,"v0.6.1 (default model, pre-OWL-v1)",bbb_120s,high (SI~33/TI~6),av1,gpu_baseline,gpu,ladder,360,400,419.5,80.46,0.1189,73.79,7,Repeatable,results/calibration/encode_parity_nvenc_24c_2026-06-20.json,fixed ABR-ladder rung (typical per-resolution bitrate)
s53_abr_ladder_typical,"Ryzen 9 7900 (24c CPU, libx264/libx265/libsvtav1)","v0.6.1 (default model, pre-OWL-v1)",kranjska_120s,sport (SI~101/TI~45),h264,cpu,cpu,ladder,720,2800,3101.7,84.38,0.1288,66.58,6,Repeatable,results/calibration/encode_parity_nvenc_24c_2026-06-20.json,fixed ABR-ladder rung (typical per-resolution bitrate)
s53_abr_ladder_typical,RTX 5080 NVENC,"v0.6.1 (default model, pre-OWL-v1)",kranjska_120s,sport (SI~101/TI~45),h264,gpu_baseline,gpu,ladder,720,2800,2898.4,81.66,0.0608,66.48,13,Repeatable,results/calibration/encode_parity_nvenc_24c_2026-06-20.json,fixed ABR-ladder rung (typical per-resolution bitrate)
s53_abr_ladder_typical,"Ryzen 9 7900 (24c CPU, libx264/libx265/libsvtav1)","v0.6.1 (default model, pre-OWL-v1)",kranjska_120s,sport (SI~101/TI~45),h264,cpu,cpu,ladder,540,1600,1749.1,84.41,0.1033,67.32,8,Repeatable,results/calibration/encode_parity_nvenc_24c_2026-06-20.json,fixed ABR-ladder rung (typical per-resolution bitrate)
s53_abr_ladder_typical,RTX 5080 NVENC,"v0.6.1 (default model, pre-OWL-v1)",kranjska_120s,sport (SI~101/TI~45),h264,gpu_baseline,gpu,ladder,540,1600,1652.2,79.25,0.0572,62.79,13,Repeatable,results/calibration/encode_parity_nvenc_24c_2026-06-20.json,fixed ABR-ladder rung (typical per-resolution bitrate)
s53_abr_ladder_typical,"Ryzen 9 7900 (24c CPU, libx264/libx265/libsvtav1)","v0.6.1 (default model, pre-OWL-v1)",kranjska_120s,sport (SI~101/TI~45),h264,cpu,cpu,ladder,480,1100,1196.5,82.82,0.0936,66.76,8,Repeatable,results/calibration/encode_parity_nvenc_24c_2026-06-20.json,fixed ABR-ladder rung (typical per-resolution bitrate)
s53_abr_ladder_typical,RTX 5080 NVENC,"v0.6.1 (default model, pre-OWL-v1)",kranjska_120s,sport (SI~101/TI~45),h264,gpu_baseline,gpu,ladder,480,1100,1135.5,74.65,0.0582,63.37,13,Repeatable,results/calibration/encode_parity_nvenc_24c_2026-06-20.json,fixed ABR-ladder rung (typical per-resolution bitrate)
s53_abr_ladder_typical,"Ryzen 9 7900 (24c CPU, libx264/libx265/libsvtav1)","v0.6.1 (default model, pre-OWL-v1)",kranjska_120s,sport (SI~101/TI~45),h264,cpu,cpu,ladder,360,800,862.9,87.5,0.0841,65.47,9,Repeatable,results/calibration/encode_parity_nvenc_24c_2026-06-20.json,fixed ABR-ladder rung (typical per-resolution bitrate)
s53_abr_ladder_typical,RTX 5080 NVENC,"v0.6.1 (default model, pre-OWL-v1)",kranjska_120s,sport (SI~101/TI~45),h264,gpu_baseline,gpu,ladder,360,800,824.1,77.77,0.0593,64.54,13,Repeatable,results/calibration/encode_parity_nvenc_24c_2026-06-20.json,fixed ABR-ladder rung (typical per-resolution bitrate)
s53_abr_ladder_typical,"Ryzen 9 7900 (24c CPU, libx264/libx265/libsvtav1)","v0.6.1 (default model, pre-OWL-v1)",kranjska_120s,sport (SI~101/TI~45),h265,cpu,cpu,ladder,720,1700,1909.1,75.03,0.3313,67.77,3,Repeatable,results/calibration/encode_parity_nvenc_24c_2026-06-20.json,fixed ABR-ladder rung (typical per-resolution bitrate)
s53_abr_ladder_typical,RTX 5080 NVENC,"v0.6.1 (default model, pre-OWL-v1)",kranjska_120s,sport (SI~101/TI~45),h265,gpu_baseline,gpu,ladder,720,1700,1771.4,75.52,0.0638,69.78,13,Repeatable,results/calibration/encode_parity_nvenc_24c_2026-06-20.json,fixed ABR-ladder rung (typical per-resolution bitrate)
s53_abr_ladder_typical,"Ryzen 9 7900 (24c CPU, libx264/libx265/libsvtav1)","v0.6.1 (default model, pre-OWL-v1)",kranjska_120s,sport (SI~101/TI~45),h265,cpu,cpu,ladder,540,950,1038.3,74.08,0.2424,65.84,4,Repeatable,results/calibration/encode_parity_nvenc_24c_2026-06-20.json,fixed ABR-ladder rung (typical per-resolution bitrate)
s53_abr_ladder_typical,RTX 5080 NVENC,"v0.6.1 (default model, pre-OWL-v1)",kranjska_120s,sport (SI~101/TI~45),h265,gpu_baseline,gpu,ladder,540,950,987.8,72.23,0.0586,63.54,13,Repeatable,results/calibration/encode_parity_nvenc_24c_2026-06-20.json,fixed ABR-ladder rung (typical per-resolution bitrate)
s53_abr_ladder_typical,"Ryzen 9 7900 (24c CPU, libx264/libx265/libsvtav1)","v0.6.1 (default model, pre-OWL-v1)",kranjska_120s,sport (SI~101/TI~45),h265,cpu,cpu,ladder,480,650,703.1,71.9,0.2024,65.34,4,Repeatable,results/calibration/encode_parity_nvenc_24c_2026-06-20.json,fixed ABR-ladder rung (typical per-resolution bitrate)
s53_abr_ladder_typical,RTX 5080 NVENC,"v0.6.1 (default model, pre-OWL-v1)",kranjska_120s,sport (SI~101/TI~45),h265,gpu_baseline,gpu,ladder,480,650,674.8,67.97,0.0575,62.87,13,Repeatable,results/calibration/encode_parity_nvenc_24c_2026-06-20.json,fixed ABR-ladder rung (typical per-resolution bitrate)
s53_abr_ladder_typical,"Ryzen 9 7900 (24c CPU, libx264/libx265/libsvtav1)","v0.6.1 (default model, pre-OWL-v1)",kranjska_120s,sport (SI~101/TI~45),h265,cpu,cpu,ladder,360,500,541.4,78.62,0.1713,65.32,5,Repeatable,results/calibration/encode_parity_nvenc_24c_2026-06-20.json,fixed ABR-ladder rung (typical per-resolution bitrate)
s53_abr_ladder_typical,RTX 5080 NVENC,"v0.6.1 (default model, pre-OWL-v1)",kranjska_120s,sport (SI~101/TI~45),h265,gpu_baseline,gpu,ladder,360,500,524.0,71.81,0.0569,62.84,13,Repeatable,results/calibration/encode_parity_nvenc_24c_2026-06-20.json,fixed ABR-ladder rung (typical per-resolution bitrate)
s53_abr_ladder_typical,"Ryzen 9 7900 (24c CPU, libx264/libx265/libsvtav1)","v0.6.1 (default model, pre-OWL-v1)",kranjska_120s,sport (SI~101/TI~45),av1,cpu,cpu,ladder,720,1400,1376.1,73.99,0.1333,65.44,6,Repeatable,results/calibration/encode_parity_nvenc_24c_2026-06-20.json,fixed ABR-ladder rung (typical per-resolution bitrate)
s53_abr_ladder_typical,RTX 5080 NVENC,"v0.6.1 (default model, pre-OWL-v1)",kranjska_120s,sport (SI~101/TI~45),av1,gpu_baseline,gpu,ladder,720,1400,1420.7,74.23,0.0644,69.82,13,Repeatable,results/calibration/encode_parity_nvenc_24c_2026-06-20.json,fixed ABR-ladder rung (typical per-resolution bitrate)
s53_abr_ladder_typical,"Ryzen 9 7900 (24c CPU, libx264/libx265/libsvtav1)","v0.6.1 (default model, pre-OWL-v1)",kranjska_120s,sport (SI~101/TI~45),av1,cpu,cpu,ladder,540,800,653.8,73.56,0.1186,64.05,6,Repeatable,results/calibration/encode_parity_nvenc_24c_2026-06-20.json,fixed ABR-ladder rung (typical per-resolution bitrate)
s53_abr_ladder_typical,RTX 5080 NVENC,"v0.6.1 (default model, pre-OWL-v1)",kranjska_120s,sport (SI~101/TI~45),av1,gpu_baseline,gpu,ladder,540,800,813.6,71.52,0.0584,63.86,13,Repeatable,results/calibration/encode_parity_nvenc_24c_2026-06-20.json,fixed ABR-ladder rung (typical per-resolution bitrate)
s53_abr_ladder_typical,"Ryzen 9 7900 (24c CPU, libx264/libx265/libsvtav1)","v0.6.1 (default model, pre-OWL-v1)",kranjska_120s,sport (SI~101/TI~45),av1,cpu,cpu,ladder,480,550,479.8,73.53,0.1125,66.84,7,Repeatable,results/calibration/encode_parity_nvenc_24c_2026-06-20.json,fixed ABR-ladder rung (typical per-resolution bitrate)
s53_abr_ladder_typical,RTX 5080 NVENC,"v0.6.1 (default model, pre-OWL-v1)",kranjska_120s,sport (SI~101/TI~45),av1,gpu_baseline,gpu,ladder,480,550,558.0,66.99,0.0602,65.48,13,Repeatable,results/calibration/encode_parity_nvenc_24c_2026-06-20.json,fixed ABR-ladder rung (typical per-resolution bitrate)
s53_abr_ladder_typical,"Ryzen 9 7900 (24c CPU, libx264/libx265/libsvtav1)","v0.6.1 (default model, pre-OWL-v1)",kranjska_120s,sport (SI~101/TI~45),av1,cpu,cpu,ladder,360,400,353.0,79.03,0.0948,65.01,8,Repeatable,results/calibration/encode_parity_nvenc_24c_2026-06-20.json,fixed ABR-ladder rung (typical per-resolution bitrate)
s53_abr_ladder_typical,RTX 5080 NVENC,"v0.6.1 (default model, pre-OWL-v1)",kranjska_120s,sport (SI~101/TI~45),av1,gpu_baseline,gpu,ladder,360,400,410.2,70.56,0.059,64.55,13,Repeatable,results/calibration/encode_parity_nvenc_24c_2026-06-20.json,fixed ABR-ladder rung (typical per-resolution bitrate)
s53_iso_bitrate_sweep,"Ryzen 9 7900 (24c CPU, libx264/libx265/libsvtav1)","v0.6.1 (default model, pre-OWL-v1)",meridian_120s,low (SI~13/TI~2),h264,cpu,cpu,sweep,1080,13000,12693.0,95.84,0.5185,68.37,2,Repeatable,results/calibration/encode_parity_nvenc_24c_2026-06-20.json,measured point
s53_iso_bitrate_sweep,RTX 5080 NVENC,"v0.6.1 (default model, pre-OWL-v1)",meridian_120s,low (SI~13/TI~2),h264,gpu_baseline,gpu,sweep,1080,13000,12985.8,95.38,0.1142,56.05,6,Repeatable,results/calibration/encode_parity_nvenc_24c_2026-06-20.json,measured point
s53_iso_bitrate_sweep,RTX 5080 NVENC,"v0.6.1 (default model, pre-OWL-v1)",meridian_120s,low (SI~13/TI~2),h264,gpu_tuned,gpu,sweep,1080,13000,12934.2,94.74,0.2205,52.21,3,Repeatable,results/calibration/encode_parity_nvenc_24c_2026-06-20.json,measured point
s53_iso_bitrate_sweep,"Ryzen 9 7900 (24c CPU, libx264/libx265/libsvtav1)","v0.6.1 (default model, pre-OWL-v1)",meridian_120s,low (SI~13/TI~2),h264,cpu,cpu,sweep,1080,15000,14652.1,96.03,0.5482,69.24,2,Repeatable,results/calibration/encode_parity_nvenc_24c_2026-06-20.json,measured point
s53_iso_bitrate_sweep,RTX 5080 NVENC,"v0.6.1 (default model, pre-OWL-v1)",meridian_120s,low (SI~13/TI~2),h264,gpu_baseline,gpu,sweep,1080,15000,14975.8,95.53,0.1159,56.14,6,Repeatable,results/calibration/encode_parity_nvenc_24c_2026-06-20.json,measured point
s53_iso_bitrate_sweep,RTX 5080 NVENC,"v0.6.1 (default model, pre-OWL-v1)",meridian_120s,low (SI~13/TI~2),h264,gpu_tuned,gpu,sweep,1080,15000,14925.3,94.94,0.2334,55.28,3,Repeatable,results/calibration/encode_parity_nvenc_24c_2026-06-20.json,measured point
s53_iso_bitrate_sweep,"Ryzen 9 7900 (24c CPU, libx264/libx265/libsvtav1)","v0.6.1 (default model, pre-OWL-v1)",meridian_120s,low (SI~13/TI~2),h265,cpu,cpu,sweep,1080,8500,8360.7,95.7,0.8446,62.82,1,Repeatable,results/calibration/encode_parity_nvenc_24c_2026-06-20.json,measured point
s53_iso_bitrate_sweep,RTX 5080 NVENC,"v0.6.1 (default model, pre-OWL-v1)",meridian_120s,low (SI~13/TI~2),h265,gpu_baseline,gpu,sweep,1080,8500,8365.9,94.75,0.144,62.91,5,Repeatable,results/calibration/encode_parity_nvenc_24c_2026-06-20.json,measured point
s53_iso_bitrate_sweep,RTX 5080 NVENC,"v0.6.1 (default model, pre-OWL-v1)",meridian_120s,low (SI~13/TI~2),h265,gpu_tuned,gpu,sweep,1080,8500,8457.9,94.32,0.3742,47.1,2,Repeatable,results/calibration/encode_parity_nvenc_24c_2026-06-20.json,measured point
s53_iso_bitrate_sweep,"Ryzen 9 7900 (24c CPU, libx264/libx265/libsvtav1)","v0.6.1 (default model, pre-OWL-v1)",meridian_120s,low (SI~13/TI~2),h265,cpu,cpu,sweep,1080,10000,9840.0,95.88,0.9522,67.22,1,Repeatable,results/calibration/encode_parity_nvenc_24c_2026-06-20.json,measured point
s53_iso_bitrate_sweep,RTX 5080 NVENC,"v0.6.1 (default model, pre-OWL-v1)",meridian_120s,low (SI~13/TI~2),h265,gpu_baseline,gpu,sweep,1080,10000,9815.5,94.97,0.1279,55.62,5,Repeatable,results/calibration/encode_parity_nvenc_24c_2026-06-20.json,measured point
s53_iso_bitrate_sweep,RTX 5080 NVENC,"v0.6.1 (default model, pre-OWL-v1)",meridian_120s,low (SI~13/TI~2),h265,gpu_tuned,gpu,sweep,1080,10000,9962.8,94.53,0.3753,47.24,2,Repeatable,results/calibration/encode_parity_nvenc_24c_2026-06-20.json,measured point
s53_iso_bitrate_sweep,"Ryzen 9 7900 (24c CPU, libx264/libx265/libsvtav1)","v0.6.1 (default model, pre-OWL-v1)",meridian_120s,low (SI~13/TI~2),av1,cpu,cpu,sweep,1080,7500,5116.8,94.06,0.3764,63.32,2,Repeatable,results/calibration/encode_parity_nvenc_24c_2026-06-20.json,measured point
s53_iso_bitrate_sweep,RTX 5080 NVENC,"v0.6.1 (default model, pre-OWL-v1)",meridian_120s,low (SI~13/TI~2),av1,gpu_baseline,gpu,sweep,1080,7500,7610.2,94.86,0.123,58.76,6,Repeatable,results/calibration/encode_parity_nvenc_24c_2026-06-20.json,measured point
s53_iso_bitrate_sweep,RTX 5080 NVENC,"v0.6.1 (default model, pre-OWL-v1)",meridian_120s,low (SI~13/TI~2),av1,gpu_tuned,gpu,sweep,1080,7500,7576.2,94.39,0.2517,51.68,3,Repeatable,results/calibration/encode_parity_nvenc_24c_2026-06-20.json,measured point
s53_iso_bitrate_sweep,"Ryzen 9 7900 (24c CPU, libx264/libx265/libsvtav1)","v0.6.1 (default model, pre-OWL-v1)",bbb_120s,high (SI~33/TI~6),h264,cpu,cpu,sweep,1080,13000,15457.0,96.13,0.3889,72.17,3,Repeatable,results/calibration/encode_parity_nvenc_24c_2026-06-20.json,measured point
s53_iso_bitrate_sweep,RTX 5080 NVENC,"v0.6.1 (default model, pre-OWL-v1)",bbb_120s,high (SI~33/TI~6),h264,gpu_baseline,gpu,sweep,1080,13000,13044.6,94.36,0.1422,68.87,6,Repeatable,results/calibration/encode_parity_nvenc_24c_2026-06-20.json,measured point
s53_iso_bitrate_sweep,RTX 5080 NVENC,"v0.6.1 (default model, pre-OWL-v1)",bbb_120s,high (SI~33/TI~6),h264,gpu_tuned,gpu,sweep,1080,13000,12976.3,94.16,0.2207,53.21,3,Repeatable,results/calibration/encode_parity_nvenc_24c_2026-06-20.json,measured point
s53_iso_bitrate_sweep,"Ryzen 9 7900 (24c CPU, libx264/libx265/libsvtav1)","v0.6.1 (default model, pre-OWL-v1)",bbb_120s,high (SI~33/TI~6),h264,cpu,cpu,sweep,1080,15000,17847.6,96.51,0.3901,70.93,3,Repeatable,results/calibration/encode_parity_nvenc_24c_2026-06-20.json,measured point
s53_iso_bitrate_sweep,RTX 5080 NVENC,"v0.6.1 (default model, pre-OWL-v1)",bbb_120s,high (SI~33/TI~6),h264,gpu_baseline,gpu,sweep,1080,15000,15052.7,94.69,0.1368,66.53,6,Repeatable,results/calibration/encode_parity_nvenc_24c_2026-06-20.json,measured point
s53_iso_bitrate_sweep,RTX 5080 NVENC,"v0.6.1 (default model, pre-OWL-v1)",bbb_120s,high (SI~33/TI~6),h264,gpu_tuned,gpu,sweep,1080,15000,14975.6,94.53,0.2155,52.17,3,Repeatable,results/calibration/encode_parity_nvenc_24c_2026-06-20.json,measured point
s53_iso_bitrate_sweep,"Ryzen 9 7900 (24c CPU, libx264/libx265/libsvtav1)","v0.6.1 (default model, pre-OWL-v1)",bbb_120s,high (SI~33/TI~6),h265,cpu,cpu,sweep,1080,8500,10423.6,95.69,0.7998,67.59,1,Repeatable,results/calibration/encode_parity_nvenc_24c_2026-06-20.json,measured point
s53_iso_bitrate_sweep,RTX 5080 NVENC,"v0.6.1 (default model, pre-OWL-v1)",bbb_120s,high (SI~33/TI~6),h265,gpu_baseline,gpu,sweep,1080,8500,7573.9,93.61,0.1413,63.58,5,Repeatable,results/calibration/encode_parity_nvenc_24c_2026-06-20.json,measured point
s53_iso_bitrate_sweep,RTX 5080 NVENC,"v0.6.1 (default model, pre-OWL-v1)",bbb_120s,high (SI~33/TI~6),h265,gpu_tuned,gpu,sweep,1080,8500,7777.3,94.05,0.387,47.88,2,Repeatable,results/calibration/encode_parity_nvenc_24c_2026-06-20.json,measured point
s53_iso_bitrate_sweep,"Ryzen 9 7900 (24c CPU, libx264/libx265/libsvtav1)","v0.6.1 (default model, pre-OWL-v1)",bbb_120s,high (SI~33/TI~6),h265,cpu,cpu,sweep,1080,10000,12431.2,96.12,0.839,67.73,1,Repeatable,results/calibration/encode_parity_nvenc_24c_2026-06-20.json,measured point
s53_iso_bitrate_sweep,RTX 5080 NVENC,"v0.6.1 (default model, pre-OWL-v1)",bbb_120s,high (SI~33/TI~6),h265,gpu_baseline,gpu,sweep,1080,10000,8803.7,94.1,0.1492,67.14,6,Repeatable,results/calibration/encode_parity_nvenc_24c_2026-06-20.json,measured point
s53_iso_bitrate_sweep,RTX 5080 NVENC,"v0.6.1 (default model, pre-OWL-v1)",bbb_120s,high (SI~33/TI~6),h265,gpu_tuned,gpu,sweep,1080,10000,9031.8,94.45,0.373,46.15,2,Repeatable,results/calibration/encode_parity_nvenc_24c_2026-06-20.json,measured point
s53_iso_bitrate_sweep,"Ryzen 9 7900 (24c CPU, libx264/libx265/libsvtav1)","v0.6.1 (default model, pre-OWL-v1)",bbb_120s,high (SI~33/TI~6),av1,cpu,cpu,sweep,1080,7500,6179.0,96.35,0.5088,68.35,2,Repeatable,results/calibration/encode_parity_nvenc_24c_2026-06-20.json,measured point
s53_iso_bitrate_sweep,RTX 5080 NVENC,"v0.6.1 (default model, pre-OWL-v1)",bbb_120s,high (SI~33/TI~6),av1,gpu_baseline,gpu,sweep,1080,7500,7057.1,94.93,0.146,72.35,6,Repeatable,results/calibration/encode_parity_nvenc_24c_2026-06-20.json,measured point
s53_iso_bitrate_sweep,RTX 5080 NVENC,"v0.6.1 (default model, pre-OWL-v1)",bbb_120s,high (SI~33/TI~6),av1,gpu_tuned,gpu,sweep,1080,7500,6819.8,94.53,0.2633,53.85,3,Repeatable,results/calibration/encode_parity_nvenc_24c_2026-06-20.json,measured point
s53_iso_bitrate_sweep,"Ryzen 9 7900 (24c CPU, libx264/libx265/libsvtav1)","v0.6.1 (default model, pre-OWL-v1)",kranjska_120s,sport (SI~101/TI~45),av1,cpu,cpu,sweep,1080,13000,13231.0,95.49,0.127,38.27,4,Repeatable,results/calibration/encode_parity_nvenc_24c_2026-06-20.json,measured point
s53_iso_bitrate_sweep,RTX 5080 NVENC,"v0.6.1 (default model, pre-OWL-v1)",kranjska_120s,sport (SI~101/TI~45),av1,gpu_baseline,gpu,sweep,1080,13000,13145.0,95.22,0.0745,71.65,11,Repeatable,results/calibration/encode_parity_nvenc_24c_2026-06-20.json,measured point
s53_iso_bitrate_sweep,RTX 5080 NVENC,"v0.6.1 (default model, pre-OWL-v1)",kranjska_120s,sport (SI~101/TI~45),av1,gpu_tuned,gpu,sweep,1080,13000,13097.3,95.48,0.115,50.48,5,Repeatable,results/calibration/encode_parity_nvenc_24c_2026-06-20.json,measured point
s53_iso_quality_interpolated,"Ryzen 9 7900 (24c CPU, libx264/libx265/libsvtav1)","v0.6.1 (default model, pre-OWL-v1)",meridian_120s,low,h264,cpu,cpu,iso_quality_interp,1080,2928,,88,0.333,,,,docs/smpte_2026/iso_vmaf_table.csv,"bitrate LINEARLY INTERPOLATED between 7 measured sweep points, not independently measured"
s53_iso_quality_interpolated,"Ryzen 9 7900 (24c CPU, libx264/libx265/libsvtav1)","v0.6.1 (default model, pre-OWL-v1)",meridian_120s,low,h264,cpu,cpu,iso_quality_interp,1080,2928,,90,0.333,,,,docs/smpte_2026/iso_vmaf_table.csv,"bitrate LINEARLY INTERPOLATED between 7 measured sweep points, not independently measured"
s53_iso_quality_interpolated,"Ryzen 9 7900 (24c CPU, libx264/libx265/libsvtav1)","v0.6.1 (default model, pre-OWL-v1)",meridian_120s,low,h264,cpu,cpu,iso_quality_interp,1080,2928,,92,0.333,,,,docs/smpte_2026/iso_vmaf_table.csv,"bitrate LINEARLY INTERPOLATED between 7 measured sweep points, not independently measured"
s53_iso_quality_interpolated,"Ryzen 9 7900 (24c CPU, libx264/libx265/libsvtav1)","v0.6.1 (default model, pre-OWL-v1)",meridian_120s,low,h264,cpu,cpu,iso_quality_interp,1080,5083,,94,0.386,,,,docs/smpte_2026/iso_vmaf_table.csv,"bitrate LINEARLY INTERPOLATED between 7 measured sweep points, not independently measured"
s53_iso_quality_interpolated,"Ryzen 9 7900 (24c CPU, libx264/libx265/libsvtav1)","v0.6.1 (default model, pre-OWL-v1)",meridian_120s,low,h264,cpu,cpu,iso_quality_interp,1080,14343,,96,0.544,,,,docs/smpte_2026/iso_vmaf_table.csv,"bitrate LINEARLY INTERPOLATED between 7 measured sweep points, not independently measured"
s53_iso_quality_interpolated,RTX 5080 NVENC,"v0.6.1 (default model, pre-OWL-v1)",meridian_120s,low,h264,gpu_baseline,gpu,iso_quality_interp,1080,3004,,88,0.108,,,,docs/smpte_2026/iso_vmaf_table.csv,"bitrate LINEARLY INTERPOLATED between 7 measured sweep points, not independently measured"
s53_iso_quality_interpolated,RTX 5080 NVENC,"v0.6.1 (default model, pre-OWL-v1)",meridian_120s,low,h264,gpu_baseline,gpu,iso_quality_interp,1080,3004,,90,0.108,,,,docs/smpte_2026/iso_vmaf_table.csv,"bitrate LINEARLY INTERPOLATED between 7 measured sweep points, not independently measured"
s53_iso_quality_interpolated,RTX 5080 NVENC,"v0.6.1 (default model, pre-OWL-v1)",meridian_120s,low,h264,gpu_baseline,gpu,iso_quality_interp,1080,3364,,92,0.109,,,,docs/smpte_2026/iso_vmaf_table.csv,"bitrate LINEARLY INTERPOLATED between 7 measured sweep points, not independently measured"
s53_iso_quality_interpolated,RTX 5080 NVENC,"v0.6.1 (default model, pre-OWL-v1)",meridian_120s,low,h264,gpu_baseline,gpu,iso_quality_interp,1080,5477,,94,0.113,,,,docs/smpte_2026/iso_vmaf_table.csv,"bitrate LINEARLY INTERPOLATED between 7 measured sweep points, not independently measured"
s53_iso_quality_interpolated,RTX 5080 NVENC,"v0.6.1 (default model, pre-OWL-v1)",meridian_120s,low,h264,gpu_baseline,gpu,iso_quality_interp,1080,,,96,,,,,docs/smpte_2026/iso_vmaf_table.csv,target VMAF unreachable in sweep (max measured 95.53)
s53_iso_quality_interpolated,RTX 5080 NVENC,"v0.6.1 (default model, pre-OWL-v1)",meridian_120s,low,h264,gpu_tuned,gpu,iso_quality_interp,1080,2989,,88,0.203,,,,docs/smpte_2026/iso_vmaf_table.csv,"bitrate LINEARLY INTERPOLATED between 7 measured sweep points, not independently measured"
s53_iso_quality_interpolated,RTX 5080 NVENC,"v0.6.1 (default model, pre-OWL-v1)",meridian_120s,low,h264,gpu_tuned,gpu,iso_quality_interp,1080,2989,,90,0.203,,,,docs/smpte_2026/iso_vmaf_table.csv,"bitrate LINEARLY INTERPOLATED between 7 measured sweep points, not independently measured"
s53_iso_quality_interpolated,RTX 5080 NVENC,"v0.6.1 (default model, pre-OWL-v1)",meridian_120s,low,h264,gpu_tuned,gpu,iso_quality_interp,1080,4422,,92,0.212,,,,docs/smpte_2026/iso_vmaf_table.csv,"bitrate LINEARLY INTERPOLATED between 7 measured sweep points, not independently measured"
s53_iso_quality_interpolated,RTX 5080 NVENC,"v0.6.1 (default model, pre-OWL-v1)",meridian_120s,low,h264,gpu_tuned,gpu,iso_quality_interp,1080,8684,,94,0.218,,,,docs/smpte_2026/iso_vmaf_table.csv,"bitrate LINEARLY INTERPOLATED between 7 measured sweep points, not independently measured"
s53_iso_quality_interpolated,RTX 5080 NVENC,"v0.6.1 (default model, pre-OWL-v1)",meridian_120s,low,h264,gpu_tuned,gpu,iso_quality_interp,1080,,,96,,,,,docs/smpte_2026/iso_vmaf_table.csv,target VMAF unreachable in sweep (max measured 94.94)
s53_iso_quality_interpolated,"Ryzen 9 7900 (24c CPU, libx264/libx265/libsvtav1)","v0.6.1 (default model, pre-OWL-v1)",meridian_120s,low,h265,cpu,cpu,iso_quality_interp,1080,1481,,88,0.627,,,,docs/smpte_2026/iso_vmaf_table.csv,"bitrate LINEARLY INTERPOLATED between 7 measured sweep points, not independently measured"
s53_iso_quality_interpolated,"Ryzen 9 7900 (24c CPU, libx264/libx265/libsvtav1)","v0.6.1 (default model, pre-OWL-v1)",meridian_120s,low,h265,cpu,cpu,iso_quality_interp,1080,1481,,90,0.627,,,,docs/smpte_2026/iso_vmaf_table.csv,"bitrate LINEARLY INTERPOLATED between 7 measured sweep points, not independently measured"
s53_iso_quality_interpolated,"Ryzen 9 7900 (24c CPU, libx264/libx265/libsvtav1)","v0.6.1 (default model, pre-OWL-v1)",meridian_120s,low,h265,cpu,cpu,iso_quality_interp,1080,1481,,92,0.627,,,,docs/smpte_2026/iso_vmaf_table.csv,"bitrate LINEARLY INTERPOLATED between 7 measured sweep points, not independently measured"
s53_iso_quality_interpolated,"Ryzen 9 7900 (24c CPU, libx264/libx265/libsvtav1)","v0.6.1 (default model, pre-OWL-v1)",meridian_120s,low,h265,cpu,cpu,iso_quality_interp,1080,2739,,94,0.686,,,,docs/smpte_2026/iso_vmaf_table.csv,"bitrate LINEARLY INTERPOLATED between 7 measured sweep points, not independently measured"
s53_iso_quality_interpolated,"Ryzen 9 7900 (24c CPU, libx264/libx265/libsvtav1)","v0.6.1 (default model, pre-OWL-v1)",meridian_120s,low,h265,cpu,cpu,iso_quality_interp,1080,,,96,,,,,docs/smpte_2026/iso_vmaf_table.csv,target VMAF unreachable in sweep (max measured 95.88)
s53_iso_quality_interpolated,RTX 5080 NVENC,"v0.6.1 (default model, pre-OWL-v1)",meridian_120s,low,h265,gpu_baseline,gpu,iso_quality_interp,1080,1561,,88,0.13,,,,docs/smpte_2026/iso_vmaf_table.csv,"bitrate LINEARLY INTERPOLATED between 7 measured sweep points, not independently measured"
s53_iso_quality_interpolated,RTX 5080 NVENC,"v0.6.1 (default model, pre-OWL-v1)",meridian_120s,low,h265,gpu_baseline,gpu,iso_quality_interp,1080,2176,,90,0.129,,,,docs/smpte_2026/iso_vmaf_table.csv,"bitrate LINEARLY INTERPOLATED between 7 measured sweep points, not independently measured"
s53_iso_quality_interpolated,RTX 5080 NVENC,"v0.6.1 (default model, pre-OWL-v1)",meridian_120s,low,h265,gpu_baseline,gpu,iso_quality_interp,1080,3000,,92,0.129,,,,docs/smpte_2026/iso_vmaf_table.csv,"bitrate LINEARLY INTERPOLATED between 7 measured sweep points, not independently measured"
s53_iso_quality_interpolated,RTX 5080 NVENC,"v0.6.1 (default model, pre-OWL-v1)",meridian_120s,low,h265,gpu_baseline,gpu,iso_quality_interp,1080,5142,,94,0.135,,,,docs/smpte_2026/iso_vmaf_table.csv,"bitrate LINEARLY INTERPOLATED between 7 measured sweep points, not independently measured"
s53_iso_quality_interpolated,RTX 5080 NVENC,"v0.6.1 (default model, pre-OWL-v1)",meridian_120s,low,h265,gpu_baseline,gpu,iso_quality_interp,1080,,,96,,,,,docs/smpte_2026/iso_vmaf_table.csv,target VMAF unreachable in sweep (max measured 94.97)
s53_iso_quality_interpolated,RTX 5080 NVENC,"v0.6.1 (default model, pre-OWL-v1)",meridian_120s,low,h265,gpu_tuned,gpu,iso_quality_interp,1080,1524,,88,0.368,,,,docs/smpte_2026/iso_vmaf_table.csv,"bitrate LINEARLY INTERPOLATED between 7 measured sweep points, not independently measured"
s53_iso_quality_interpolated,RTX 5080 NVENC,"v0.6.1 (default model, pre-OWL-v1)",meridian_120s,low,h265,gpu_tuned,gpu,iso_quality_interp,1080,1917,,90,0.373,,,,docs/smpte_2026/iso_vmaf_table.csv,"bitrate LINEARLY INTERPOLATED between 7 measured sweep points, not independently measured"
s53_iso_quality_interpolated,RTX 5080 NVENC,"v0.6.1 (default model, pre-OWL-v1)",meridian_120s,low,h265,gpu_tuned,gpu,iso_quality_interp,1080,2634,,92,0.379,,,,docs/smpte_2026/iso_vmaf_table.csv,"bitrate LINEARLY INTERPOLATED between 7 measured sweep points, not independently measured"
s53_iso_quality_interpolated,RTX 5080 NVENC,"v0.6.1 (default model, pre-OWL-v1)",meridian_120s,low,h265,gpu_tuned,gpu,iso_quality_interp,1080,6728,,94,0.379,,,,docs/smpte_2026/iso_vmaf_table.csv,"bitrate LINEARLY INTERPOLATED between 7 measured sweep points, not independently measured"
s53_iso_quality_interpolated,RTX 5080 NVENC,"v0.6.1 (default model, pre-OWL-v1)",meridian_120s,low,h265,gpu_tuned,gpu,iso_quality_interp,1080,,,96,,,,,docs/smpte_2026/iso_vmaf_table.csv,target VMAF unreachable in sweep (max measured 94.53)
s53_iso_quality_interpolated,"Ryzen 9 7900 (24c CPU, libx264/libx265/libsvtav1)","v0.6.1 (default model, pre-OWL-v1)",meridian_120s,low,av1,cpu,cpu,iso_quality_interp,1080,687,,88,0.324,,,,docs/smpte_2026/iso_vmaf_table.csv,"bitrate LINEARLY INTERPOLATED between 6 measured sweep points, not independently measured"
s53_iso_quality_interpolated,"Ryzen 9 7900 (24c CPU, libx264/libx265/libsvtav1)","v0.6.1 (default model, pre-OWL-v1)",meridian_120s,low,av1,cpu,cpu,iso_quality_interp,1080,687,,90,0.324,,,,docs/smpte_2026/iso_vmaf_table.csv,"bitrate LINEARLY INTERPOLATED between 6 measured sweep points, not independently measured"
s53_iso_quality_interpolated,"Ryzen 9 7900 (24c CPU, libx264/libx265/libsvtav1)","v0.6.1 (default model, pre-OWL-v1)",meridian_120s,low,av1,cpu,cpu,iso_quality_interp,1080,1170,,92,0.349,,,,docs/smpte_2026/iso_vmaf_table.csv,"bitrate LINEARLY INTERPOLATED between 6 measured sweep points, not independently measured"
s53_iso_quality_interpolated,"Ryzen 9 7900 (24c CPU, libx264/libx265/libsvtav1)","v0.6.1 (default model, pre-OWL-v1)",meridian_120s,low,av1,cpu,cpu,iso_quality_interp,1080,4866,,94,0.375,,,,docs/smpte_2026/iso_vmaf_table.csv,"bitrate LINEARLY INTERPOLATED between 6 measured sweep points, not independently measured"
s53_iso_quality_interpolated,"Ryzen 9 7900 (24c CPU, libx264/libx265/libsvtav1)","v0.6.1 (default model, pre-OWL-v1)",meridian_120s,low,av1,cpu,cpu,iso_quality_interp,1080,,,96,,,,,docs/smpte_2026/iso_vmaf_table.csv,target VMAF unreachable in sweep (max measured 94.06)
s53_iso_quality_interpolated,RTX 5080 NVENC,"v0.6.1 (default model, pre-OWL-v1)",meridian_120s,low,av1,gpu_baseline,gpu,iso_quality_interp,1080,1034,,88,0.126,,,,docs/smpte_2026/iso_vmaf_table.csv,"bitrate LINEARLY INTERPOLATED between 6 measured sweep points, not independently measured"
s53_iso_quality_interpolated,RTX 5080 NVENC,"v0.6.1 (default model, pre-OWL-v1)",meridian_120s,low,av1,gpu_baseline,gpu,iso_quality_interp,1080,1034,,90,0.126,,,,docs/smpte_2026/iso_vmaf_table.csv,"bitrate LINEARLY INTERPOLATED between 6 measured sweep points, not independently measured"
s53_iso_quality_interpolated,RTX 5080 NVENC,"v0.6.1 (default model, pre-OWL-v1)",meridian_120s,low,av1,gpu_baseline,gpu,iso_quality_interp,1080,1585,,92,0.125,,,,docs/smpte_2026/iso_vmaf_table.csv,"bitrate LINEARLY INTERPOLATED between 6 measured sweep points, not independently measured"
s53_iso_quality_interpolated,RTX 5080 NVENC,"v0.6.1 (default model, pre-OWL-v1)",meridian_120s,low,av1,gpu_baseline,gpu,iso_quality_interp,1080,3771,,94,0.126,,,,docs/smpte_2026/iso_vmaf_table.csv,"bitrate LINEARLY INTERPOLATED between 6 measured sweep points, not independently measured"
s53_iso_quality_interpolated,RTX 5080 NVENC,"v0.6.1 (default model, pre-OWL-v1)",meridian_120s,low,av1,gpu_baseline,gpu,iso_quality_interp,1080,,,96,,,,,docs/smpte_2026/iso_vmaf_table.csv,target VMAF unreachable in sweep (max measured 94.86)
s53_iso_quality_interpolated,RTX 5080 NVENC,"v0.6.1 (default model, pre-OWL-v1)",meridian_120s,low,av1,gpu_tuned,gpu,iso_quality_interp,1080,997,,88,0.249,,,,docs/smpte_2026/iso_vmaf_table.csv,"bitrate LINEARLY INTERPOLATED between 6 measured sweep points, not independently measured"
s53_iso_quality_interpolated,RTX 5080 NVENC,"v0.6.1 (default model, pre-OWL-v1)",meridian_120s,low,av1,gpu_tuned,gpu,iso_quality_interp,1080,1306,,90,0.252,,,,docs/smpte_2026/iso_vmaf_table.csv,"bitrate LINEARLY INTERPOLATED between 6 measured sweep points, not independently measured"
s53_iso_quality_interpolated,RTX 5080 NVENC,"v0.6.1 (default model, pre-OWL-v1)",meridian_120s,low,av1,gpu_tuned,gpu,iso_quality_interp,1080,2215,,92,0.255,,,,docs/smpte_2026/iso_vmaf_table.csv,"bitrate LINEARLY INTERPOLATED between 6 measured sweep points, not independently measured"
s53_iso_quality_interpolated,RTX 5080 NVENC,"v0.6.1 (default model, pre-OWL-v1)",meridian_120s,low,av1,gpu_tuned,gpu,iso_quality_interp,1080,5693,,94,0.259,,,,docs/smpte_2026/iso_vmaf_table.csv,"bitrate LINEARLY INTERPOLATED between 6 measured sweep points, not independently measured"
s53_iso_quality_interpolated,RTX 5080 NVENC,"v0.6.1 (default model, pre-OWL-v1)",meridian_120s,low,av1,gpu_tuned,gpu,iso_quality_interp,1080,,,96,,,,,docs/smpte_2026/iso_vmaf_table.csv,target VMAF unreachable in sweep (max measured 94.39)
s53_iso_quality_interpolated,"Ryzen 9 7900 (24c CPU, libx264/libx265/libsvtav1)","v0.6.1 (default model, pre-OWL-v1)",bbb_120s,high,h264,cpu,cpu,iso_quality_interp,1080,3346,,88,0.304,,,,docs/smpte_2026/iso_vmaf_table.csv,"bitrate LINEARLY INTERPOLATED between 7 measured sweep points, not independently measured"
s53_iso_quality_interpolated,"Ryzen 9 7900 (24c CPU, libx264/libx265/libsvtav1)","v0.6.1 (default model, pre-OWL-v1)",bbb_120s,high,h264,cpu,cpu,iso_quality_interp,1080,4231,,90,0.31,,,,docs/smpte_2026/iso_vmaf_table.csv,"bitrate LINEARLY INTERPOLATED between 7 measured sweep points, not independently measured"
s53_iso_quality_interpolated,"Ryzen 9 7900 (24c CPU, libx264/libx265/libsvtav1)","v0.6.1 (default model, pre-OWL-v1)",bbb_120s,high,h264,cpu,cpu,iso_quality_interp,1080,5658,,92,0.322,,,,docs/smpte_2026/iso_vmaf_table.csv,"bitrate LINEARLY INTERPOLATED between 7 measured sweep points, not independently measured"
s53_iso_quality_interpolated,"Ryzen 9 7900 (24c CPU, libx264/libx265/libsvtav1)","v0.6.1 (default model, pre-OWL-v1)",bbb_120s,high,h264,cpu,cpu,iso_quality_interp,1080,8581,,94,0.347,,,,docs/smpte_2026/iso_vmaf_table.csv,"bitrate LINEARLY INTERPOLATED between 7 measured sweep points, not independently measured"
s53_iso_quality_interpolated,"Ryzen 9 7900 (24c CPU, libx264/libx265/libsvtav1)","v0.6.1 (default model, pre-OWL-v1)",bbb_120s,high,h264,cpu,cpu,iso_quality_interp,1080,14845,,96,0.382,,,,docs/smpte_2026/iso_vmaf_table.csv,"bitrate LINEARLY INTERPOLATED between 7 measured sweep points, not independently measured"
s53_iso_quality_interpolated,RTX 5080 NVENC,"v0.6.1 (default model, pre-OWL-v1)",bbb_120s,high,h264,gpu_baseline,gpu,iso_quality_interp,1080,3862,,88,0.138,,,,docs/smpte_2026/iso_vmaf_table.csv,"bitrate LINEARLY INTERPOLATED between 7 measured sweep points, not independently measured"
s53_iso_quality_interpolated,RTX 5080 NVENC,"v0.6.1 (default model, pre-OWL-v1)",bbb_120s,high,h264,gpu_baseline,gpu,iso_quality_interp,1080,4812,,90,0.14,,,,docs/smpte_2026/iso_vmaf_table.csv,"bitrate LINEARLY INTERPOLATED between 7 measured sweep points, not independently measured"
s53_iso_quality_interpolated,RTX 5080 NVENC,"v0.6.1 (default model, pre-OWL-v1)",bbb_120s,high,h264,gpu_baseline,gpu,iso_quality_interp,1080,6793,,92,0.14,,,,docs/smpte_2026/iso_vmaf_table.csv,"bitrate LINEARLY INTERPOLATED between 7 measured sweep points, not independently measured"
s53_iso_quality_interpolated,RTX 5080 NVENC,"v0.6.1 (default model, pre-OWL-v1)",bbb_120s,high,h264,gpu_baseline,gpu,iso_quality_interp,1080,11507,,94,0.14,,,,docs/smpte_2026/iso_vmaf_table.csv,"bitrate LINEARLY INTERPOLATED between 7 measured sweep points, not independently measured"
s53_iso_quality_interpolated,RTX 5080 NVENC,"v0.6.1 (default model, pre-OWL-v1)",bbb_120s,high,h264,gpu_baseline,gpu,iso_quality_interp,1080,,,96,,,,,docs/smpte_2026/iso_vmaf_table.csv,target VMAF unreachable in sweep (max measured 94.69)
s53_iso_quality_interpolated,RTX 5080 NVENC,"v0.6.1 (default model, pre-OWL-v1)",bbb_120s,high,h264,gpu_tuned,gpu,iso_quality_interp,1080,4134,,88,0.216,,,,docs/smpte_2026/iso_vmaf_table.csv,"bitrate LINEARLY INTERPOLATED between 7 measured sweep points, not independently measured"
s53_iso_quality_interpolated,RTX 5080 NVENC,"v0.6.1 (default model, pre-OWL-v1)",bbb_120s,high,h264,gpu_tuned,gpu,iso_quality_interp,1080,5188,,90,0.22,,,,docs/smpte_2026/iso_vmaf_table.csv,"bitrate LINEARLY INTERPOLATED between 7 measured sweep points, not independently measured"
s53_iso_quality_interpolated,RTX 5080 NVENC,"v0.6.1 (default model, pre-OWL-v1)",bbb_120s,high,h264,gpu_tuned,gpu,iso_quality_interp,1080,7237,,92,0.222,,,,docs/smpte_2026/iso_vmaf_table.csv,"bitrate LINEARLY INTERPOLATED between 7 measured sweep points, not independently measured"
s53_iso_quality_interpolated,RTX 5080 NVENC,"v0.6.1 (default model, pre-OWL-v1)",bbb_120s,high,h264,gpu_tuned,gpu,iso_quality_interp,1080,12327,,94,0.221,,,,docs/smpte_2026/iso_vmaf_table.csv,"bitrate LINEARLY INTERPOLATED between 7 measured sweep points, not independently measured"
s53_iso_quality_interpolated,RTX 5080 NVENC,"v0.6.1 (default model, pre-OWL-v1)",bbb_120s,high,h264,gpu_tuned,gpu,iso_quality_interp,1080,,,96,,,,,docs/smpte_2026/iso_vmaf_table.csv,target VMAF unreachable in sweep (max measured 94.53)
s53_iso_quality_interpolated,"Ryzen 9 7900 (24c CPU, libx264/libx265/libsvtav1)","v0.6.1 (default model, pre-OWL-v1)",bbb_120s,high,h265,cpu,cpu,iso_quality_interp,1080,2407,,88,0.601,,,,docs/smpte_2026/iso_vmaf_table.csv,"bitrate LINEARLY INTERPOLATED between 7 measured sweep points, not independently measured"
s53_iso_quality_interpolated,"Ryzen 9 7900 (24c CPU, libx264/libx265/libsvtav1)","v0.6.1 (default model, pre-OWL-v1)",bbb_120s,high,h265,cpu,cpu,iso_quality_interp,1080,2959,,90,0.623,,,,docs/smpte_2026/iso_vmaf_table.csv,"bitrate LINEARLY INTERPOLATED between 7 measured sweep points, not independently measured"
s53_iso_quality_interpolated,"Ryzen 9 7900 (24c CPU, libx264/libx265/libsvtav1)","v0.6.1 (default model, pre-OWL-v1)",bbb_120s,high,h265,cpu,cpu,iso_quality_interp,1080,4041,,92,0.649,,,,docs/smpte_2026/iso_vmaf_table.csv,"bitrate LINEARLY INTERPOLATED between 7 measured sweep points, not independently measured"
s53_iso_quality_interpolated,"Ryzen 9 7900 (24c CPU, libx264/libx265/libsvtav1)","v0.6.1 (default model, pre-OWL-v1)",bbb_120s,high,h265,cpu,cpu,iso_quality_interp,1080,6244,,94,0.709,,,,docs/smpte_2026/iso_vmaf_table.csv,"bitrate LINEARLY INTERPOLATED between 7 measured sweep points, not independently measured"
s53_iso_quality_interpolated,"Ryzen 9 7900 (24c CPU, libx264/libx265/libsvtav1)","v0.6.1 (default model, pre-OWL-v1)",bbb_120s,high,h265,cpu,cpu,iso_quality_interp,1080,11871,,96,0.828,,,,docs/smpte_2026/iso_vmaf_table.csv,"bitrate LINEARLY INTERPOLATED between 7 measured sweep points, not independently measured"
s53_iso_quality_interpolated,RTX 5080 NVENC,"v0.6.1 (default model, pre-OWL-v1)",bbb_120s,high,h265,gpu_baseline,gpu,iso_quality_interp,1080,2825,,88,0.145,,,,docs/smpte_2026/iso_vmaf_table.csv,"bitrate LINEARLY INTERPOLATED between 7 measured sweep points, not independently measured"
s53_iso_quality_interpolated,RTX 5080 NVENC,"v0.6.1 (default model, pre-OWL-v1)",bbb_120s,high,h265,gpu_baseline,gpu,iso_quality_interp,1080,3632,,90,0.143,,,,docs/smpte_2026/iso_vmaf_table.csv,"bitrate LINEARLY INTERPOLATED between 7 measured sweep points, not independently measured"
s53_iso_quality_interpolated,RTX 5080 NVENC,"v0.6.1 (default model, pre-OWL-v1)",bbb_120s,high,h265,gpu_baseline,gpu,iso_quality_interp,1080,5122,,92,0.144,,,,docs/smpte_2026/iso_vmaf_table.csv,"bitrate LINEARLY INTERPOLATED between 7 measured sweep points, not independently measured"
s53_iso_quality_interpolated,RTX 5080 NVENC,"v0.6.1 (default model, pre-OWL-v1)",bbb_120s,high,h265,gpu_baseline,gpu,iso_quality_interp,1080,8553,,94,0.148,,,,docs/smpte_2026/iso_vmaf_table.csv,"bitrate LINEARLY INTERPOLATED between 7 measured sweep points, not independently measured"
s53_iso_quality_interpolated,RTX 5080 NVENC,"v0.6.1 (default model, pre-OWL-v1)",bbb_120s,high,h265,gpu_baseline,gpu,iso_quality_interp,1080,,,96,,,,,docs/smpte_2026/iso_vmaf_table.csv,target VMAF unreachable in sweep (max measured 94.1)
s53_iso_quality_interpolated,RTX 5080 NVENC,"v0.6.1 (default model, pre-OWL-v1)",bbb_120s,high,h265,gpu_tuned,gpu,iso_quality_interp,1080,2558,,88,0.386,,,,docs/smpte_2026/iso_vmaf_table.csv,"bitrate LINEARLY INTERPOLATED between 7 measured sweep points, not independently measured"
s53_iso_quality_interpolated,RTX 5080 NVENC,"v0.6.1 (default model, pre-OWL-v1)",bbb_120s,high,h265,gpu_tuned,gpu,iso_quality_interp,1080,3248,,90,0.378,,,,docs/smpte_2026/iso_vmaf_table.csv,"bitrate LINEARLY INTERPOLATED between 7 measured sweep points, not independently measured"
s53_iso_quality_interpolated,RTX 5080 NVENC,"v0.6.1 (default model, pre-OWL-v1)",bbb_120s,high,h265,gpu_tuned,gpu,iso_quality_interp,1080,4549,,92,0.381,,,,docs/smpte_2026/iso_vmaf_table.csv,"bitrate LINEARLY INTERPOLATED between 7 measured sweep points, not independently measured"
s53_iso_quality_interpolated,RTX 5080 NVENC,"v0.6.1 (default model, pre-OWL-v1)",bbb_120s,high,h265,gpu_tuned,gpu,iso_quality_interp,1080,7661,,94,0.387,,,,docs/smpte_2026/iso_vmaf_table.csv,"bitrate LINEARLY INTERPOLATED between 7 measured sweep points, not independently measured"
s53_iso_quality_interpolated,RTX 5080 NVENC,"v0.6.1 (default model, pre-OWL-v1)",bbb_120s,high,h265,gpu_tuned,gpu,iso_quality_interp,1080,,,96,,,,,docs/smpte_2026/iso_vmaf_table.csv,target VMAF unreachable in sweep (max measured 94.45)
s53_iso_quality_interpolated,"Ryzen 9 7900 (24c CPU, libx264/libx265/libsvtav1)","v0.6.1 (default model, pre-OWL-v1)",bbb_120s,high,av1,cpu,cpu,iso_quality_interp,1080,1017,,88,0.372,,,,docs/smpte_2026/iso_vmaf_table.csv,"bitrate LINEARLY INTERPOLATED between 6 measured sweep points, not independently measured"
s53_iso_quality_interpolated,"Ryzen 9 7900 (24c CPU, libx264/libx265/libsvtav1)","v0.6.1 (default model, pre-OWL-v1)",bbb_120s,high,av1,cpu,cpu,iso_quality_interp,1080,1377,,90,0.381,,,,docs/smpte_2026/iso_vmaf_table.csv,"bitrate LINEARLY INTERPOLATED between 6 measured sweep points, not independently measured"
s53_iso_quality_interpolated,"Ryzen 9 7900 (24c CPU, libx264/libx265/libsvtav1)","v0.6.1 (default model, pre-OWL-v1)",bbb_120s,high,av1,cpu,cpu,iso_quality_interp,1080,1737,,92,0.389,,,,docs/smpte_2026/iso_vmaf_table.csv,"bitrate LINEARLY INTERPOLATED between 6 measured sweep points, not independently measured"
s53_iso_quality_interpolated,"Ryzen 9 7900 (24c CPU, libx264/libx265/libsvtav1)","v0.6.1 (default model, pre-OWL-v1)",bbb_120s,high,av1,cpu,cpu,iso_quality_interp,1080,2594,,94,0.449,,,,docs/smpte_2026/iso_vmaf_table.csv,"bitrate LINEARLY INTERPOLATED between 6 measured sweep points, not independently measured"
s53_iso_quality_interpolated,"Ryzen 9 7900 (24c CPU, libx264/libx265/libsvtav1)","v0.6.1 (default model, pre-OWL-v1)",bbb_120s,high,av1,cpu,cpu,iso_quality_interp,1080,5045,,96,0.477,,,,docs/smpte_2026/iso_vmaf_table.csv,"bitrate LINEARLY INTERPOLATED between 6 measured sweep points, not independently measured"
s53_iso_quality_interpolated,RTX 5080 NVENC,"v0.6.1 (default model, pre-OWL-v1)",bbb_120s,high,av1,gpu_baseline,gpu,iso_quality_interp,1080,2123,,88,0.106,,,,docs/smpte_2026/iso_vmaf_table.csv,"bitrate LINEARLY INTERPOLATED between 6 measured sweep points, not independently measured"
s53_iso_quality_interpolated,RTX 5080 NVENC,"v0.6.1 (default model, pre-OWL-v1)",bbb_120s,high,av1,gpu_baseline,gpu,iso_quality_interp,1080,2613,,90,0.133,,,,docs/smpte_2026/iso_vmaf_table.csv,"bitrate LINEARLY INTERPOLATED between 6 measured sweep points, not independently measured"
s53_iso_quality_interpolated,RTX 5080 NVENC,"v0.6.1 (default model, pre-OWL-v1)",bbb_120s,high,av1,gpu_baseline,gpu,iso_quality_interp,1080,3448,,92,0.14,,,,docs/smpte_2026/iso_vmaf_table.csv,"bitrate LINEARLY INTERPOLATED between 6 measured sweep points, not independently measured"
s53_iso_quality_interpolated,RTX 5080 NVENC,"v0.6.1 (default model, pre-OWL-v1)",bbb_120s,high,av1,gpu_baseline,gpu,iso_quality_interp,1080,5280,,94,0.139,,,,docs/smpte_2026/iso_vmaf_table.csv,"bitrate LINEARLY INTERPOLATED between 6 measured sweep points, not independently measured"
s53_iso_quality_interpolated,RTX 5080 NVENC,"v0.6.1 (default model, pre-OWL-v1)",bbb_120s,high,av1,gpu_baseline,gpu,iso_quality_interp,1080,,,96,,,,,docs/smpte_2026/iso_vmaf_table.csv,target VMAF unreachable in sweep (max measured 94.93)
s53_iso_quality_interpolated,RTX 5080 NVENC,"v0.6.1 (default model, pre-OWL-v1)",bbb_120s,high,av1,gpu_tuned,gpu,iso_quality_interp,1080,2065,,88,0.264,,,,docs/smpte_2026/iso_vmaf_table.csv,"bitrate LINEARLY INTERPOLATED between 6 measured sweep points, not independently measured"
s53_iso_quality_interpolated,RTX 5080 NVENC,"v0.6.1 (default model, pre-OWL-v1)",bbb_120s,high,av1,gpu_tuned,gpu,iso_quality_interp,1080,2507,,90,0.27,,,,docs/smpte_2026/iso_vmaf_table.csv,"bitrate LINEARLY INTERPOLATED between 6 measured sweep points, not independently measured"
s53_iso_quality_interpolated,RTX 5080 NVENC,"v0.6.1 (default model, pre-OWL-v1)",bbb_120s,high,av1,gpu_tuned,gpu,iso_quality_interp,1080,3487,,92,0.256,,,,docs/smpte_2026/iso_vmaf_table.csv,"bitrate LINEARLY INTERPOLATED between 6 measured sweep points, not independently measured"
s53_iso_quality_interpolated,RTX 5080 NVENC,"v0.6.1 (default model, pre-OWL-v1)",bbb_120s,high,av1,gpu_tuned,gpu,iso_quality_interp,1080,5625,,94,0.261,,,,docs/smpte_2026/iso_vmaf_table.csv,"bitrate LINEARLY INTERPOLATED between 6 measured sweep points, not independently measured"
s53_iso_quality_interpolated,RTX 5080 NVENC,"v0.6.1 (default model, pre-OWL-v1)",bbb_120s,high,av1,gpu_tuned,gpu,iso_quality_interp,1080,,,96,,,,,docs/smpte_2026/iso_vmaf_table.csv,target VMAF unreachable in sweep (max measured 94.53)
s53_iso_quality_interpolated,"Ryzen 9 7900 (24c CPU, libx264/libx265/libsvtav1)","v0.6.1 (default model, pre-OWL-v1)",kranjska_120s,sport,h264,cpu,cpu,iso_quality_interp,1080,8261,,88,0.235,,,,docs/smpte_2026/iso_vmaf_table.csv,"bitrate LINEARLY INTERPOLATED between 5 measured sweep points, not independently measured"
s53_iso_quality_interpolated,"Ryzen 9 7900 (24c CPU, libx264/libx265/libsvtav1)","v0.6.1 (default model, pre-OWL-v1)",kranjska_120s,sport,h264,cpu,cpu,iso_quality_interp,1080,8995,,90,0.241,,,,docs/smpte_2026/iso_vmaf_table.csv,"bitrate LINEARLY INTERPOLATED between 5 measured sweep points, not independently measured"
s53_iso_quality_interpolated,"Ryzen 9 7900 (24c CPU, libx264/libx265/libsvtav1)","v0.6.1 (default model, pre-OWL-v1)",kranjska_120s,sport,h264,cpu,cpu,iso_quality_interp,1080,10504,,92,0.243,,,,docs/smpte_2026/iso_vmaf_table.csv,"bitrate LINEARLY INTERPOLATED between 5 measured sweep points, not independently measured"
s53_iso_quality_interpolated,"Ryzen 9 7900 (24c CPU, libx264/libx265/libsvtav1)","v0.6.1 (default model, pre-OWL-v1)",kranjska_120s,sport,h264,cpu,cpu,iso_quality_interp,1080,12166,,94,0.245,,,,docs/smpte_2026/iso_vmaf_table.csv,"bitrate LINEARLY INTERPOLATED between 5 measured sweep points, not independently measured"
s53_iso_quality_interpolated,"Ryzen 9 7900 (24c CPU, libx264/libx265/libsvtav1)","v0.6.1 (default model, pre-OWL-v1)",kranjska_120s,sport,h264,cpu,cpu,iso_quality_interp,1080,13925,,96,0.248,,,,docs/smpte_2026/iso_vmaf_table.csv,"bitrate LINEARLY INTERPOLATED between 5 measured sweep points, not independently measured"
s53_iso_quality_interpolated,RTX 5080 NVENC,"v0.6.1 (default model, pre-OWL-v1)",kranjska_120s,sport,h264,gpu_baseline,gpu,iso_quality_interp,1080,9473,,88,0.066,,,,docs/smpte_2026/iso_vmaf_table.csv,"bitrate LINEARLY INTERPOLATED between 5 measured sweep points, not independently measured"
s53_iso_quality_interpolated,RTX 5080 NVENC,"v0.6.1 (default model, pre-OWL-v1)",kranjska_120s,sport,h264,gpu_baseline,gpu,iso_quality_interp,1080,11129,,90,0.066,,,,docs/smpte_2026/iso_vmaf_table.csv,"bitrate LINEARLY INTERPOLATED between 5 measured sweep points, not independently measured"
s53_iso_quality_interpolated,RTX 5080 NVENC,"v0.6.1 (default model, pre-OWL-v1)",kranjska_120s,sport,h264,gpu_baseline,gpu,iso_quality_interp,1080,13020,,92,0.066,,,,docs/smpte_2026/iso_vmaf_table.csv,"bitrate LINEARLY INTERPOLATED between 5 measured sweep points, not independently measured"
s53_iso_quality_interpolated,RTX 5080 NVENC,"v0.6.1 (default model, pre-OWL-v1)",kranjska_120s,sport,h264,gpu_baseline,gpu,iso_quality_interp,1080,15823,,94,0.067,,,,docs/smpte_2026/iso_vmaf_table.csv,"bitrate LINEARLY INTERPOLATED between 5 measured sweep points, not independently measured"
s53_iso_quality_interpolated,RTX 5080 NVENC,"v0.6.1 (default model, pre-OWL-v1)",kranjska_120s,sport,h264,gpu_baseline,gpu,iso_quality_interp,1080,19758,,96,0.067,,,,docs/smpte_2026/iso_vmaf_table.csv,"bitrate LINEARLY INTERPOLATED between 5 measured sweep points, not independently measured"
s53_iso_quality_interpolated,RTX 5080 NVENC,"v0.6.1 (default model, pre-OWL-v1)",kranjska_120s,sport,h264,gpu_tuned,gpu,iso_quality_interp,1080,9474,,88,0.107,,,,docs/smpte_2026/iso_vmaf_table.csv,"bitrate LINEARLY INTERPOLATED between 5 measured sweep points, not independently measured"
s53_iso_quality_interpolated,RTX 5080 NVENC,"v0.6.1 (default model, pre-OWL-v1)",kranjska_120s,sport,h264,gpu_tuned,gpu,iso_quality_interp,1080,11004,,90,0.106,,,,docs/smpte_2026/iso_vmaf_table.csv,"bitrate LINEARLY INTERPOLATED between 5 measured sweep points, not independently measured"
s53_iso_quality_interpolated,RTX 5080 NVENC,"v0.6.1 (default model, pre-OWL-v1)",kranjska_120s,sport,h264,gpu_tuned,gpu,iso_quality_interp,1080,12648,,92,0.106,,,,docs/smpte_2026/iso_vmaf_table.csv,"bitrate LINEARLY INTERPOLATED between 5 measured sweep points, not independently measured"
s53_iso_quality_interpolated,RTX 5080 NVENC,"v0.6.1 (default model, pre-OWL-v1)",kranjska_120s,sport,h264,gpu_tuned,gpu,iso_quality_interp,1080,15450,,94,0.106,,,,docs/smpte_2026/iso_vmaf_table.csv,"bitrate LINEARLY INTERPOLATED between 5 measured sweep points, not independently measured"
s53_iso_quality_interpolated,RTX 5080 NVENC,"v0.6.1 (default model, pre-OWL-v1)",kranjska_120s,sport,h264,gpu_tuned,gpu,iso_quality_interp,1080,19243,,96,0.107,,,,docs/smpte_2026/iso_vmaf_table.csv,"bitrate LINEARLY INTERPOLATED between 5 measured sweep points, not independently measured"
s53_iso_quality_interpolated,"Ryzen 9 7900 (24c CPU, libx264/libx265/libsvtav1)","v0.6.1 (default model, pre-OWL-v1)",kranjska_120s,sport,h265,cpu,cpu,iso_quality_interp,1080,8162,,88,0.654,,,,docs/smpte_2026/iso_vmaf_table.csv,"bitrate LINEARLY INTERPOLATED between 5 measured sweep points, not independently measured"
s53_iso_quality_interpolated,"Ryzen 9 7900 (24c CPU, libx264/libx265/libsvtav1)","v0.6.1 (default model, pre-OWL-v1)",kranjska_120s,sport,h265,cpu,cpu,iso_quality_interp,1080,9254,,90,0.688,,,,docs/smpte_2026/iso_vmaf_table.csv,"bitrate LINEARLY INTERPOLATED between 5 measured sweep points, not independently measured"
s53_iso_quality_interpolated,"Ryzen 9 7900 (24c CPU, libx264/libx265/libsvtav1)","v0.6.1 (default model, pre-OWL-v1)",kranjska_120s,sport,h265,cpu,cpu,iso_quality_interp,1080,10759,,92,0.724,,,,docs/smpte_2026/iso_vmaf_table.csv,"bitrate LINEARLY INTERPOLATED between 5 measured sweep points, not independently measured"
s53_iso_quality_interpolated,"Ryzen 9 7900 (24c CPU, libx264/libx265/libsvtav1)","v0.6.1 (default model, pre-OWL-v1)",kranjska_120s,sport,h265,cpu,cpu,iso_quality_interp,1080,12517,,94,0.752,,,,docs/smpte_2026/iso_vmaf_table.csv,"bitrate LINEARLY INTERPOLATED between 5 measured sweep points, not independently measured"
s53_iso_quality_interpolated,"Ryzen 9 7900 (24c CPU, libx264/libx265/libsvtav1)","v0.6.1 (default model, pre-OWL-v1)",kranjska_120s,sport,h265,cpu,cpu,iso_quality_interp,1080,14836,,96,0.763,,,,docs/smpte_2026/iso_vmaf_table.csv,"bitrate LINEARLY INTERPOLATED between 5 measured sweep points, not independently measured"
s53_iso_quality_interpolated,RTX 5080 NVENC,"v0.6.1 (default model, pre-OWL-v1)",kranjska_120s,sport,h265,gpu_baseline,gpu,iso_quality_interp,1080,8477,,88,0.065,,,,docs/smpte_2026/iso_vmaf_table.csv,"bitrate LINEARLY INTERPOLATED between 5 measured sweep points, not independently measured"
s53_iso_quality_interpolated,RTX 5080 NVENC,"v0.6.1 (default model, pre-OWL-v1)",kranjska_120s,sport,h265,gpu_baseline,gpu,iso_quality_interp,1080,9960,,90,0.068,,,,docs/smpte_2026/iso_vmaf_table.csv,"bitrate LINEARLY INTERPOLATED between 5 measured sweep points, not independently measured"
s53_iso_quality_interpolated,RTX 5080 NVENC,"v0.6.1 (default model, pre-OWL-v1)",kranjska_120s,sport,h265,gpu_baseline,gpu,iso_quality_interp,1080,11935,,92,0.069,,,,docs/smpte_2026/iso_vmaf_table.csv,"bitrate LINEARLY INTERPOLATED between 5 measured sweep points, not independently measured"
s53_iso_quality_interpolated,RTX 5080 NVENC,"v0.6.1 (default model, pre-OWL-v1)",kranjska_120s,sport,h265,gpu_baseline,gpu,iso_quality_interp,1080,,,94,,,,,docs/smpte_2026/iso_vmaf_table.csv,target VMAF unreachable in sweep (max measured 93.46)
s53_iso_quality_interpolated,RTX 5080 NVENC,"v0.6.1 (default model, pre-OWL-v1)",kranjska_120s,sport,h265,gpu_baseline,gpu,iso_quality_interp,1080,,,96,,,,,docs/smpte_2026/iso_vmaf_table.csv,target VMAF unreachable in sweep (max measured 93.46)
s53_iso_quality_interpolated,RTX 5080 NVENC,"v0.6.1 (default model, pre-OWL-v1)",kranjska_120s,sport,h265,gpu_tuned,gpu,iso_quality_interp,1080,8286,,88,0.15,,,,docs/smpte_2026/iso_vmaf_table.csv,"bitrate LINEARLY INTERPOLATED between 5 measured sweep points, not independently measured"
s53_iso_quality_interpolated,RTX 5080 NVENC,"v0.6.1 (default model, pre-OWL-v1)",kranjska_120s,sport,h265,gpu_tuned,gpu,iso_quality_interp,1080,9772,,90,0.154,,,,docs/smpte_2026/iso_vmaf_table.csv,"bitrate LINEARLY INTERPOLATED between 5 measured sweep points, not independently measured"
s53_iso_quality_interpolated,RTX 5080 NVENC,"v0.6.1 (default model, pre-OWL-v1)",kranjska_120s,sport,h265,gpu_tuned,gpu,iso_quality_interp,1080,11659,,92,0.156,,,,docs/smpte_2026/iso_vmaf_table.csv,"bitrate LINEARLY INTERPOLATED between 5 measured sweep points, not independently measured"
s53_iso_quality_interpolated,RTX 5080 NVENC,"v0.6.1 (default model, pre-OWL-v1)",kranjska_120s,sport,h265,gpu_tuned,gpu,iso_quality_interp,1080,,,94,,,,,docs/smpte_2026/iso_vmaf_table.csv,target VMAF unreachable in sweep (max measured 93.71)
s53_iso_quality_interpolated,RTX 5080 NVENC,"v0.6.1 (default model, pre-OWL-v1)",kranjska_120s,sport,h265,gpu_tuned,gpu,iso_quality_interp,1080,,,96,,,,,docs/smpte_2026/iso_vmaf_table.csv,target VMAF unreachable in sweep (max measured 93.71)
s53_iso_quality_interpolated,"Ryzen 9 7900 (24c CPU, libx264/libx265/libsvtav1)","v0.6.1 (default model, pre-OWL-v1)",kranjska_120s,sport,av1,cpu,cpu,iso_quality_interp,1080,7239,,88,0.206,,,,docs/smpte_2026/iso_vmaf_table.csv,"bitrate LINEARLY INTERPOLATED between 6 measured sweep points, not independently measured"
s53_iso_quality_interpolated,"Ryzen 9 7900 (24c CPU, libx264/libx265/libsvtav1)","v0.6.1 (default model, pre-OWL-v1)",kranjska_120s,sport,av1,cpu,cpu,iso_quality_interp,1080,8365,,90,0.205,,,,docs/smpte_2026/iso_vmaf_table.csv,"bitrate LINEARLY INTERPOLATED between 6 measured sweep points, not independently measured"
s53_iso_quality_interpolated,"Ryzen 9 7900 (24c CPU, libx264/libx265/libsvtav1)","v0.6.1 (default model, pre-OWL-v1)",kranjska_120s,sport,av1,cpu,cpu,iso_quality_interp,1080,9954,,92,0.21,,,,docs/smpte_2026/iso_vmaf_table.csv,"bitrate LINEARLY INTERPOLATED between 6 measured sweep points, not independently measured"
s53_iso_quality_interpolated,"Ryzen 9 7900 (24c CPU, libx264/libx265/libsvtav1)","v0.6.1 (default model, pre-OWL-v1)",kranjska_120s,sport,av1,cpu,cpu,iso_quality_interp,1080,11675,,94,0.191,,,,docs/smpte_2026/iso_vmaf_table.csv,"bitrate LINEARLY INTERPOLATED between 6 measured sweep points, not independently measured"
s53_iso_quality_interpolated,"Ryzen 9 7900 (24c CPU, libx264/libx265/libsvtav1)","v0.6.1 (default model, pre-OWL-v1)",kranjska_120s,sport,av1,cpu,cpu,iso_quality_interp,1080,,,96,,,,,docs/smpte_2026/iso_vmaf_table.csv,target VMAF unreachable in sweep (max measured 95.49)
s53_iso_quality_interpolated,RTX 5080 NVENC,"v0.6.1 (default model, pre-OWL-v1)",kranjska_120s,sport,av1,gpu_baseline,gpu,iso_quality_interp,1080,7211,,88,0.068,,,,docs/smpte_2026/iso_vmaf_table.csv,"bitrate LINEARLY INTERPOLATED between 6 measured sweep points, not independently measured"
s53_iso_quality_interpolated,RTX 5080 NVENC,"v0.6.1 (default model, pre-OWL-v1)",kranjska_120s,sport,av1,gpu_baseline,gpu,iso_quality_interp,1080,8352,,90,0.067,,,,docs/smpte_2026/iso_vmaf_table.csv,"bitrate LINEARLY INTERPOLATED between 6 measured sweep points, not independently measured"
s53_iso_quality_interpolated,RTX 5080 NVENC,"v0.6.1 (default model, pre-OWL-v1)",kranjska_120s,sport,av1,gpu_baseline,gpu,iso_quality_interp,1080,9937,,92,0.068,,,,docs/smpte_2026/iso_vmaf_table.csv,"bitrate LINEARLY INTERPOLATED between 6 measured sweep points, not independently measured"
s53_iso_quality_interpolated,RTX 5080 NVENC,"v0.6.1 (default model, pre-OWL-v1)",kranjska_120s,sport,av1,gpu_baseline,gpu,iso_quality_interp,1080,11713,,94,0.07,,,,docs/smpte_2026/iso_vmaf_table.csv,"bitrate LINEARLY INTERPOLATED between 6 measured sweep points, not independently measured"
s53_iso_quality_interpolated,RTX 5080 NVENC,"v0.6.1 (default model, pre-OWL-v1)",kranjska_120s,sport,av1,gpu_baseline,gpu,iso_quality_interp,1080,,,96,,,,,docs/smpte_2026/iso_vmaf_table.csv,target VMAF unreachable in sweep (max measured 95.22)
s53_iso_quality_interpolated,RTX 5080 NVENC,"v0.6.1 (default model, pre-OWL-v1)",kranjska_120s,sport,av1,gpu_tuned,gpu,iso_quality_interp,1080,7178,,88,0.116,,,,docs/smpte_2026/iso_vmaf_table.csv,"bitrate LINEARLY INTERPOLATED between 6 measured sweep points, not independently measured"
s53_iso_quality_interpolated,RTX 5080 NVENC,"v0.6.1 (default model, pre-OWL-v1)",kranjska_120s,sport,av1,gpu_tuned,gpu,iso_quality_interp,1080,8209,,90,0.117,,,,docs/smpte_2026/iso_vmaf_table.csv,"bitrate LINEARLY INTERPOLATED between 6 measured sweep points, not independently measured"
s53_iso_quality_interpolated,RTX 5080 NVENC,"v0.6.1 (default model, pre-OWL-v1)",kranjska_120s,sport,av1,gpu_tuned,gpu,iso_quality_interp,1080,9735,,92,0.113,,,,docs/smpte_2026/iso_vmaf_table.csv,"bitrate LINEARLY INTERPOLATED between 6 measured sweep points, not independently measured"
s53_iso_quality_interpolated,RTX 5080 NVENC,"v0.6.1 (default model, pre-OWL-v1)",kranjska_120s,sport,av1,gpu_tuned,gpu,iso_quality_interp,1080,11353,,94,0.11,,,,docs/smpte_2026/iso_vmaf_table.csv,"bitrate LINEARLY INTERPOLATED between 6 measured sweep points, not independently measured"
s53_iso_quality_interpolated,RTX 5080 NVENC,"v0.6.1 (default model, pre-OWL-v1)",kranjska_120s,sport,av1,gpu_tuned,gpu,iso_quality_interp,1080,,,96,,,,,docs/smpte_2026/iso_vmaf_table.csv,target VMAF unreachable in sweep (max measured 95.48)
frozen_amd_typical_use_2026-05-22,AMD RX 7800 XT / Ryzen 9 7900 (frozen pre-swap baseline),"v0.6.1 (default model, pre-OWL-v1)",meridian_120s,low (SI~13/TI~2),h264,cpu,cpu,typical_use_single_point,1080,4000,,94.03,0.39,,1,green (n=1),video/e18a9d57.json (docs/findings/abr-all-codecs-meridian-120s.md),"PRE-GPU-SWAP hardware (AMD, frozen docs/gpu_swap_amd_baseline.md) — do not average with RTX5080/NVENC rows above"
frozen_amd_typical_use_2026-05-22,AMD RX 7800 XT / Ryzen 9 7900 (frozen pre-swap baseline),"v0.6.1 (default model, pre-OWL-v1)",meridian_120s,low (SI~13/TI~2),h264,gpu,gpu,typical_use_single_point,1080,4000,,92.11,0.175,,1,green (n=1),video/e18a9d57.json (docs/findings/abr-all-codecs-meridian-120s.md),"PRE-GPU-SWAP hardware (AMD, frozen docs/gpu_swap_amd_baseline.md) — do not average with RTX5080/NVENC rows above"
frozen_amd_typical_use_2026-05-22,AMD RX 7800 XT / Ryzen 9 7900 (frozen pre-swap baseline),"v0.6.1 (default model, pre-OWL-v1)",meridian_120s,low (SI~13/TI~2),h265,cpu,cpu,typical_use_single_point,1080,2000,,94.09,0.73,,1,green (n=1),video/e18a9d57.json (docs/findings/abr-all-codecs-meridian-120s.md),"PRE-GPU-SWAP hardware (AMD, frozen docs/gpu_swap_amd_baseline.md) — do not average with RTX5080/NVENC rows above"
frozen_amd_typical_use_2026-05-22,AMD RX 7800 XT / Ryzen 9 7900 (frozen pre-swap baseline),"v0.6.1 (default model, pre-OWL-v1)",meridian_120s,low (SI~13/TI~2),h265,gpu,gpu,typical_use_single_point,1080,2000,,92.0,0.15,,1,green (n=1),video/e18a9d57.json (docs/findings/abr-all-codecs-meridian-120s.md),"PRE-GPU-SWAP hardware (AMD, frozen docs/gpu_swap_amd_baseline.md) — do not average with RTX5080/NVENC rows above"
frozen_amd_typical_use_2026-05-22,AMD RX 7800 XT / Ryzen 9 7900 (frozen pre-swap baseline),"v0.6.1 (default model, pre-OWL-v1)",meridian_120s,low (SI~13/TI~2),av1,cpu,cpu,typical_use_single_point,1080,1500,,92.74,0.355,,1,green (n=1),video/e18a9d57.json (docs/findings/abr-all-codecs-meridian-120s.md),"PRE-GPU-SWAP hardware (AMD, frozen docs/gpu_swap_amd_baseline.md) — do not average with RTX5080/NVENC rows above"
frozen_amd_typical_use_2026-05-22,AMD RX 7800 XT / Ryzen 9 7900 (frozen pre-swap baseline),"v0.6.1 (default model, pre-OWL-v1)",meridian_120s,low (SI~13/TI~2),av1,gpu,gpu,typical_use_single_point,1080,1500,,90.79,0.16,,1,green (n=1),video/e18a9d57.json (docs/findings/abr-all-codecs-meridian-120s.md),"PRE-GPU-SWAP hardware (AMD, frozen docs/gpu_swap_amd_baseline.md) — do not average with RTX5080/NVENC rows above"
vp9_vs_trio_sweep_2026-08-17,"Ryzen 9 7900 (24c CPU, software only — no GPU path for VP9 on this box)",v1.0.16 (3d0h) — NOT comparable to v0.6.1 rows above,bbb_120s,high (SI~33/TI~6),h264,medium,cpu,iso_bitrate_sweep,1080,2500,2783,89.7,0.302,,3,green,results/diagnostics/encode_parity_nvenc_24c_2026-08-17.json (docs/vp9_oneoff_2026-08.md §5.1),"encoder 'default'=OWL/S53 operating point, 'slow'/'preset3'/'cpu-used1-2' = Jan Ozer everything-slow set"
vp9_vs_trio_sweep_2026-08-17,"Ryzen 9 7900 (24c CPU, software only — no GPU path for VP9 on this box)",v1.0.16 (3d0h) — NOT comparable to v0.6.1 rows above,bbb_120s,high (SI~33/TI~6),h264,medium,cpu,iso_bitrate_sweep,1080,5000,5675,94.0,0.33,,3,green,results/diagnostics/encode_parity_nvenc_24c_2026-08-17.json (docs/vp9_oneoff_2026-08.md §5.1),"encoder 'default'=OWL/S53 operating point, 'slow'/'preset3'/'cpu-used1-2' = Jan Ozer everything-slow set"
vp9_vs_trio_sweep_2026-08-17,"Ryzen 9 7900 (24c CPU, software only — no GPU path for VP9 on this box)",v1.0.16 (3d0h) — NOT comparable to v0.6.1 rows above,bbb_120s,high (SI~33/TI~6),h264,slow,cpu,iso_bitrate_sweep,1080,2500,2782,89.8,0.375,,3,green,results/diagnostics/encode_parity_nvenc_24c_2026-08-17.json (docs/vp9_oneoff_2026-08.md §5.1),"encoder 'default'=OWL/S53 operating point, 'slow'/'preset3'/'cpu-used1-2' = Jan Ozer everything-slow set"
vp9_vs_trio_sweep_2026-08-17,"Ryzen 9 7900 (24c CPU, software only — no GPU path for VP9 on this box)",v1.0.16 (3d0h) — NOT comparable to v0.6.1 rows above,bbb_120s,high (SI~33/TI~6),h264,slow,cpu,iso_bitrate_sweep,1080,5000,5667,94.2,0.427,,3,green,results/diagnostics/encode_parity_nvenc_24c_2026-08-17.json (docs/vp9_oneoff_2026-08.md §5.1),"encoder 'default'=OWL/S53 operating point, 'slow'/'preset3'/'cpu-used1-2' = Jan Ozer everything-slow set"
vp9_vs_trio_sweep_2026-08-17,"Ryzen 9 7900 (24c CPU, software only — no GPU path for VP9 on this box)",v1.0.16 (3d0h) — NOT comparable to v0.6.1 rows above,bbb_120s,high (SI~33/TI~6),h265,medium,cpu,iso_bitrate_sweep,1080,2500,2867,91.5,0.618,,3,green,results/diagnostics/encode_parity_nvenc_24c_2026-08-17.json (docs/vp9_oneoff_2026-08.md §5.1),"encoder 'default'=OWL/S53 operating point, 'slow'/'preset3'/'cpu-used1-2' = Jan Ozer everything-slow set"
vp9_vs_trio_sweep_2026-08-17,"Ryzen 9 7900 (24c CPU, software only — no GPU path for VP9 on this box)",v1.0.16 (3d0h) — NOT comparable to v0.6.1 rows above,bbb_120s,high (SI~33/TI~6),h265,medium,cpu,iso_bitrate_sweep,1080,5000,5924,94.9,0.718,,3,green,results/diagnostics/encode_parity_nvenc_24c_2026-08-17.json (docs/vp9_oneoff_2026-08.md §5.1),"encoder 'default'=OWL/S53 operating point, 'slow'/'preset3'/'cpu-used1-2' = Jan Ozer everything-slow set"
vp9_vs_trio_sweep_2026-08-17,"Ryzen 9 7900 (24c CPU, software only — no GPU path for VP9 on this box)",v1.0.16 (3d0h) — NOT comparable to v0.6.1 rows above,bbb_120s,high (SI~33/TI~6),h265,slow,cpu,iso_bitrate_sweep,1080,2500,2851,92.7,1.328,,3,green,results/diagnostics/encode_parity_nvenc_24c_2026-08-17.json (docs/vp9_oneoff_2026-08.md §5.1),"encoder 'default'=OWL/S53 operating point, 'slow'/'preset3'/'cpu-used1-2' = Jan Ozer everything-slow set"
vp9_vs_trio_sweep_2026-08-17,"Ryzen 9 7900 (24c CPU, software only — no GPU path for VP9 on this box)",v1.0.16 (3d0h) — NOT comparable to v0.6.1 rows above,bbb_120s,high (SI~33/TI~6),h265,slow,cpu,iso_bitrate_sweep,1080,5000,5903,95.7,1.591,,3,green,results/diagnostics/encode_parity_nvenc_24c_2026-08-17.json (docs/vp9_oneoff_2026-08.md §5.1),"encoder 'default'=OWL/S53 operating point, 'slow'/'preset3'/'cpu-used1-2' = Jan Ozer everything-slow set"
vp9_vs_trio_sweep_2026-08-17,"Ryzen 9 7900 (24c CPU, software only — no GPU path for VP9 on this box)",v1.0.16 (3d0h) — NOT comparable to v0.6.1 rows above,bbb_120s,high (SI~33/TI~6),av1,preset10_default,cpu,iso_bitrate_sweep,1080,2500,2433,94.6,0.482,,3,green,results/diagnostics/encode_parity_nvenc_24c_2026-08-17.json (docs/vp9_oneoff_2026-08.md §5.1),"encoder 'default'=OWL/S53 operating point, 'slow'/'preset3'/'cpu-used1-2' = Jan Ozer everything-slow set"
vp9_vs_trio_sweep_2026-08-17,"Ryzen 9 7900 (24c CPU, software only — no GPU path for VP9 on this box)",v1.0.16 (3d0h) — NOT comparable to v0.6.1 rows above,bbb_120s,high (SI~33/TI~6),av1,preset10_default,cpu,iso_bitrate_sweep,1080,5000,4396,96.6,0.462,,3,green,results/diagnostics/encode_parity_nvenc_24c_2026-08-17.json (docs/vp9_oneoff_2026-08.md §5.1),"encoder 'default'=OWL/S53 operating point, 'slow'/'preset3'/'cpu-used1-2' = Jan Ozer everything-slow set"
vp9_vs_trio_sweep_2026-08-17,"Ryzen 9 7900 (24c CPU, software only — no GPU path for VP9 on this box)",v1.0.16 (3d0h) — NOT comparable to v0.6.1 rows above,bbb_120s,high (SI~33/TI~6),av1,preset3,cpu,iso_bitrate_sweep,1080,2500,2291,95.4,3.744,,3,green,results/diagnostics/encode_parity_nvenc_24c_2026-08-17.json (docs/vp9_oneoff_2026-08.md §5.1),"encoder 'default'=OWL/S53 operating point, 'slow'/'preset3'/'cpu-used1-2' = Jan Ozer everything-slow set"
vp9_vs_trio_sweep_2026-08-17,"Ryzen 9 7900 (24c CPU, software only — no GPU path for VP9 on this box)",v1.0.16 (3d0h) — NOT comparable to v0.6.1 rows above,bbb_120s,high (SI~33/TI~6),av1,preset3,cpu,iso_bitrate_sweep,1080,5000,4108,97.1,3.839,,3,green,results/diagnostics/encode_parity_nvenc_24c_2026-08-17.json (docs/vp9_oneoff_2026-08.md §5.1),"encoder 'default'=OWL/S53 operating point, 'slow'/'preset3'/'cpu-used1-2' = Jan Ozer everything-slow set"
vp9_vs_trio_sweep_2026-08-17,"Ryzen 9 7900 (24c CPU, software only — no GPU path for VP9 on this box)",v1.0.16 (3d0h) — NOT comparable to v0.6.1 rows above,bbb_120s,high (SI~33/TI~6),vp9,cpu-used4,cpu,iso_bitrate_sweep,1080,2500,3661,93.8,1.368,,3,green,results/diagnostics/encode_parity_nvenc_24c_2026-08-17.json (docs/vp9_oneoff_2026-08.md §5.1),"encoder 'default'=OWL/S53 operating point, 'slow'/'preset3'/'cpu-used1-2' = Jan Ozer everything-slow set"
vp9_vs_trio_sweep_2026-08-17,"Ryzen 9 7900 (24c CPU, software only — no GPU path for VP9 on this box)",v1.0.16 (3d0h) — NOT comparable to v0.6.1 rows above,bbb_120s,high (SI~33/TI~6),vp9,cpu-used4,cpu,iso_bitrate_sweep,1080,5000,6393,96.2,1.507,,3,green,results/diagnostics/encode_parity_nvenc_24c_2026-08-17.json (docs/vp9_oneoff_2026-08.md §5.1),"encoder 'default'=OWL/S53 operating point, 'slow'/'preset3'/'cpu-used1-2' = Jan Ozer everything-slow set"
vp9_vs_trio_sweep_2026-08-17,"Ryzen 9 7900 (24c CPU, software only — no GPU path for VP9 on this box)",v1.0.16 (3d0h) — NOT comparable to v0.6.1 rows above,bbb_120s,high (SI~33/TI~6),vp9,cpu-used2,cpu,iso_bitrate_sweep,1080,2500,3594,94.0,1.761,,3,green,results/diagnostics/encode_parity_nvenc_24c_2026-08-17.json (docs/vp9_oneoff_2026-08.md §5.1),"encoder 'default'=OWL/S53 operating point, 'slow'/'preset3'/'cpu-used1-2' = Jan Ozer everything-slow set"
vp9_vs_trio_sweep_2026-08-17,"Ryzen 9 7900 (24c CPU, software only — no GPU path for VP9 on this box)",v1.0.16 (3d0h) — NOT comparable to v0.6.1 rows above,bbb_120s,high (SI~33/TI~6),vp9,cpu-used2,cpu,iso_bitrate_sweep,1080,5000,6325,96.4,1.962,,3,green,results/diagnostics/encode_parity_nvenc_24c_2026-08-17.json (docs/vp9_oneoff_2026-08.md §5.1),"encoder 'default'=OWL/S53 operating point, 'slow'/'preset3'/'cpu-used1-2' = Jan Ozer everything-slow set"
vp9_vs_trio_sweep_2026-08-17,"Ryzen 9 7900 (24c CPU, software only — no GPU path for VP9 on this box)",v1.0.16 (3d0h) — NOT comparable to v0.6.1 rows above,bbb_120s,high (SI~33/TI~6),vp9,cpu-used1,cpu,iso_bitrate_sweep,1080,2500,3620,94.2,2.295,,3,green,results/diagnostics/encode_parity_nvenc_24c_2026-08-17.json (docs/vp9_oneoff_2026-08.md §5.1),"encoder 'default'=OWL/S53 operating point, 'slow'/'preset3'/'cpu-used1-2' = Jan Ozer everything-slow set"
vp9_vs_trio_sweep_2026-08-17,"Ryzen 9 7900 (24c CPU, software only — no GPU path for VP9 on this box)",v1.0.16 (3d0h) — NOT comparable to v0.6.1 rows above,bbb_120s,high (SI~33/TI~6),vp9,cpu-used1,cpu,iso_bitrate_sweep,1080,5000,6411,96.6,2.518,,3,green,results/diagnostics/encode_parity_nvenc_24c_2026-08-17.json (docs/vp9_oneoff_2026-08.md §5.1),"encoder 'default'=OWL/S53 operating point, 'slow'/'preset3'/'cpu-used1-2' = Jan Ozer everything-slow set"
vp9_vs_trio_sweep_2026-08-17,"Ryzen 9 7900 (24c CPU, software only — no GPU path for VP9 on this box)",v1.0.16 (3d0h) — NOT comparable to v0.6.1 rows above,meridian_120s,low (SI~13/TI~2),h264,medium,cpu,iso_bitrate_sweep,1080,2500,2433,88.9,0.343,,3,green,results/diagnostics/encode_parity_nvenc_24c_2026-08-17.json (docs/vp9_oneoff_2026-08.md §5.1),"encoder 'default'=OWL/S53 operating point, 'slow'/'preset3'/'cpu-used1-2' = Jan Ozer everything-slow set"
vp9_vs_trio_sweep_2026-08-17,"Ryzen 9 7900 (24c CPU, software only — no GPU path for VP9 on this box)",v1.0.16 (3d0h) — NOT comparable to v0.6.1 rows above,meridian_120s,low (SI~13/TI~2),h264,medium,cpu,iso_bitrate_sweep,1080,5000,4890,93.3,0.389,,3,green,results/diagnostics/encode_parity_nvenc_24c_2026-08-17.json (docs/vp9_oneoff_2026-08.md §5.1),"encoder 'default'=OWL/S53 operating point, 'slow'/'preset3'/'cpu-used1-2' = Jan Ozer everything-slow set"
vp9_vs_trio_sweep_2026-08-17,"Ryzen 9 7900 (24c CPU, software only — no GPU path for VP9 on this box)",v1.0.16 (3d0h) — NOT comparable to v0.6.1 rows above,meridian_120s,low (SI~13/TI~2),h264,slow,cpu,iso_bitrate_sweep,1080,2500,2439,90.2,0.407,,2,green,results/diagnostics/encode_parity_nvenc_24c_2026-08-17.json (docs/vp9_oneoff_2026-08.md §5.1),"encoder 'default'=OWL/S53 operating point, 'slow'/'preset3'/'cpu-used1-2' = Jan Ozer everything-slow set"
vp9_vs_trio_sweep_2026-08-17,"Ryzen 9 7900 (24c CPU, software only — no GPU path for VP9 on this box)",v1.0.16 (3d0h) — NOT comparable to v0.6.1 rows above,meridian_120s,low (SI~13/TI~2),h264,slow,cpu,iso_bitrate_sweep,1080,5000,4898,94.2,0.55,,3,green,results/diagnostics/encode_parity_nvenc_24c_2026-08-17.json (docs/vp9_oneoff_2026-08.md §5.1),"encoder 'default'=OWL/S53 operating point, 'slow'/'preset3'/'cpu-used1-2' = Jan Ozer everything-slow set"
vp9_vs_trio_sweep_2026-08-17,"Ryzen 9 7900 (24c CPU, software only — no GPU path for VP9 on this box)",v1.0.16 (3d0h) — NOT comparable to v0.6.1 rows above,meridian_120s,low (SI~13/TI~2),h265,medium,cpu,iso_bitrate_sweep,1080,2500,2464,90.0,0.663,,3,green,results/diagnostics/encode_parity_nvenc_24c_2026-08-17.json (docs/vp9_oneoff_2026-08.md §5.1),"encoder 'default'=OWL/S53 operating point, 'slow'/'preset3'/'cpu-used1-2' = Jan Ozer everything-slow set"
vp9_vs_trio_sweep_2026-08-17,"Ryzen 9 7900 (24c CPU, software only — no GPU path for VP9 on this box)",v1.0.16 (3d0h) — NOT comparable to v0.6.1 rows above,meridian_120s,low (SI~13/TI~2),h265,medium,cpu,iso_bitrate_sweep,1080,5000,4926,92.8,0.765,,3,green,results/diagnostics/encode_parity_nvenc_24c_2026-08-17.json (docs/vp9_oneoff_2026-08.md §5.1),"encoder 'default'=OWL/S53 operating point, 'slow'/'preset3'/'cpu-used1-2' = Jan Ozer everything-slow set"
vp9_vs_trio_sweep_2026-08-17,"Ryzen 9 7900 (24c CPU, software only — no GPU path for VP9 on this box)",v1.0.16 (3d0h) — NOT comparable to v0.6.1 rows above,meridian_120s,low (SI~13/TI~2),h265,slow,cpu,iso_bitrate_sweep,1080,2500,2463,90.5,1.685,,3,green,results/diagnostics/encode_parity_nvenc_24c_2026-08-17.json (docs/vp9_oneoff_2026-08.md §5.1),"encoder 'default'=OWL/S53 operating point, 'slow'/'preset3'/'cpu-used1-2' = Jan Ozer everything-slow set"
vp9_vs_trio_sweep_2026-08-17,"Ryzen 9 7900 (24c CPU, software only — no GPU path for VP9 on this box)",v1.0.16 (3d0h) — NOT comparable to v0.6.1 rows above,meridian_120s,low (SI~13/TI~2),h265,slow,cpu,iso_bitrate_sweep,1080,5000,4924,93.3,2.097,,3,green,results/diagnostics/encode_parity_nvenc_24c_2026-08-17.json (docs/vp9_oneoff_2026-08.md §5.1),"encoder 'default'=OWL/S53 operating point, 'slow'/'preset3'/'cpu-used1-2' = Jan Ozer everything-slow set"
vp9_vs_trio_sweep_2026-08-17,"Ryzen 9 7900 (24c CPU, software only — no GPU path for VP9 on this box)",v1.0.16 (3d0h) — NOT comparable to v0.6.1 rows above,meridian_120s,low (SI~13/TI~2),av1,preset10_default,cpu,iso_bitrate_sweep,1080,2500,1690,88.3,0.358,,3,green,results/diagnostics/encode_parity_nvenc_24c_2026-08-17.json (docs/vp9_oneoff_2026-08.md §5.1),"encoder 'default'=OWL/S53 operating point, 'slow'/'preset3'/'cpu-used1-2' = Jan Ozer everything-slow set"
vp9_vs_trio_sweep_2026-08-17,"Ryzen 9 7900 (24c CPU, software only — no GPU path for VP9 on this box)",v1.0.16 (3d0h) — NOT comparable to v0.6.1 rows above,meridian_120s,low (SI~13/TI~2),av1,preset10_default,cpu,iso_bitrate_sweep,1080,5000,3397,90.6,0.378,,3,green,results/diagnostics/encode_parity_nvenc_24c_2026-08-17.json (docs/vp9_oneoff_2026-08.md §5.1),"encoder 'default'=OWL/S53 operating point, 'slow'/'preset3'/'cpu-used1-2' = Jan Ozer everything-slow set"
vp9_vs_trio_sweep_2026-08-17,"Ryzen 9 7900 (24c CPU, software only — no GPU path for VP9 on this box)",v1.0.16 (3d0h) — NOT comparable to v0.6.1 rows above,meridian_120s,low (SI~13/TI~2),av1,preset3,cpu,iso_bitrate_sweep,1080,2500,1715,89.0,4.704,,3,green,results/diagnostics/encode_parity_nvenc_24c_2026-08-17.json (docs/vp9_oneoff_2026-08.md §5.1),"encoder 'default'=OWL/S53 operating point, 'slow'/'preset3'/'cpu-used1-2' = Jan Ozer everything-slow set"
vp9_vs_trio_sweep_2026-08-17,"Ryzen 9 7900 (24c CPU, software only — no GPU path for VP9 on this box)",v1.0.16 (3d0h) — NOT comparable to v0.6.1 rows above,meridian_120s,low (SI~13/TI~2),av1,preset3,cpu,iso_bitrate_sweep,1080,5000,3473,91.5,5.61,,3,green,results/diagnostics/encode_parity_nvenc_24c_2026-08-17.json (docs/vp9_oneoff_2026-08.md §5.1),"encoder 'default'=OWL/S53 operating point, 'slow'/'preset3'/'cpu-used1-2' = Jan Ozer everything-slow set"
vp9_vs_trio_sweep_2026-08-17,"Ryzen 9 7900 (24c CPU, software only — no GPU path for VP9 on this box)",v1.0.16 (3d0h) — NOT comparable to v0.6.1 rows above,meridian_120s,low (SI~13/TI~2),vp9,cpu-used4,cpu,iso_bitrate_sweep,1080,2500,2780,87.5,1.667,,3,green,results/diagnostics/encode_parity_nvenc_24c_2026-08-17.json (docs/vp9_oneoff_2026-08.md §5.1),"encoder 'default'=OWL/S53 operating point, 'slow'/'preset3'/'cpu-used1-2' = Jan Ozer everything-slow set"
vp9_vs_trio_sweep_2026-08-17,"Ryzen 9 7900 (24c CPU, software only — no GPU path for VP9 on this box)",v1.0.16 (3d0h) — NOT comparable to v0.6.1 rows above,meridian_120s,low (SI~13/TI~2),vp9,cpu-used4,cpu,iso_bitrate_sweep,1080,5000,5439,90.0,1.956,,3,green,results/diagnostics/encode_parity_nvenc_24c_2026-08-17.json (docs/vp9_oneoff_2026-08.md §5.1),"encoder 'default'=OWL/S53 operating point, 'slow'/'preset3'/'cpu-used1-2' = Jan Ozer everything-slow set"
vp9_vs_trio_sweep_2026-08-17,"Ryzen 9 7900 (24c CPU, software only — no GPU path for VP9 on this box)",v1.0.16 (3d0h) — NOT comparable to v0.6.1 rows above,meridian_120s,low (SI~13/TI~2),vp9,cpu-used2,cpu,iso_bitrate_sweep,1080,2500,2796,87.7,2.191,,2,green,results/diagnostics/encode_parity_nvenc_24c_2026-08-17.json (docs/vp9_oneoff_2026-08.md §5.1),"encoder 'default'=OWL/S53 operating point, 'slow'/'preset3'/'cpu-used1-2' = Jan Ozer everything-slow set"
vp9_vs_trio_sweep_2026-08-17,"Ryzen 9 7900 (24c CPU, software only — no GPU path for VP9 on this box)",v1.0.16 (3d0h) — NOT comparable to v0.6.1 rows above,meridian_120s,low (SI~13/TI~2),vp9,cpu-used2,cpu,iso_bitrate_sweep,1080,5000,5383,90.7,2.577,,3,green,results/diagnostics/encode_parity_nvenc_24c_2026-08-17.json (docs/vp9_oneoff_2026-08.md §5.1),"encoder 'default'=OWL/S53 operating point, 'slow'/'preset3'/'cpu-used1-2' = Jan Ozer everything-slow set"
vp9_vs_trio_sweep_2026-08-17,"Ryzen 9 7900 (24c CPU, software only — no GPU path for VP9 on this box)",v1.0.16 (3d0h) — NOT comparable to v0.6.1 rows above,meridian_120s,low (SI~13/TI~2),vp9,cpu-used1,cpu,iso_bitrate_sweep,1080,2500,2822,88.2,2.435,,3,green,results/diagnostics/encode_parity_nvenc_24c_2026-08-17.json (docs/vp9_oneoff_2026-08.md §5.1),"encoder 'default'=OWL/S53 operating point, 'slow'/'preset3'/'cpu-used1-2' = Jan Ozer everything-slow set"
vp9_vs_trio_sweep_2026-08-17,"Ryzen 9 7900 (24c CPU, software only — no GPU path for VP9 on this box)",v1.0.16 (3d0h) — NOT comparable to v0.6.1 rows above,meridian_120s,low (SI~13/TI~2),vp9,cpu-used1,cpu,iso_bitrate_sweep,1080,5000,5407,91.6,2.945,,3,green,results/diagnostics/encode_parity_nvenc_24c_2026-08-17.json (docs/vp9_oneoff_2026-08.md §5.1),"encoder 'default'=OWL/S53 operating point, 'slow'/'preset3'/'cpu-used1-2' = Jan Ozer everything-slow set"
kranjska_isolated_video_ui_runs_2026-06,"Ryzen 9 7900 (24c CPU, libx264/libx265/libsvtav1)","v0.6.1 (default model, pre-OWL-v1)",kranjska_120s,sport (SI~101/TI~45),h264,cpu,cpu,typical_use_isolated,1080,4000,3997.5,46.27,0.2059,71.64,1,🟢,results/video/2026-06-19_f2c2ac40.json,"live /video UI job (not the S53 harness), typical-use fixed bitrate, 4:3 source pillarboxed to 1440x1080 *** ANOMALOUS: sourced from kranjska_dh_120s.webm, not the canonical .mp4 -- do NOT pool with the other kranjska_120s rows in this dataset ***"
kranjska_isolated_video_ui_runs_2026-06,RTX 5080 NVENC,"v0.6.1 (default model, pre-OWL-v1)",kranjska_120s,sport (SI~101/TI~45),h264,gpu,gpu,typical_use_isolated,1080,4000,4021.1,46.9,0.0425,51.8,1,🟡,results/video/2026-06-19_f2c2ac40.json,"live /video UI job (not the S53 harness), typical-use fixed bitrate, 4:3 source pillarboxed to 1440x1080 *** ANOMALOUS: sourced from kranjska_dh_120s.webm, not the canonical .mp4 -- do NOT pool with the other kranjska_120s rows in this dataset ***"
kranjska_isolated_video_ui_runs_2026-06,RTX 5080 NVENC,"v0.6.1 (default model, pre-OWL-v1)",kranjska_120s,sport (SI~101/TI~45),h264,gpu,gpu,typical_use_isolated,1080,4000,4022.9,69.56,0.0336,38.47,1,🟡,results/video/2026-06-20_1efc7e0d.json,"live /video UI job (not the S53 harness), typical-use fixed bitrate, 4:3 source pillarboxed to 1440x1080"
kranjska_isolated_video_ui_runs_2026-06,RTX 5080 NVENC,"v0.6.1 (default model, pre-OWL-v1)",kranjska_120s,sport (SI~101/TI~45),h265,gpu,gpu,typical_use_isolated,1080,2000,2009.0,58.04,0.0348,39.75,1,🟡,results/video/2026-06-20_1efc7e0d.json,"live /video UI job (not the S53 harness), typical-use fixed bitrate, 4:3 source pillarboxed to 1440x1080"
kranjska_isolated_video_ui_runs_2026-06,RTX 5080 NVENC,"v0.6.1 (default model, pre-OWL-v1)",kranjska_120s,sport (SI~101/TI~45),av1,gpu,gpu,typical_use_isolated,1080,1500,1507.3,54.03,0.0426,47.95,1,🟡,results/video/2026-06-20_1efc7e0d.json,"live /video UI job (not the S53 harness), typical-use fixed bitrate, 4:3 source pillarboxed to 1440x1080"
kranjska_isolated_video_ui_runs_2026-06,"Ryzen 9 7900 (24c CPU, libx264/libx265/libsvtav1)","v0.6.1 (default model, pre-OWL-v1)",kranjska_120s,sport (SI~101/TI~45),h264,cpu,cpu,typical_use_isolated,1080,4000,3997.1,69.59,0.1994,66.49,1,🟢,results/video/2026-06-20_62bf87ae.json,"live /video UI job (not the S53 harness), typical-use fixed bitrate, 4:3 source pillarboxed to 1440x1080"
kranjska_isolated_video_ui_runs_2026-06,RTX 5080 NVENC,"v0.6.1 (default model, pre-OWL-v1)",kranjska_120s,sport (SI~101/TI~45),h264,gpu,gpu,typical_use_isolated,1080,4000,4022.9,69.56,0.0321,36.71,1,🟡,results/video/2026-06-20_62bf87ae.json,"live /video UI job (not the S53 harness), typical-use fixed bitrate, 4:3 source pillarboxed to 1440x1080"
kranjska_isolated_video_ui_runs_2026-06,"Ryzen 9 7900 (24c CPU, libx264/libx265/libsvtav1)","v0.6.1 (default model, pre-OWL-v1)",kranjska_120s,sport (SI~101/TI~45),h265,cpu,cpu,typical_use_isolated,1080,2000,2003.7,55.95,0.4758,68.52,1,🟢,results/video/2026-06-20_62bf87ae.json,"live /video UI job (not the S53 harness), typical-use fixed bitrate, 4:3 source pillarboxed to 1440x1080"
kranjska_isolated_video_ui_runs_2026-06,RTX 5080 NVENC,"v0.6.1 (default model, pre-OWL-v1)",kranjska_120s,sport (SI~101/TI~45),h265,gpu,gpu,typical_use_isolated,1080,2000,2009.0,58.04,0.04,45.72,1,🟡,results/video/2026-06-20_62bf87ae.json,"live /video UI job (not the S53 harness), typical-use fixed bitrate, 4:3 source pillarboxed to 1440x1080"
kranjska_isolated_video_ui_runs_2026-06,"Ryzen 9 7900 (24c CPU, libx264/libx265/libsvtav1)","v0.6.1 (default model, pre-OWL-v1)",kranjska_120s,sport (SI~101/TI~45),av1,cpu,cpu,typical_use_isolated,1080,1500,1241.0,50.68,0.1667,68.2,1,🟢,results/video/2026-06-20_62bf87ae.json,"live /video UI job (not the S53 harness), typical-use fixed bitrate, 4:3 source pillarboxed to 1440x1080"
kranjska_isolated_video_ui_runs_2026-06,RTX 5080 NVENC,"v0.6.1 (default model, pre-OWL-v1)",kranjska_120s,sport (SI~101/TI~45),av1,gpu,gpu,typical_use_isolated,1080,1500,1507.3,54.03,0.0389,43.76,1,🟡,results/video/2026-06-20_62bf87ae.json,"live /video UI job (not the S53 harness), typical-use fixed bitrate, 4:3 source pillarboxed to 1440x1080"
kranjska_isolated_video_ui_runs_2026-06,"Ryzen 9 7900 (24c CPU, libx264/libx265/libsvtav1)","v0.6.1 (default model, pre-OWL-v1)",kranjska_120s,sport (SI~101/TI~45),h264,cpu,cpu,typical_use_isolated,1080,4000,3997.1,69.59,0.2124,70.46,1,🟢,results/video/2026-06-29_c017beb2.json,"live /video UI job (not the S53 harness), typical-use fixed bitrate, 4:3 source pillarboxed to 1440x1080"
kranjska_isolated_video_ui_runs_2026-06,RTX 5080 NVENC,"v0.6.1 (default model, pre-OWL-v1)",kranjska_120s,sport (SI~101/TI~45),h264,gpu,gpu,typical_use_isolated,1080,4000,4022.9,69.56,0.0387,44.3,1,🟡,results/video/2026-06-29_c017beb2.json,"live /video UI job (not the S53 harness), typical-use fixed bitrate, 4:3 source pillarboxed to 1440x1080"
kranjska_isolated_video_ui_runs_2026-06,"Ryzen 9 7900 (24c CPU, libx264/libx265/libsvtav1)","v0.6.1 (default model, pre-OWL-v1)",kranjska_120s,sport (SI~101/TI~45),h265,cpu,cpu,typical_use_isolated,1080,2000,2003.7,55.95,0.5088,72.97,1,🟢,results/video/2026-06-29_c017beb2.json,"live /video UI job (not the S53 harness), typical-use fixed bitrate, 4:3 source pillarboxed to 1440x1080"
kranjska_isolated_video_ui_runs_2026-06,RTX 5080 NVENC,"v0.6.1 (default model, pre-OWL-v1)",kranjska_120s,sport (SI~101/TI~45),h265,gpu,gpu,typical_use_isolated,1080,2000,2009.0,58.04,0.0358,40.97,1,🟡,results/video/2026-06-29_c017beb2.json,"live /video UI job (not the S53 harness), typical-use fixed bitrate, 4:3 source pillarboxed to 1440x1080"
kranjska_isolated_video_ui_runs_2026-06,"Ryzen 9 7900 (24c CPU, libx264/libx265/libsvtav1)","v0.6.1 (default model, pre-OWL-v1)",kranjska_120s,sport (SI~101/TI~45),av1,cpu,cpu,typical_use_isolated,1080,1500,1246.6,50.86,0.1655,66.95,1,🟢,results/video/2026-06-29_c017beb2.json,"live /video UI job (not the S53 harness), typical-use fixed bitrate, 4:3 source pillarboxed to 1440x1080"
kranjska_isolated_video_ui_runs_2026-06,RTX 5080 NVENC,"v0.6.1 (default model, pre-OWL-v1)",kranjska_120s,sport (SI~101/TI~45),av1,gpu,gpu,typical_use_isolated,1080,1500,1507.3,54.03,0.0386,43.42,1,🟡,results/video/2026-06-29_c017beb2.json,"live /video UI job (not the S53 harness), typical-use fixed bitrate, 4:3 source pillarboxed to 1440x1080"
kranjska_isolated_video_ui_runs_2026-06,"Ryzen 9 7900 (24c CPU, libx264/libx265/libsvtav1)","v0.6.1 (default model, pre-OWL-v1)",kranjska_full,sport (SI~101/TI~45),h264,cpu,cpu,typical_use_isolated,1080,4000,4018.1,61.81,0.2373,77.37,1,🟢,results/video/2026-06-29_36879b34.json,"live /video UI job (not the S53 harness), typical-use fixed bitrate, 4:3 source pillarboxed to 1440x1080 (full 6:40 clip, not the 120s extract used elsewhere in this file)"
kranjska_isolated_video_ui_runs_2026-06,RTX 5080 NVENC,"v0.6.1 (default model, pre-OWL-v1)",kranjska_full,sport (SI~101/TI~45),h264,gpu,gpu,typical_use_isolated,1080,4000,4006.7,62.17,0.0485,55.68,1,🟢,results/video/2026-06-29_36879b34.json,"live /video UI job (not the S53 harness), typical-use fixed bitrate, 4:3 source pillarboxed to 1440x1080 (full 6:40 clip, not the 120s extract used elsewhere in this file)"
kranjska_isolated_video_ui_runs_2026-06,"Ryzen 9 7900 (24c CPU, libx264/libx265/libsvtav1)","v0.6.1 (default model, pre-OWL-v1)",kranjska_full,sport (SI~101/TI~45),h265,cpu,cpu,typical_use_isolated,1080,2000,2007.0,47.95,0.5304,75.37,1,🟢,results/video/2026-06-29_36879b34.json,"live /video UI job (not the S53 harness), typical-use fixed bitrate, 4:3 source pillarboxed to 1440x1080 (full 6:40 clip, not the 120s extract used elsewhere in this file)"
kranjska_isolated_video_ui_runs_2026-06,RTX 5080 NVENC,"v0.6.1 (default model, pre-OWL-v1)",kranjska_full,sport (SI~101/TI~45),h265,gpu,gpu,typical_use_isolated,1080,2000,2005.3,50.36,0.0483,55.49,1,🟢,results/video/2026-06-29_36879b34.json,"live /video UI job (not the S53 harness), typical-use fixed bitrate, 4:3 source pillarboxed to 1440x1080 (full 6:40 clip, not the 120s extract used elsewhere in this file)"
kranjska_isolated_video_ui_runs_2026-06,"Ryzen 9 7900 (24c CPU, libx264/libx265/libsvtav1)","v0.6.1 (default model, pre-OWL-v1)",kranjska_full,sport (SI~101/TI~45),av1,cpu,cpu,typical_use_isolated,1080,1500,1037.5,39.63,0.1746,74.03,1,🟢,results/video/2026-06-29_36879b34.json,"live /video UI job (not the S53 harness), typical-use fixed bitrate, 4:3 source pillarboxed to 1440x1080 (full 6:40 clip, not the 120s extract used elsewhere in this file)"
kranjska_isolated_video_ui_runs_2026-06,RTX 5080 NVENC,"v0.6.1 (default model, pre-OWL-v1)",kranjska_full,sport (SI~101/TI~45),av1,gpu,gpu,typical_use_isolated,1080,1500,1504.9,46.8,0.0499,57.06,1,🟢,results/video/2026-06-29_36879b34.json,"live /video UI job (not the S53 harness), typical-use fixed bitrate, 4:3 source pillarboxed to 1440x1080 (full 6:40 clip, not the 120s extract used elsewhere in this file)"
readysetgo_iso_bitrate_sweep_2026-08-28,"Ryzen 9 7900 (24c CPU, libx264/libx265/libsvtav1)","v0.6.1 (default model, pre-OWL-v1)",readysetgo_30s,"sport (SI~38.5/TI~40.4, measured 2026-08-28)",h264,cpu,cpu,sweep,1080,3000,3037.0,70.45,0.4839,67.26,2,Repeatable,results/calibration/_staging/encode_parity_readysetgo_2026-08-28_final.json,measured point
readysetgo_iso_bitrate_sweep_2026-08-28,RTX 5080 NVENC,"v0.6.1 (default model, pre-OWL-v1)",readysetgo_30s,"sport (SI~38.5/TI~40.4, measured 2026-08-28)",h264,gpu_baseline,gpu,sweep,1080,3000,3004.9,69.29,0.1809,54.26,4,Repeatable,results/calibration/_staging/encode_parity_readysetgo_2026-08-28_final.json,measured point
readysetgo_iso_bitrate_sweep_2026-08-28,RTX 5080 NVENC,"v0.6.1 (default model, pre-OWL-v1)",readysetgo_30s,"sport (SI~38.5/TI~40.4, measured 2026-08-28)",h264,gpu_tuned,gpu,sweep,1080,3000,3002.4,65.45,0.2703,52.7,3,Repeatable,results/calibration/_staging/encode_parity_readysetgo_2026-08-28_final.json,measured point
readysetgo_iso_bitrate_sweep_2026-08-28,"Ryzen 9 7900 (24c CPU, libx264/libx265/libsvtav1)","v0.6.1 (default model, pre-OWL-v1)",readysetgo_30s,"sport (SI~38.5/TI~40.4, measured 2026-08-28)",h264,cpu,cpu,sweep,1080,4500,4554.6,85.47,0.5188,68.92,2,Repeatable,results/calibration/_staging/encode_parity_readysetgo_2026-08-28_final.json,measured point
readysetgo_iso_bitrate_sweep_2026-08-28,RTX 5080 NVENC,"v0.6.1 (default model, pre-OWL-v1)",readysetgo_30s,"sport (SI~38.5/TI~40.4, measured 2026-08-28)",h264,gpu_baseline,gpu,sweep,1080,4500,4508.2,84.64,0.1764,52.91,4,Repeatable,results/calibration/_staging/encode_parity_readysetgo_2026-08-28_final.json,measured point
readysetgo_iso_bitrate_sweep_2026-08-28,RTX 5080 NVENC,"v0.6.1 (default model, pre-OWL-v1)",readysetgo_30s,"sport (SI~38.5/TI~40.4, measured 2026-08-28)",h264,gpu_tuned,gpu,sweep,1080,4500,4507.4,82.91,0.2515,49.39,3,Repeatable,results/calibration/_staging/encode_parity_readysetgo_2026-08-28_final.json,measured point
readysetgo_iso_bitrate_sweep_2026-08-28,"Ryzen 9 7900 (24c CPU, libx264/libx265/libsvtav1)","v0.6.1 (default model, pre-OWL-v1)",readysetgo_30s,"sport (SI~38.5/TI~40.4, measured 2026-08-28)",h264,cpu,cpu,sweep,1080,6000,6070.9,93.98,0.5295,67.6,2,Repeatable,results/calibration/_staging/encode_parity_readysetgo_2026-08-28_final.json,measured point
readysetgo_iso_bitrate_sweep_2026-08-28,RTX 5080 NVENC,"v0.6.1 (default model, pre-OWL-v1)",readysetgo_30s,"sport (SI~38.5/TI~40.4, measured 2026-08-28)",h264,gpu_baseline,gpu,sweep,1080,6000,6016.5,92.97,0.1739,52.18,4,Repeatable,results/calibration/_staging/encode_parity_readysetgo_2026-08-28_final.json,measured point
readysetgo_iso_bitrate_sweep_2026-08-28,RTX 5080 NVENC,"v0.6.1 (default model, pre-OWL-v1)",readysetgo_30s,"sport (SI~38.5/TI~40.4, measured 2026-08-28)",h264,gpu_tuned,gpu,sweep,1080,6000,6016.4,92.1,0.2631,51.85,3,Repeatable,results/calibration/_staging/encode_parity_readysetgo_2026-08-28_final.json,measured point
readysetgo_iso_bitrate_sweep_2026-08-28,"Ryzen 9 7900 (24c CPU, libx264/libx265/libsvtav1)","v0.6.1 (default model, pre-OWL-v1)",readysetgo_30s,"sport (SI~38.5/TI~40.4, measured 2026-08-28)",h264,cpu,cpu,sweep,1080,8000,8094.0,98.29,0.554,68.07,2,Repeatable,results/calibration/_staging/encode_parity_readysetgo_2026-08-28_final.json,measured point
readysetgo_iso_bitrate_sweep_2026-08-28,RTX 5080 NVENC,"v0.6.1 (default model, pre-OWL-v1)",readysetgo_30s,"sport (SI~38.5/TI~40.4, measured 2026-08-28)",h264,gpu_baseline,gpu,sweep,1080,8000,8031.9,97.83,0.1728,51.63,4,Repeatable,results/calibration/_staging/encode_parity_readysetgo_2026-08-28_final.json,measured point
readysetgo_iso_bitrate_sweep_2026-08-28,RTX 5080 NVENC,"v0.6.1 (default model, pre-OWL-v1)",readysetgo_30s,"sport (SI~38.5/TI~40.4, measured 2026-08-28)",h264,gpu_tuned,gpu,sweep,1080,8000,8035.6,97.62,0.2554,50.33,3,Repeatable,results/calibration/_staging/encode_parity_readysetgo_2026-08-28_final.json,measured point
readysetgo_iso_bitrate_sweep_2026-08-28,"Ryzen 9 7900 (24c CPU, libx264/libx265/libsvtav1)","v0.6.1 (default model, pre-OWL-v1)",readysetgo_30s,"sport (SI~38.5/TI~40.4, measured 2026-08-28)",h264,cpu,cpu,sweep,1080,11000,11127.0,99.71,0.5966,70.19,2,Repeatable,results/calibration/_staging/encode_parity_readysetgo_2026-08-28_final.json,measured point
readysetgo_iso_bitrate_sweep_2026-08-28,RTX 5080 NVENC,"v0.6.1 (default model, pre-OWL-v1)",readysetgo_30s,"sport (SI~38.5/TI~40.4, measured 2026-08-28)",h264,gpu_baseline,gpu,sweep,1080,11000,11051.3,99.53,0.1797,53.67,4,Repeatable,results/calibration/_staging/encode_parity_readysetgo_2026-08-28_final.json,measured point
readysetgo_iso_bitrate_sweep_2026-08-28,RTX 5080 NVENC,"v0.6.1 (default model, pre-OWL-v1)",readysetgo_30s,"sport (SI~38.5/TI~40.4, measured 2026-08-28)",h264,gpu_tuned,gpu,sweep,1080,11000,11051.4,99.53,0.262,52.2,3,Repeatable,results/calibration/_staging/encode_parity_readysetgo_2026-08-28_final.json,measured point
readysetgo_iso_bitrate_sweep_2026-08-28,"Ryzen 9 7900 (24c CPU, libx264/libx265/libsvtav1)","v0.6.1 (default model, pre-OWL-v1)",readysetgo_30s,"sport (SI~38.5/TI~40.4, measured 2026-08-28)",h264,cpu,cpu,sweep,1080,13000,13145.0,99.89,0.6197,70.82,2,Repeatable,results/calibration/_staging/encode_parity_readysetgo_2026-08-28_final.json,measured point
readysetgo_iso_bitrate_sweep_2026-08-28,RTX 5080 NVENC,"v0.6.1 (default model, pre-OWL-v1)",readysetgo_30s,"sport (SI~38.5/TI~40.4, measured 2026-08-28)",h264,gpu_baseline,gpu,sweep,1080,13000,13064.1,99.77,0.1794,53.36,4,Repeatable,results/calibration/_staging/encode_parity_readysetgo_2026-08-28_final.json,measured point
readysetgo_iso_bitrate_sweep_2026-08-28,RTX 5080 NVENC,"v0.6.1 (default model, pre-OWL-v1)",readysetgo_30s,"sport (SI~38.5/TI~40.4, measured 2026-08-28)",h264,gpu_tuned,gpu,sweep,1080,13000,13065.5,99.81,0.2676,53.13,3,Repeatable,results/calibration/_staging/encode_parity_readysetgo_2026-08-28_final.json,measured point
readysetgo_iso_bitrate_sweep_2026-08-28,"Ryzen 9 7900 (24c CPU, libx264/libx265/libsvtav1)","v0.6.1 (default model, pre-OWL-v1)",readysetgo_30s,"sport (SI~38.5/TI~40.4, measured 2026-08-28)",h264,cpu,cpu,sweep,1080,15000,15162.8,99.93,0.6254,69.28,2,Repeatable,results/calibration/_staging/encode_parity_readysetgo_2026-08-28_final.json,measured point
readysetgo_iso_bitrate_sweep_2026-08-28,RTX 5080 NVENC,"v0.6.1 (default model, pre-OWL-v1)",readysetgo_30s,"sport (SI~38.5/TI~40.4, measured 2026-08-28)",h264,gpu_baseline,gpu,sweep,1080,15000,15071.1,99.87,0.179,53.93,4,Repeatable,results/calibration/_staging/encode_parity_readysetgo_2026-08-28_final.json,measured point
readysetgo_iso_bitrate_sweep_2026-08-28,RTX 5080 NVENC,"v0.6.1 (default model, pre-OWL-v1)",readysetgo_30s,"sport (SI~38.5/TI~40.4, measured 2026-08-28)",h264,gpu_tuned,gpu,sweep,1080,15000,15074.3,99.9,0.2639,52.39,3,Repeatable,results/calibration/_staging/encode_parity_readysetgo_2026-08-28_final.json,measured point
readysetgo_iso_bitrate_sweep_2026-08-28,"Ryzen 9 7900 (24c CPU, libx264/libx265/libsvtav1)","v0.6.1 (default model, pre-OWL-v1)",readysetgo_30s,"sport (SI~38.5/TI~40.4, measured 2026-08-28)",h265,cpu,cpu,sweep,1080,1500,1518.1,64.55,0.8022,66.85,1,Repeatable,results/calibration/_staging/encode_parity_readysetgo_2026-08-28_final.json,measured point
readysetgo_iso_bitrate_sweep_2026-08-28,RTX 5080 NVENC,"v0.6.1 (default model, pre-OWL-v1)",readysetgo_30s,"sport (SI~38.5/TI~40.4, measured 2026-08-28)",h265,gpu_baseline,gpu,sweep,1080,1500,1508.7,60.57,0.1824,54.72,4,Repeatable,results/calibration/_staging/encode_parity_readysetgo_2026-08-28_final.json,measured point
readysetgo_iso_bitrate_sweep_2026-08-28,RTX 5080 NVENC,"v0.6.1 (default model, pre-OWL-v1)",readysetgo_30s,"sport (SI~38.5/TI~40.4, measured 2026-08-28)",h265,gpu_tuned,gpu,sweep,1080,1500,1506.8,60.23,0.3804,47.38,2,Repeatable,results/calibration/_staging/encode_parity_readysetgo_2026-08-28_final.json,measured point
readysetgo_iso_bitrate_sweep_2026-08-28,"Ryzen 9 7900 (24c CPU, libx264/libx265/libsvtav1)","v0.6.1 (default model, pre-OWL-v1)",readysetgo_30s,"sport (SI~38.5/TI~40.4, measured 2026-08-28)",h265,cpu,cpu,sweep,1080,2500,2534.6,79.57,0.9124,68.15,1,Repeatable,results/calibration/_staging/encode_parity_readysetgo_2026-08-28_final.json,measured point
readysetgo_iso_bitrate_sweep_2026-08-28,RTX 5080 NVENC,"v0.6.1 (default model, pre-OWL-v1)",readysetgo_30s,"sport (SI~38.5/TI~40.4, measured 2026-08-28)",h265,gpu_baseline,gpu,sweep,1080,2500,2518.2,76.21,0.1819,54.56,4,Repeatable,results/calibration/_staging/encode_parity_readysetgo_2026-08-28_final.json,measured point
readysetgo_iso_bitrate_sweep_2026-08-28,RTX 5080 NVENC,"v0.6.1 (default model, pre-OWL-v1)",readysetgo_30s,"sport (SI~38.5/TI~40.4, measured 2026-08-28)",h265,gpu_tuned,gpu,sweep,1080,2500,2516.9,76.33,0.3728,46.44,2,Repeatable,results/calibration/_staging/encode_parity_readysetgo_2026-08-28_final.json,measured point
readysetgo_iso_bitrate_sweep_2026-08-28,"Ryzen 9 7900 (24c CPU, libx264/libx265/libsvtav1)","v0.6.1 (default model, pre-OWL-v1)",readysetgo_30s,"sport (SI~38.5/TI~40.4, measured 2026-08-28)",h265,cpu,cpu,sweep,1080,3500,3551.0,88.82,1.0014,69.33,1,Repeatable,results/calibration/_staging/encode_parity_readysetgo_2026-08-28_final.json,measured point
readysetgo_iso_bitrate_sweep_2026-08-28,RTX 5080 NVENC,"v0.6.1 (default model, pre-OWL-v1)",readysetgo_30s,"sport (SI~38.5/TI~40.4, measured 2026-08-28)",h265,gpu_baseline,gpu,sweep,1080,3500,3530.3,86.25,0.2016,60.46,4,Repeatable,results/calibration/_staging/encode_parity_readysetgo_2026-08-28_final.json,measured point
readysetgo_iso_bitrate_sweep_2026-08-28,RTX 5080 NVENC,"v0.6.1 (default model, pre-OWL-v1)",readysetgo_30s,"sport (SI~38.5/TI~40.4, measured 2026-08-28)",h265,gpu_tuned,gpu,sweep,1080,3500,3527.9,86.71,0.4368,54.41,2,Repeatable,results/calibration/_staging/encode_parity_readysetgo_2026-08-28_final.json,measured point
readysetgo_iso_bitrate_sweep_2026-08-28,"Ryzen 9 7900 (24c CPU, libx264/libx265/libsvtav1)","v0.6.1 (default model, pre-OWL-v1)",readysetgo_30s,"sport (SI~38.5/TI~40.4, measured 2026-08-28)",h265,cpu,cpu,sweep,1080,5000,5077.2,96.1,1.0874,69.16,1,Repeatable,results/calibration/_staging/encode_parity_readysetgo_2026-08-28_final.json,measured point
readysetgo_iso_bitrate_sweep_2026-08-28,RTX 5080 NVENC,"v0.6.1 (default model, pre-OWL-v1)",readysetgo_30s,"sport (SI~38.5/TI~40.4, measured 2026-08-28)",h265,gpu_baseline,gpu,sweep,1080,5000,5055.8,94.94,0.1813,54.16,4,Repeatable,results/calibration/_staging/encode_parity_readysetgo_2026-08-28_final.json,measured point
readysetgo_iso_bitrate_sweep_2026-08-28,RTX 5080 NVENC,"v0.6.1 (default model, pre-OWL-v1)",readysetgo_30s,"sport (SI~38.5/TI~40.4, measured 2026-08-28)",h265,gpu_tuned,gpu,sweep,1080,5000,5048.4,95.23,0.3884,48.22,2,Repeatable,results/calibration/_staging/encode_parity_readysetgo_2026-08-28_final.json,measured point
readysetgo_iso_bitrate_sweep_2026-08-28,"Ryzen 9 7900 (24c CPU, libx264/libx265/libsvtav1)","v0.6.1 (default model, pre-OWL-v1)",readysetgo_30s,"sport (SI~38.5/TI~40.4, measured 2026-08-28)",h265,cpu,cpu,sweep,1080,7000,7108.5,98.87,1.182,68.86,1,Repeatable,results/calibration/_staging/encode_parity_readysetgo_2026-08-28_final.json,measured point
readysetgo_iso_bitrate_sweep_2026-08-28,RTX 5080 NVENC,"v0.6.1 (default model, pre-OWL-v1)",readysetgo_30s,"sport (SI~38.5/TI~40.4, measured 2026-08-28)",h265,gpu_baseline,gpu,sweep,1080,7000,7083.1,98.88,0.1888,56.15,4,Repeatable,results/calibration/_staging/encode_parity_readysetgo_2026-08-28_final.json,measured point
readysetgo_iso_bitrate_sweep_2026-08-28,RTX 5080 NVENC,"v0.6.1 (default model, pre-OWL-v1)",readysetgo_30s,"sport (SI~38.5/TI~40.4, measured 2026-08-28)",h265,gpu_tuned,gpu,sweep,1080,7000,7071.2,99.07,0.3855,47.85,2,Repeatable,results/calibration/_staging/encode_parity_readysetgo_2026-08-28_final.json,measured point
readysetgo_iso_bitrate_sweep_2026-08-28,"Ryzen 9 7900 (24c CPU, libx264/libx265/libsvtav1)","v0.6.1 (default model, pre-OWL-v1)",readysetgo_30s,"sport (SI~38.5/TI~40.4, measured 2026-08-28)",h265,cpu,cpu,sweep,1080,8500,8634.0,99.51,1.2436,68.66,1,Repeatable,results/calibration/_staging/encode_parity_readysetgo_2026-08-28_final.json,measured point
readysetgo_iso_bitrate_sweep_2026-08-28,RTX 5080 NVENC,"v0.6.1 (default model, pre-OWL-v1)",readysetgo_30s,"sport (SI~38.5/TI~40.4, measured 2026-08-28)",h265,gpu_baseline,gpu,sweep,1080,8500,8605.9,99.54,0.1796,53.66,4,Repeatable,results/calibration/_staging/encode_parity_readysetgo_2026-08-28_final.json,measured point
readysetgo_iso_bitrate_sweep_2026-08-28,RTX 5080 NVENC,"v0.6.1 (default model, pre-OWL-v1)",readysetgo_30s,"sport (SI~38.5/TI~40.4, measured 2026-08-28)",h265,gpu_tuned,gpu,sweep,1080,8500,8591.8,99.69,0.3774,47.01,2,Repeatable,results/calibration/_staging/encode_parity_readysetgo_2026-08-28_final.json,measured point
readysetgo_iso_bitrate_sweep_2026-08-28,"Ryzen 9 7900 (24c CPU, libx264/libx265/libsvtav1)","v0.6.1 (default model, pre-OWL-v1)",readysetgo_30s,"sport (SI~38.5/TI~40.4, measured 2026-08-28)",h265,cpu,cpu,sweep,1080,10000,10151.9,99.76,1.3342,70.43,1,Repeatable,results/calibration/_staging/encode_parity_readysetgo_2026-08-28_final.json,measured point
readysetgo_iso_bitrate_sweep_2026-08-28,RTX 5080 NVENC,"v0.6.1 (default model, pre-OWL-v1)",readysetgo_30s,"sport (SI~38.5/TI~40.4, measured 2026-08-28)",h265,gpu_baseline,gpu,sweep,1080,10000,10135.6,99.78,0.1792,53.78,4,Repeatable,results/calibration/_staging/encode_parity_readysetgo_2026-08-28_final.json,measured point
readysetgo_iso_bitrate_sweep_2026-08-28,RTX 5080 NVENC,"v0.6.1 (default model, pre-OWL-v1)",readysetgo_30s,"sport (SI~38.5/TI~40.4, measured 2026-08-28)",h265,gpu_tuned,gpu,sweep,1080,10000,10113.1,99.88,0.4078,50.97,2,Repeatable,results/calibration/_staging/encode_parity_readysetgo_2026-08-28_final.json,measured point
readysetgo_iso_bitrate_sweep_2026-08-28,"Ryzen 9 7900 (24c CPU, libx264/libx265/libsvtav1)","v0.6.1 (default model, pre-OWL-v1)",readysetgo_30s,"sport (SI~38.5/TI~40.4, measured 2026-08-28)",av1,cpu,cpu,sweep,1080,1000,1188.8,62.62,0.4811,69.0,2,Repeatable,results/calibration/_staging/encode_parity_readysetgo_2026-08-28_final.json,measured point
readysetgo_iso_bitrate_sweep_2026-08-28,RTX 5080 NVENC,"v0.6.1 (default model, pre-OWL-v1)",readysetgo_30s,"sport (SI~38.5/TI~40.4, measured 2026-08-28)",av1,gpu_baseline,gpu,sweep,1080,1000,1181.2,50.42,0.1835,54.81,4,Repeatable,results/calibration/_staging/encode_parity_readysetgo_2026-08-28_final.json,measured point
readysetgo_iso_bitrate_sweep_2026-08-28,RTX 5080 NVENC,"v0.6.1 (default model, pre-OWL-v1)",readysetgo_30s,"sport (SI~38.5/TI~40.4, measured 2026-08-28)",av1,gpu_tuned,gpu,sweep,1080,1000,1270.0,51.92,0.2859,55.33,3,Repeatable,results/calibration/_staging/encode_parity_readysetgo_2026-08-28_final.json,measured point
readysetgo_iso_bitrate_sweep_2026-08-28,"Ryzen 9 7900 (24c CPU, libx264/libx265/libsvtav1)","v0.6.1 (default model, pre-OWL-v1)",readysetgo_30s,"sport (SI~38.5/TI~40.4, measured 2026-08-28)",av1,cpu,cpu,sweep,1080,1800,1491.8,67.1,0.4803,67.02,2,Repeatable,results/calibration/_staging/encode_parity_readysetgo_2026-08-28_final.json,measured point
readysetgo_iso_bitrate_sweep_2026-08-28,RTX 5080 NVENC,"v0.6.1 (default model, pre-OWL-v1)",readysetgo_30s,"sport (SI~38.5/TI~40.4, measured 2026-08-28)",av1,gpu_baseline,gpu,sweep,1080,1800,1823.5,69.81,0.1837,55.1,4,Repeatable,results/calibration/_staging/encode_parity_readysetgo_2026-08-28_final.json,measured point
readysetgo_iso_bitrate_sweep_2026-08-28,RTX 5080 NVENC,"v0.6.1 (default model, pre-OWL-v1)",readysetgo_30s,"sport (SI~38.5/TI~40.4, measured 2026-08-28)",av1,gpu_tuned,gpu,sweep,1080,1800,1821.3,65.58,0.2867,55.5,3,Repeatable,results/calibration/_staging/encode_parity_readysetgo_2026-08-28_final.json,measured point
readysetgo_iso_bitrate_sweep_2026-08-28,"Ryzen 9 7900 (24c CPU, libx264/libx265/libsvtav1)","v0.6.1 (default model, pre-OWL-v1)",readysetgo_30s,"sport (SI~38.5/TI~40.4, measured 2026-08-28)",av1,cpu,cpu,sweep,1080,2800,2667.5,83.15,0.5214,69.01,2,Repeatable,results/calibration/_staging/encode_parity_readysetgo_2026-08-28_final.json,measured point
readysetgo_iso_bitrate_sweep_2026-08-28,RTX 5080 NVENC,"v0.6.1 (default model, pre-OWL-v1)",readysetgo_30s,"sport (SI~38.5/TI~40.4, measured 2026-08-28)",av1,gpu_baseline,gpu,sweep,1080,2800,2831.9,83.01,0.1916,57.02,4,Repeatable,results/calibration/_staging/encode_parity_readysetgo_2026-08-28_final.json,measured point
readysetgo_iso_bitrate_sweep_2026-08-28,RTX 5080 NVENC,"v0.6.1 (default model, pre-OWL-v1)",readysetgo_30s,"sport (SI~38.5/TI~40.4, measured 2026-08-28)",av1,gpu_tuned,gpu,sweep,1080,2800,2828.1,79.24,0.2807,54.13,3,Repeatable,results/calibration/_staging/encode_parity_readysetgo_2026-08-28_final.json,measured point
readysetgo_iso_bitrate_sweep_2026-08-28,"Ryzen 9 7900 (24c CPU, libx264/libx265/libsvtav1)","v0.6.1 (default model, pre-OWL-v1)",readysetgo_30s,"sport (SI~38.5/TI~40.4, measured 2026-08-28)",av1,cpu,cpu,sweep,1080,4000,3965.9,92.46,0.5514,67.75,2,Repeatable,results/calibration/_staging/encode_parity_readysetgo_2026-08-28_final.json,measured point
readysetgo_iso_bitrate_sweep_2026-08-28,RTX 5080 NVENC,"v0.6.1 (default model, pre-OWL-v1)",readysetgo_30s,"sport (SI~38.5/TI~40.4, measured 2026-08-28)",av1,gpu_baseline,gpu,sweep,1080,4000,4049.6,92.13,0.1842,55.04,4,Repeatable,results/calibration/_staging/encode_parity_readysetgo_2026-08-28_final.json,measured point
readysetgo_iso_bitrate_sweep_2026-08-28,RTX 5080 NVENC,"v0.6.1 (default model, pre-OWL-v1)",readysetgo_30s,"sport (SI~38.5/TI~40.4, measured 2026-08-28)",av1,gpu_tuned,gpu,sweep,1080,4000,4045.6,89.54,0.2771,53.63,3,Repeatable,results/calibration/_staging/encode_parity_readysetgo_2026-08-28_final.json,measured point
readysetgo_iso_bitrate_sweep_2026-08-28,"Ryzen 9 7900 (24c CPU, libx264/libx265/libsvtav1)","v0.6.1 (default model, pre-OWL-v1)",readysetgo_30s,"sport (SI~38.5/TI~40.4, measured 2026-08-28)",av1,cpu,cpu,sweep,1080,6000,5937.1,97.18,0.56,69.52,2,Repeatable,results/calibration/_staging/encode_parity_readysetgo_2026-08-28_final.json,measured point
readysetgo_iso_bitrate_sweep_2026-08-28,RTX 5080 NVENC,"v0.6.1 (default model, pre-OWL-v1)",readysetgo_30s,"sport (SI~38.5/TI~40.4, measured 2026-08-28)",av1,gpu_baseline,gpu,sweep,1080,6000,6071.2,98.31,0.1847,55.2,4,Repeatable,results/calibration/_staging/encode_parity_readysetgo_2026-08-28_final.json,measured point
readysetgo_iso_bitrate_sweep_2026-08-28,RTX 5080 NVENC,"v0.6.1 (default model, pre-OWL-v1)",readysetgo_30s,"sport (SI~38.5/TI~40.4, measured 2026-08-28)",av1,gpu_tuned,gpu,sweep,1080,6000,6065.7,97.64,0.2787,53.95,3,Repeatable,results/calibration/_staging/encode_parity_readysetgo_2026-08-28_final.json,measured point
readysetgo_iso_bitrate_sweep_2026-08-28,"Ryzen 9 7900 (24c CPU, libx264/libx265/libsvtav1)","v0.6.1 (default model, pre-OWL-v1)",readysetgo_30s,"sport (SI~38.5/TI~40.4, measured 2026-08-28)",av1,cpu,cpu,sweep,1080,7500,7301.1,98.56,0.5819,70.3,2,Repeatable,results/calibration/_staging/encode_parity_readysetgo_2026-08-28_final.json,measured point
readysetgo_iso_bitrate_sweep_2026-08-28,RTX 5080 NVENC,"v0.6.1 (default model, pre-OWL-v1)",readysetgo_30s,"sport (SI~38.5/TI~40.4, measured 2026-08-28)",av1,gpu_baseline,gpu,sweep,1080,7500,7592.0,99.43,0.1883,56.27,4,Repeatable,results/calibration/_staging/encode_parity_readysetgo_2026-08-28_final.json,measured point
readysetgo_iso_bitrate_sweep_2026-08-28,RTX 5080 NVENC,"v0.6.1 (default model, pre-OWL-v1)",readysetgo_30s,"sport (SI~38.5/TI~40.4, measured 2026-08-28)",av1,gpu_tuned,gpu,sweep,1080,7500,7581.1,99.34,0.3032,58.89,3,Repeatable,results/calibration/_staging/encode_parity_readysetgo_2026-08-28_final.json,measured point
readysetgo_abr_ladder_typical_2026-08-28,"Ryzen 9 7900 (24c CPU, libx264/libx265/libsvtav1)","v0.6.1 (default model, pre-OWL-v1)",readysetgo_30s,"sport (SI~38.5/TI~40.4, measured 2026-08-28)",h264,cpu,cpu,ladder,720,2800,2831.6,88.43,0.2941,52.15,2,Repeatable,results/calibration/_staging/encode_parity_readysetgo_2026-08-28_final.json,fixed ABR-ladder rung (typical per-resolution bitrate)
readysetgo_abr_ladder_typical_2026-08-28,RTX 5080 NVENC,"v0.6.1 (default model, pre-OWL-v1)",readysetgo_30s,"sport (SI~38.5/TI~40.4, measured 2026-08-28)",h264,gpu_baseline,gpu,ladder,720,2800,2814.8,87.37,0.1548,46.83,4,Repeatable,results/calibration/_staging/encode_parity_readysetgo_2026-08-28_final.json,fixed ABR-ladder rung (typical per-resolution bitrate)
readysetgo_abr_ladder_typical_2026-08-28,"Ryzen 9 7900 (24c CPU, libx264/libx265/libsvtav1)","v0.6.1 (default model, pre-OWL-v1)",readysetgo_30s,"sport (SI~38.5/TI~40.4, measured 2026-08-28)",h264,cpu,cpu,ladder,540,1600,1616.7,82.99,0.3251,67.78,3,Repeatable,results/calibration/_staging/encode_parity_readysetgo_2026-08-28_final.json,fixed ABR-ladder rung (typical per-resolution bitrate)
readysetgo_abr_ladder_typical_2026-08-28,RTX 5080 NVENC,"v0.6.1 (default model, pre-OWL-v1)",readysetgo_30s,"sport (SI~38.5/TI~40.4, measured 2026-08-28)",h264,gpu_baseline,gpu,ladder,540,1600,1617.3,81.24,0.1623,48.89,4,Repeatable,results/calibration/_staging/encode_parity_readysetgo_2026-08-28_final.json,fixed ABR-ladder rung (typical per-resolution bitrate)
readysetgo_abr_ladder_typical_2026-08-28,"Ryzen 9 7900 (24c CPU, libx264/libx265/libsvtav1)","v0.6.1 (default model, pre-OWL-v1)",readysetgo_30s,"sport (SI~38.5/TI~40.4, measured 2026-08-28)",h264,cpu,cpu,ladder,480,1100,1111.3,75.64,0.3113,67.23,3,Repeatable,results/calibration/_staging/encode_parity_readysetgo_2026-08-28_final.json,fixed ABR-ladder rung (typical per-resolution bitrate)
readysetgo_abr_ladder_typical_2026-08-28,RTX 5080 NVENC,"v0.6.1 (default model, pre-OWL-v1)",readysetgo_30s,"sport (SI~38.5/TI~40.4, measured 2026-08-28)",h264,gpu_baseline,gpu,ladder,480,1100,1110.3,73.29,0.1671,49.94,4,Repeatable,results/calibration/_staging/encode_parity_readysetgo_2026-08-28_final.json,fixed ABR-ladder rung (typical per-resolution bitrate)
readysetgo_abr_ladder_typical_2026-08-28,"Ryzen 9 7900 (24c CPU, libx264/libx265/libsvtav1)","v0.6.1 (default model, pre-OWL-v1)",readysetgo_30s,"sport (SI~38.5/TI~40.4, measured 2026-08-28)",h264,cpu,cpu,ladder,360,800,808.8,78.64,0.3033,69.1,3,Repeatable,results/calibration/_staging/encode_parity_readysetgo_2026-08-28_final.json,fixed ABR-ladder rung (typical per-resolution bitrate)
readysetgo_abr_ladder_typical_2026-08-28,RTX 5080 NVENC,"v0.6.1 (default model, pre-OWL-v1)",readysetgo_30s,"sport (SI~38.5/TI~40.4, measured 2026-08-28)",h264,gpu_baseline,gpu,ladder,360,800,809.1,75.12,0.1595,47.67,4,Repeatable,results/calibration/_staging/encode_parity_readysetgo_2026-08-28_final.json,fixed ABR-ladder rung (typical per-resolution bitrate)
readysetgo_abr_ladder_typical_2026-08-28,"Ryzen 9 7900 (24c CPU, libx264/libx265/libsvtav1)","v0.6.1 (default model, pre-OWL-v1)",readysetgo_30s,"sport (SI~38.5/TI~40.4, measured 2026-08-28)",h265,cpu,cpu,ladder,720,1700,1729.5,82.34,0.6789,68.27,2,Repeatable,results/calibration/_staging/encode_parity_readysetgo_2026-08-28_final.json,fixed ABR-ladder rung (typical per-resolution bitrate)
readysetgo_abr_ladder_typical_2026-08-28,RTX 5080 NVENC,"v0.6.1 (default model, pre-OWL-v1)",readysetgo_30s,"sport (SI~38.5/TI~40.4, measured 2026-08-28)",h265,gpu_baseline,gpu,ladder,720,1700,1709.8,79.42,0.1655,49.63,4,Repeatable,results/calibration/_staging/encode_parity_readysetgo_2026-08-28_final.json,fixed ABR-ladder rung (typical per-resolution bitrate)
readysetgo_abr_ladder_typical_2026-08-28,"Ryzen 9 7900 (24c CPU, libx264/libx265/libsvtav1)","v0.6.1 (default model, pre-OWL-v1)",readysetgo_30s,"sport (SI~38.5/TI~40.4, measured 2026-08-28)",h265,cpu,cpu,ladder,540,950,965.7,76.02,0.5286,68.7,2,Repeatable,results/calibration/_staging/encode_parity_readysetgo_2026-08-28_final.json,fixed ABR-ladder rung (typical per-resolution bitrate)
readysetgo_abr_ladder_typical_2026-08-28,RTX 5080 NVENC,"v0.6.1 (default model, pre-OWL-v1)",readysetgo_30s,"sport (SI~38.5/TI~40.4, measured 2026-08-28)",h265,gpu_baseline,gpu,ladder,540,950,953.8,72.42,0.1642,49.46,4,Repeatable,results/calibration/_staging/encode_parity_readysetgo_2026-08-28_final.json,fixed ABR-ladder rung (typical per-resolution bitrate)
readysetgo_abr_ladder_typical_2026-08-28,"Ryzen 9 7900 (24c CPU, libx264/libx265/libsvtav1)","v0.6.1 (default model, pre-OWL-v1)",readysetgo_30s,"sport (SI~38.5/TI~40.4, measured 2026-08-28)",h265,cpu,cpu,ladder,480,650,660.6,69.54,0.4561,67.3,2,Repeatable,results/calibration/_staging/encode_parity_readysetgo_2026-08-28_final.json,fixed ABR-ladder rung (typical per-resolution bitrate)
readysetgo_abr_ladder_typical_2026-08-28,RTX 5080 NVENC,"v0.6.1 (default model, pre-OWL-v1)",readysetgo_30s,"sport (SI~38.5/TI~40.4, measured 2026-08-28)",h265,gpu_baseline,gpu,ladder,480,650,658.4,65.42,0.1651,49.34,4,Repeatable,results/calibration/_staging/encode_parity_readysetgo_2026-08-28_final.json,fixed ABR-ladder rung (typical per-resolution bitrate)
readysetgo_abr_ladder_typical_2026-08-28,"Ryzen 9 7900 (24c CPU, libx264/libx265/libsvtav1)","v0.6.1 (default model, pre-OWL-v1)",readysetgo_30s,"sport (SI~38.5/TI~40.4, measured 2026-08-28)",h265,cpu,cpu,ladder,360,500,508.9,71.34,0.3599,63.2,2,Repeatable,results/calibration/_staging/encode_parity_readysetgo_2026-08-28_final.json,fixed ABR-ladder rung (typical per-resolution bitrate)
readysetgo_abr_ladder_typical_2026-08-28,RTX 5080 NVENC,"v0.6.1 (default model, pre-OWL-v1)",readysetgo_30s,"sport (SI~38.5/TI~40.4, measured 2026-08-28)",h265,gpu_baseline,gpu,ladder,360,500,506.6,66.96,0.1623,48.68,4,Repeatable,results/calibration/_staging/encode_parity_readysetgo_2026-08-28_final.json,fixed ABR-ladder rung (typical per-resolution bitrate)
readysetgo_abr_ladder_typical_2026-08-28,"Ryzen 9 7900 (24c CPU, libx264/libx265/libsvtav1)","v0.6.1 (default model, pre-OWL-v1)",readysetgo_30s,"sport (SI~38.5/TI~40.4, measured 2026-08-28)",av1,cpu,cpu,ladder,720,1400,1353.2,79.19,0.3728,65.46,2,Repeatable,results/calibration/_staging/encode_parity_readysetgo_2026-08-28_final.json,fixed ABR-ladder rung (typical per-resolution bitrate)
readysetgo_abr_ladder_typical_2026-08-28,RTX 5080 NVENC,"v0.6.1 (default model, pre-OWL-v1)",readysetgo_30s,"sport (SI~38.5/TI~40.4, measured 2026-08-28)",av1,gpu_baseline,gpu,ladder,720,1400,1425.8,77.11,0.1736,52.08,4,Repeatable,results/calibration/_staging/encode_parity_readysetgo_2026-08-28_final.json,fixed ABR-ladder rung (typical per-resolution bitrate)
readysetgo_abr_ladder_typical_2026-08-28,"Ryzen 9 7900 (24c CPU, libx264/libx265/libsvtav1)","v0.6.1 (default model, pre-OWL-v1)",readysetgo_30s,"sport (SI~38.5/TI~40.4, measured 2026-08-28)",av1,cpu,cpu,ladder,540,800,609.0,68.99,0.3433,67.66,3,Repeatable,results/calibration/_staging/encode_parity_readysetgo_2026-08-28_final.json,fixed ABR-ladder rung (typical per-resolution bitrate)
readysetgo_abr_ladder_typical_2026-08-28,RTX 5080 NVENC,"v0.6.1 (default model, pre-OWL-v1)",readysetgo_30s,"sport (SI~38.5/TI~40.4, measured 2026-08-28)",av1,gpu_baseline,gpu,ladder,540,800,819.4,71.09,0.1613,48.39,4,Repeatable,results/calibration/_staging/encode_parity_readysetgo_2026-08-28_final.json,fixed ABR-ladder rung (typical per-resolution bitrate)
readysetgo_abr_ladder_typical_2026-08-28,"Ryzen 9 7900 (24c CPU, libx264/libx265/libsvtav1)","v0.6.1 (default model, pre-OWL-v1)",readysetgo_30s,"sport (SI~38.5/TI~40.4, measured 2026-08-28)",av1,cpu,cpu,ladder,480,550,409.0,63.93,0.3393,69.15,3,Repeatable,results/calibration/_staging/encode_parity_readysetgo_2026-08-28_final.json,fixed ABR-ladder rung (typical per-resolution bitrate)
readysetgo_abr_ladder_typical_2026-08-28,RTX 5080 NVENC,"v0.6.1 (default model, pre-OWL-v1)",readysetgo_30s,"sport (SI~38.5/TI~40.4, measured 2026-08-28)",av1,gpu_baseline,gpu,ladder,480,550,556.9,62.83,0.1577,47.29,4,Repeatable,results/calibration/_staging/encode_parity_readysetgo_2026-08-28_final.json,fixed ABR-ladder rung (typical per-resolution bitrate)
readysetgo_abr_ladder_typical_2026-08-28,"Ryzen 9 7900 (24c CPU, libx264/libx265/libsvtav1)","v0.6.1 (default model, pre-OWL-v1)",readysetgo_30s,"sport (SI~38.5/TI~40.4, measured 2026-08-28)",av1,cpu,cpu,ladder,360,400,318.2,65.64,0.3041,66.49,3,Repeatable,results/calibration/_staging/encode_parity_readysetgo_2026-08-28_final.json,fixed ABR-ladder rung (typical per-resolution bitrate)
readysetgo_abr_ladder_typical_2026-08-28,RTX 5080 NVENC,"v0.6.1 (default model, pre-OWL-v1)",readysetgo_30s,"sport (SI~38.5/TI~40.4, measured 2026-08-28)",av1,gpu_baseline,gpu,ladder,360,400,415.3,65.0,0.159,47.7,4,Repeatable,results/calibration/_staging/encode_parity_readysetgo_2026-08-28_final.json,fixed ABR-ladder rung (typical per-resolution bitrate)
readysetgo_iso_quality_interpolated_2026-08-28,"Ryzen 9 7900 (24c CPU, libx264/libx265/libsvtav1)","v0.6.1 (default model, pre-OWL-v1)",readysetgo_30s,sport,h264,cpu,cpu,iso_quality_interp,1080,5005,,88,0.522,,,,docs/smpte_2026/readysetgo_iso_vmaf_table.csv,"bitrate LINEARLY INTERPOLATED between 7 measured sweep points, not independently measured"
readysetgo_iso_quality_interpolated_2026-08-28,"Ryzen 9 7900 (24c CPU, libx264/libx265/libsvtav1)","v0.6.1 (default model, pre-OWL-v1)",readysetgo_30s,sport,h264,cpu,cpu,iso_quality_interp,1080,5362,,90,0.524,,,,docs/smpte_2026/readysetgo_iso_vmaf_table.csv,"bitrate LINEARLY INTERPOLATED between 7 measured sweep points, not independently measured"
readysetgo_iso_quality_interpolated_2026-08-28,"Ryzen 9 7900 (24c CPU, libx264/libx265/libsvtav1)","v0.6.1 (default model, pre-OWL-v1)",readysetgo_30s,sport,h264,cpu,cpu,iso_quality_interp,1080,5718,,92,0.527,,,,docs/smpte_2026/readysetgo_iso_vmaf_table.csv,"bitrate LINEARLY INTERPOLATED between 7 measured sweep points, not independently measured"
readysetgo_iso_quality_interpolated_2026-08-28,"Ryzen 9 7900 (24c CPU, libx264/libx265/libsvtav1)","v0.6.1 (default model, pre-OWL-v1)",readysetgo_30s,sport,h264,cpu,cpu,iso_quality_interp,1080,6080,,94,0.53,,,,docs/smpte_2026/readysetgo_iso_vmaf_table.csv,"bitrate LINEARLY INTERPOLATED between 7 measured sweep points, not independently measured"
readysetgo_iso_quality_interpolated_2026-08-28,"Ryzen 9 7900 (24c CPU, libx264/libx265/libsvtav1)","v0.6.1 (default model, pre-OWL-v1)",readysetgo_30s,sport,h264,cpu,cpu,iso_quality_interp,1080,7019,,96,0.541,,,,docs/smpte_2026/readysetgo_iso_vmaf_table.csv,"bitrate LINEARLY INTERPOLATED between 7 measured sweep points, not independently measured"
readysetgo_iso_quality_interpolated_2026-08-28,RTX 5080 NVENC,"v0.6.1 (default model, pre-OWL-v1)",readysetgo_30s,sport,h264,gpu_baseline,gpu,iso_quality_interp,1080,5117,,88,0.175,,,,docs/smpte_2026/readysetgo_iso_vmaf_table.csv,"bitrate LINEARLY INTERPOLATED between 7 measured sweep points, not independently measured"
readysetgo_iso_quality_interpolated_2026-08-28,RTX 5080 NVENC,"v0.6.1 (default model, pre-OWL-v1)",readysetgo_30s,sport,h264,gpu_baseline,gpu,iso_quality_interp,1080,5479,,90,0.175,,,,docs/smpte_2026/readysetgo_iso_vmaf_table.csv,"bitrate LINEARLY INTERPOLATED between 7 measured sweep points, not independently measured"
readysetgo_iso_quality_interpolated_2026-08-28,RTX 5080 NVENC,"v0.6.1 (default model, pre-OWL-v1)",readysetgo_30s,sport,h264,gpu_baseline,gpu,iso_quality_interp,1080,5841,,92,0.174,,,,docs/smpte_2026/readysetgo_iso_vmaf_table.csv,"bitrate LINEARLY INTERPOLATED between 7 measured sweep points, not independently measured"
readysetgo_iso_quality_interpolated_2026-08-28,RTX 5080 NVENC,"v0.6.1 (default model, pre-OWL-v1)",readysetgo_30s,sport,h264,gpu_baseline,gpu,iso_quality_interp,1080,6444,,94,0.174,,,,docs/smpte_2026/readysetgo_iso_vmaf_table.csv,"bitrate LINEARLY INTERPOLATED between 7 measured sweep points, not independently measured"
readysetgo_iso_quality_interpolated_2026-08-28,RTX 5080 NVENC,"v0.6.1 (default model, pre-OWL-v1)",readysetgo_30s,sport,h264,gpu_baseline,gpu,iso_quality_interp,1080,7273,,96,0.173,,,,docs/smpte_2026/readysetgo_iso_vmaf_table.csv,"bitrate LINEARLY INTERPOLATED between 7 measured sweep points, not independently measured"
readysetgo_iso_quality_interpolated_2026-08-28,RTX 5080 NVENC,"v0.6.1 (default model, pre-OWL-v1)",readysetgo_30s,sport,h264,gpu_tuned,gpu,iso_quality_interp,1080,5343,,88,0.258,,,,docs/smpte_2026/readysetgo_iso_vmaf_table.csv,"bitrate LINEARLY INTERPOLATED between 7 measured sweep points, not independently measured"
readysetgo_iso_quality_interpolated_2026-08-28,RTX 5080 NVENC,"v0.6.1 (default model, pre-OWL-v1)",readysetgo_30s,sport,h264,gpu_tuned,gpu,iso_quality_interp,1080,5672,,90,0.26,,,,docs/smpte_2026/readysetgo_iso_vmaf_table.csv,"bitrate LINEARLY INTERPOLATED between 7 measured sweep points, not independently measured"
readysetgo_iso_quality_interpolated_2026-08-28,RTX 5080 NVENC,"v0.6.1 (default model, pre-OWL-v1)",readysetgo_30s,sport,h264,gpu_tuned,gpu,iso_quality_interp,1080,6000,,92,0.263,,,,docs/smpte_2026/readysetgo_iso_vmaf_table.csv,"bitrate LINEARLY INTERPOLATED between 7 measured sweep points, not independently measured"
readysetgo_iso_quality_interpolated_2026-08-28,RTX 5080 NVENC,"v0.6.1 (default model, pre-OWL-v1)",readysetgo_30s,sport,h264,gpu_tuned,gpu,iso_quality_interp,1080,6711,,94,0.26,,,,docs/smpte_2026/readysetgo_iso_vmaf_table.csv,"bitrate LINEARLY INTERPOLATED between 7 measured sweep points, not independently measured"
readysetgo_iso_quality_interpolated_2026-08-28,RTX 5080 NVENC,"v0.6.1 (default model, pre-OWL-v1)",readysetgo_30s,sport,h264,gpu_tuned,gpu,iso_quality_interp,1080,7443,,96,0.258,,,,docs/smpte_2026/readysetgo_iso_vmaf_table.csv,"bitrate LINEARLY INTERPOLATED between 7 measured sweep points, not independently measured"
readysetgo_iso_quality_interpolated_2026-08-28,"Ryzen 9 7900 (24c CPU, libx264/libx265/libsvtav1)","v0.6.1 (default model, pre-OWL-v1)",readysetgo_30s,sport,h265,cpu,cpu,iso_quality_interp,1080,3461,,88,0.994,,,,docs/smpte_2026/readysetgo_iso_vmaf_table.csv,"bitrate LINEARLY INTERPOLATED between 7 measured sweep points, not independently measured"
readysetgo_iso_quality_interpolated_2026-08-28,"Ryzen 9 7900 (24c CPU, libx264/libx265/libsvtav1)","v0.6.1 (default model, pre-OWL-v1)",readysetgo_30s,sport,h265,cpu,cpu,iso_quality_interp,1080,3798,,90,1.015,,,,docs/smpte_2026/readysetgo_iso_vmaf_table.csv,"bitrate LINEARLY INTERPOLATED between 7 measured sweep points, not independently measured"
readysetgo_iso_quality_interpolated_2026-08-28,"Ryzen 9 7900 (24c CPU, libx264/libx265/libsvtav1)","v0.6.1 (default model, pre-OWL-v1)",readysetgo_30s,sport,h265,cpu,cpu,iso_quality_interp,1080,4218,,92,1.039,,,,docs/smpte_2026/readysetgo_iso_vmaf_table.csv,"bitrate LINEARLY INTERPOLATED between 7 measured sweep points, not independently measured"
readysetgo_iso_quality_interpolated_2026-08-28,"Ryzen 9 7900 (24c CPU, libx264/libx265/libsvtav1)","v0.6.1 (default model, pre-OWL-v1)",readysetgo_30s,sport,h265,cpu,cpu,iso_quality_interp,1080,4637,,94,1.063,,,,docs/smpte_2026/readysetgo_iso_vmaf_table.csv,"bitrate LINEARLY INTERPOLATED between 7 measured sweep points, not independently measured"
readysetgo_iso_quality_interpolated_2026-08-28,"Ryzen 9 7900 (24c CPU, libx264/libx265/libsvtav1)","v0.6.1 (default model, pre-OWL-v1)",readysetgo_30s,sport,h265,cpu,cpu,iso_quality_interp,1080,5056,,96,1.086,,,,docs/smpte_2026/readysetgo_iso_vmaf_table.csv,"bitrate LINEARLY INTERPOLATED between 7 measured sweep points, not independently measured"
readysetgo_iso_quality_interpolated_2026-08-28,RTX 5080 NVENC,"v0.6.1 (default model, pre-OWL-v1)",readysetgo_30s,sport,h265,gpu_baseline,gpu,iso_quality_interp,1080,3838,,88,0.198,,,,docs/smpte_2026/readysetgo_iso_vmaf_table.csv,"bitrate LINEARLY INTERPOLATED between 7 measured sweep points, not independently measured"
readysetgo_iso_quality_interpolated_2026-08-28,RTX 5080 NVENC,"v0.6.1 (default model, pre-OWL-v1)",readysetgo_30s,sport,h265,gpu_baseline,gpu,iso_quality_interp,1080,4189,,90,0.193,,,,docs/smpte_2026/readysetgo_iso_vmaf_table.csv,"bitrate LINEARLY INTERPOLATED between 7 measured sweep points, not independently measured"
readysetgo_iso_quality_interpolated_2026-08-28,RTX 5080 NVENC,"v0.6.1 (default model, pre-OWL-v1)",readysetgo_30s,sport,h265,gpu_baseline,gpu,iso_quality_interp,1080,4540,,92,0.188,,,,docs/smpte_2026/readysetgo_iso_vmaf_table.csv,"bitrate LINEARLY INTERPOLATED between 7 measured sweep points, not independently measured"
readysetgo_iso_quality_interpolated_2026-08-28,RTX 5080 NVENC,"v0.6.1 (default model, pre-OWL-v1)",readysetgo_30s,sport,h265,gpu_baseline,gpu,iso_quality_interp,1080,4891,,94,0.183,,,,docs/smpte_2026/readysetgo_iso_vmaf_table.csv,"bitrate LINEARLY INTERPOLATED between 7 measured sweep points, not independently measured"
readysetgo_iso_quality_interpolated_2026-08-28,RTX 5080 NVENC,"v0.6.1 (default model, pre-OWL-v1)",readysetgo_30s,sport,h265,gpu_baseline,gpu,iso_quality_interp,1080,5601,,96,0.183,,,,docs/smpte_2026/readysetgo_iso_vmaf_table.csv,"bitrate LINEARLY INTERPOLATED between 7 measured sweep points, not independently measured"
readysetgo_iso_quality_interpolated_2026-08-28,RTX 5080 NVENC,"v0.6.1 (default model, pre-OWL-v1)",readysetgo_30s,sport,h265,gpu_tuned,gpu,iso_quality_interp,1080,3758,,88,0.429,,,,docs/smpte_2026/readysetgo_iso_vmaf_table.csv,"bitrate LINEARLY INTERPOLATED between 7 measured sweep points, not independently measured"
readysetgo_iso_quality_interpolated_2026-08-28,RTX 5080 NVENC,"v0.6.1 (default model, pre-OWL-v1)",readysetgo_30s,sport,h265,gpu_tuned,gpu,iso_quality_interp,1080,4115,,90,0.418,,,,docs/smpte_2026/readysetgo_iso_vmaf_table.csv,"bitrate LINEARLY INTERPOLATED between 7 measured sweep points, not independently measured"
readysetgo_iso_quality_interpolated_2026-08-28,RTX 5080 NVENC,"v0.6.1 (default model, pre-OWL-v1)",readysetgo_30s,sport,h265,gpu_tuned,gpu,iso_quality_interp,1080,4472,,92,0.407,,,,docs/smpte_2026/readysetgo_iso_vmaf_table.csv,"bitrate LINEARLY INTERPOLATED between 7 measured sweep points, not independently measured"
readysetgo_iso_quality_interpolated_2026-08-28,RTX 5080 NVENC,"v0.6.1 (default model, pre-OWL-v1)",readysetgo_30s,sport,h265,gpu_tuned,gpu,iso_quality_interp,1080,4829,,94,0.395,,,,docs/smpte_2026/readysetgo_iso_vmaf_table.csv,"bitrate LINEARLY INTERPOLATED between 7 measured sweep points, not independently measured"
readysetgo_iso_quality_interpolated_2026-08-28,RTX 5080 NVENC,"v0.6.1 (default model, pre-OWL-v1)",readysetgo_30s,sport,h265,gpu_tuned,gpu,iso_quality_interp,1080,5454,,96,0.388,,,,docs/smpte_2026/readysetgo_iso_vmaf_table.csv,"bitrate LINEARLY INTERPOLATED between 7 measured sweep points, not independently measured"
readysetgo_iso_quality_interpolated_2026-08-28,"Ryzen 9 7900 (24c CPU, libx264/libx265/libsvtav1)","v0.6.1 (default model, pre-OWL-v1)",readysetgo_30s,sport,av1,cpu,cpu,iso_quality_interp,1080,3344,,88,0.537,,,,docs/smpte_2026/readysetgo_iso_vmaf_table.csv,"bitrate LINEARLY INTERPOLATED between 6 measured sweep points, not independently measured"
readysetgo_iso_quality_interpolated_2026-08-28,"Ryzen 9 7900 (24c CPU, libx264/libx265/libsvtav1)","v0.6.1 (default model, pre-OWL-v1)",readysetgo_30s,sport,av1,cpu,cpu,iso_quality_interp,1080,3623,,90,0.543,,,,docs/smpte_2026/readysetgo_iso_vmaf_table.csv,"bitrate LINEARLY INTERPOLATED between 6 measured sweep points, not independently measured"
readysetgo_iso_quality_interpolated_2026-08-28,"Ryzen 9 7900 (24c CPU, libx264/libx265/libsvtav1)","v0.6.1 (default model, pre-OWL-v1)",readysetgo_30s,sport,av1,cpu,cpu,iso_quality_interp,1080,3902,,92,0.55,,,,docs/smpte_2026/readysetgo_iso_vmaf_table.csv,"bitrate LINEARLY INTERPOLATED between 6 measured sweep points, not independently measured"
readysetgo_iso_quality_interpolated_2026-08-28,"Ryzen 9 7900 (24c CPU, libx264/libx265/libsvtav1)","v0.6.1 (default model, pre-OWL-v1)",readysetgo_30s,sport,av1,cpu,cpu,iso_quality_interp,1080,4609,,94,0.554,,,,docs/smpte_2026/readysetgo_iso_vmaf_table.csv,"bitrate LINEARLY INTERPOLATED between 6 measured sweep points, not independently measured"
readysetgo_iso_quality_interpolated_2026-08-28,"Ryzen 9 7900 (24c CPU, libx264/libx265/libsvtav1)","v0.6.1 (default model, pre-OWL-v1)",readysetgo_30s,sport,av1,cpu,cpu,iso_quality_interp,1080,5444,,96,0.558,,,,docs/smpte_2026/readysetgo_iso_vmaf_table.csv,"bitrate LINEARLY INTERPOLATED between 6 measured sweep points, not independently measured"
readysetgo_iso_quality_interpolated_2026-08-28,RTX 5080 NVENC,"v0.6.1 (default model, pre-OWL-v1)",readysetgo_30s,sport,av1,gpu_baseline,gpu,iso_quality_interp,1080,3498,,88,0.188,,,,docs/smpte_2026/readysetgo_iso_vmaf_table.csv,"bitrate LINEARLY INTERPOLATED between 6 measured sweep points, not independently measured"
readysetgo_iso_quality_interpolated_2026-08-28,RTX 5080 NVENC,"v0.6.1 (default model, pre-OWL-v1)",readysetgo_30s,sport,av1,gpu_baseline,gpu,iso_quality_interp,1080,3765,,90,0.186,,,,docs/smpte_2026/readysetgo_iso_vmaf_table.csv,"bitrate LINEARLY INTERPOLATED between 6 measured sweep points, not independently measured"
readysetgo_iso_quality_interpolated_2026-08-28,RTX 5080 NVENC,"v0.6.1 (default model, pre-OWL-v1)",readysetgo_30s,sport,av1,gpu_baseline,gpu,iso_quality_interp,1080,4032,,92,0.184,,,,docs/smpte_2026/readysetgo_iso_vmaf_table.csv,"bitrate LINEARLY INTERPOLATED between 6 measured sweep points, not independently measured"
readysetgo_iso_quality_interpolated_2026-08-28,RTX 5080 NVENC,"v0.6.1 (default model, pre-OWL-v1)",readysetgo_30s,sport,av1,gpu_baseline,gpu,iso_quality_interp,1080,4661,,94,0.184,,,,docs/smpte_2026/readysetgo_iso_vmaf_table.csv,"bitrate LINEARLY INTERPOLATED between 6 measured sweep points, not independently measured"
readysetgo_iso_quality_interpolated_2026-08-28,RTX 5080 NVENC,"v0.6.1 (default model, pre-OWL-v1)",readysetgo_30s,sport,av1,gpu_baseline,gpu,iso_quality_interp,1080,5316,,96,0.185,,,,docs/smpte_2026/readysetgo_iso_vmaf_table.csv,"bitrate LINEARLY INTERPOLATED between 6 measured sweep points, not independently measured"
readysetgo_iso_quality_interpolated_2026-08-28,RTX 5080 NVENC,"v0.6.1 (default model, pre-OWL-v1)",readysetgo_30s,sport,av1,gpu_tuned,gpu,iso_quality_interp,1080,3864,,88,0.278,,,,docs/smpte_2026/readysetgo_iso_vmaf_table.csv,"bitrate LINEARLY INTERPOLATED between 6 measured sweep points, not independently measured"
readysetgo_iso_quality_interpolated_2026-08-28,RTX 5080 NVENC,"v0.6.1 (default model, pre-OWL-v1)",readysetgo_30s,sport,av1,gpu_tuned,gpu,iso_quality_interp,1080,4160,,90,0.277,,,,docs/smpte_2026/readysetgo_iso_vmaf_table.csv,"bitrate LINEARLY INTERPOLATED between 6 measured sweep points, not independently measured"
readysetgo_iso_quality_interpolated_2026-08-28,RTX 5080 NVENC,"v0.6.1 (default model, pre-OWL-v1)",readysetgo_30s,sport,av1,gpu_tuned,gpu,iso_quality_interp,1080,4659,,92,0.278,,,,docs/smpte_2026/readysetgo_iso_vmaf_table.csv,"bitrate LINEARLY INTERPOLATED between 6 measured sweep points, not independently measured"
readysetgo_iso_quality_interpolated_2026-08-28,RTX 5080 NVENC,"v0.6.1 (default model, pre-OWL-v1)",readysetgo_30s,sport,av1,gpu_tuned,gpu,iso_quality_interp,1080,5158,,94,0.278,,,,docs/smpte_2026/readysetgo_iso_vmaf_table.csv,"bitrate LINEARLY INTERPOLATED between 6 measured sweep points, not independently measured"
readysetgo_iso_quality_interpolated_2026-08-28,RTX 5080 NVENC,"v0.6.1 (default model, pre-OWL-v1)",readysetgo_30s,sport,av1,gpu_tuned,gpu,iso_quality_interp,1080,5657,,96,0.278,,,,docs/smpte_2026/readysetgo_iso_vmaf_table.csv,"bitrate LINEARLY INTERPOLATED between 6 measured sweep points, not independently measured"
football_iso_bitrate_sweep_2026-09-03,"Ryzen 9 7900 (24c CPU, libx264/libx265/libsvtav1)","v0.6.1 (default model, pre-OWL-v1)",football_30s,"sport-broadcast (SI~48.3/TI~10.3, measured 2026-09-04)",h264,cpu,cpu,sweep,1080,3000,3034.1,76.08,0.3443,67.62,3,Repeatable,results/calibration/_staging/encode_parity_football_2026-09-03_final.json,measured point
football_iso_bitrate_sweep_2026-09-03,RTX 5080 NVENC,"v0.6.1 (default model, pre-OWL-v1)",football_30s,"sport-broadcast (SI~48.3/TI~10.3, measured 2026-09-04)",h264,gpu_baseline,gpu,sweep,1080,3000,2996.0,74.09,0.1211,58.66,6,Repeatable,results/calibration/_staging/encode_parity_football_2026-09-03_final.json,measured point
football_iso_bitrate_sweep_2026-09-03,RTX 5080 NVENC,"v0.6.1 (default model, pre-OWL-v1)",football_30s,"sport-broadcast (SI~48.3/TI~10.3, measured 2026-09-04)",h264,gpu_tuned,gpu,sweep,1080,3000,3008.2,71.35,0.2207,49.44,3,Repeatable,results/calibration/_staging/encode_parity_football_2026-09-03_final.json,measured point
football_iso_bitrate_sweep_2026-09-03,"Ryzen 9 7900 (24c CPU, libx264/libx265/libsvtav1)","v0.6.1 (default model, pre-OWL-v1)",football_30s,"sport-broadcast (SI~48.3/TI~10.3, measured 2026-09-04)",h264,cpu,cpu,sweep,1080,4500,4536.1,83.6,0.3672,68.85,3,Repeatable,results/calibration/_staging/encode_parity_football_2026-09-03_final.json,measured point
football_iso_bitrate_sweep_2026-09-03,RTX 5080 NVENC,"v0.6.1 (default model, pre-OWL-v1)",football_30s,"sport-broadcast (SI~48.3/TI~10.3, measured 2026-09-04)",h264,gpu_baseline,gpu,sweep,1080,4500,4498.7,82.37,0.1306,63.23,6,Repeatable,results/calibration/_staging/encode_parity_football_2026-09-03_final.json,measured point
football_iso_bitrate_sweep_2026-09-03,RTX 5080 NVENC,"v0.6.1 (default model, pre-OWL-v1)",football_30s,"sport-broadcast (SI~48.3/TI~10.3, measured 2026-09-04)",h264,gpu_tuned,gpu,sweep,1080,4500,4512.3,80.52,0.2229,49.95,3,Repeatable,results/calibration/_staging/encode_parity_football_2026-09-03_final.json,measured point
football_iso_bitrate_sweep_2026-09-03,"Ryzen 9 7900 (24c CPU, libx264/libx265/libsvtav1)","v0.6.1 (default model, pre-OWL-v1)",football_30s,"sport-broadcast (SI~48.3/TI~10.3, measured 2026-09-04)",h264,cpu,cpu,sweep,1080,6000,6029.9,87.35,0.3837,68.72,2,Repeatable,results/calibration/_staging/encode_parity_football_2026-09-03_final.json,measured point
football_iso_bitrate_sweep_2026-09-03,RTX 5080 NVENC,"v0.6.1 (default model, pre-OWL-v1)",football_30s,"sport-broadcast (SI~48.3/TI~10.3, measured 2026-09-04)",h264,gpu_baseline,gpu,sweep,1080,6000,5991.4,86.53,0.1255,60.5,6,Repeatable,results/calibration/_staging/encode_parity_football_2026-09-03_final.json,measured point
football_iso_bitrate_sweep_2026-09-03,RTX 5080 NVENC,"v0.6.1 (default model, pre-OWL-v1)",football_30s,"sport-broadcast (SI~48.3/TI~10.3, measured 2026-09-04)",h264,gpu_tuned,gpu,sweep,1080,6000,6009.8,85.06,0.2197,49.22,3,Repeatable,results/calibration/_staging/encode_parity_football_2026-09-03_final.json,measured point
football_iso_bitrate_sweep_2026-09-03,"Ryzen 9 7900 (24c CPU, libx264/libx265/libsvtav1)","v0.6.1 (default model, pre-OWL-v1)",football_30s,"sport-broadcast (SI~48.3/TI~10.3, measured 2026-09-04)",h264,cpu,cpu,sweep,1080,8000,8016.1,90.14,0.3897,65.87,2,Repeatable,results/calibration/_staging/encode_parity_football_2026-09-03_final.json,measured point
football_iso_bitrate_sweep_2026-09-03,RTX 5080 NVENC,"v0.6.1 (default model, pre-OWL-v1)",football_30s,"sport-broadcast (SI~48.3/TI~10.3, measured 2026-09-04)",h264,gpu_baseline,gpu,sweep,1080,8000,7990.6,89.46,0.1249,60.48,6,Repeatable,results/calibration/_staging/encode_parity_football_2026-09-03_final.json,measured point
football_iso_bitrate_sweep_2026-09-03,RTX 5080 NVENC,"v0.6.1 (default model, pre-OWL-v1)",football_30s,"sport-broadcast (SI~48.3/TI~10.3, measured 2026-09-04)",h264,gpu_tuned,gpu,sweep,1080,8000,8016.9,88.38,0.2329,52.18,3,Repeatable,results/calibration/_staging/encode_parity_football_2026-09-03_final.json,measured point
football_iso_bitrate_sweep_2026-09-03,"Ryzen 9 7900 (24c CPU, libx264/libx265/libsvtav1)","v0.6.1 (default model, pre-OWL-v1)",football_30s,"sport-broadcast (SI~48.3/TI~10.3, measured 2026-09-04)",h264,cpu,cpu,sweep,1080,11000,10990.9,92.37,0.4268,67.98,2,Repeatable,results/calibration/_staging/encode_parity_football_2026-09-03_final.json,measured point
football_iso_bitrate_sweep_2026-09-03,RTX 5080 NVENC,"v0.6.1 (default model, pre-OWL-v1)",football_30s,"sport-broadcast (SI~48.3/TI~10.3, measured 2026-09-04)",h264,gpu_baseline,gpu,sweep,1080,11000,10993.3,91.67,0.1304,62.61,6,Repeatable,results/calibration/_staging/encode_parity_football_2026-09-03_final.json,measured point
football_iso_bitrate_sweep_2026-09-03,RTX 5080 NVENC,"v0.6.1 (default model, pre-OWL-v1)",football_30s,"sport-broadcast (SI~48.3/TI~10.3, measured 2026-09-04)",h264,gpu_tuned,gpu,sweep,1080,11000,11020.2,90.9,0.2249,50.18,3,Repeatable,results/calibration/_staging/encode_parity_football_2026-09-03_final.json,measured point
football_iso_bitrate_sweep_2026-09-03,"Ryzen 9 7900 (24c CPU, libx264/libx265/libsvtav1)","v0.6.1 (default model, pre-OWL-v1)",football_30s,"sport-broadcast (SI~48.3/TI~10.3, measured 2026-09-04)",h264,cpu,cpu,sweep,1080,13000,12966.5,93.25,0.4413,67.32,2,Repeatable,results/calibration/_staging/encode_parity_football_2026-09-03_final.json,measured point
football_iso_bitrate_sweep_2026-09-03,RTX 5080 NVENC,"v0.6.1 (default model, pre-OWL-v1)",football_30s,"sport-broadcast (SI~48.3/TI~10.3, measured 2026-09-04)",h264,gpu_baseline,gpu,sweep,1080,13000,12979.3,92.53,0.1283,61.33,6,Repeatable,results/calibration/_staging/encode_parity_football_2026-09-03_final.json,measured point
football_iso_bitrate_sweep_2026-09-03,RTX 5080 NVENC,"v0.6.1 (default model, pre-OWL-v1)",football_30s,"sport-broadcast (SI~48.3/TI~10.3, measured 2026-09-04)",h264,gpu_tuned,gpu,sweep,1080,13000,13022.6,91.86,0.1466,32.45,3,Repeatable,results/calibration/_staging/encode_parity_football_2026-09-03_final.json,measured point
football_iso_bitrate_sweep_2026-09-03,"Ryzen 9 7900 (24c CPU, libx264/libx265/libsvtav1)","v0.6.1 (default model, pre-OWL-v1)",football_30s,"sport-broadcast (SI~48.3/TI~10.3, measured 2026-09-04)",h264,cpu,cpu,sweep,1080,15000,14938.8,93.9,0.4522,67.27,2,Repeatable,results/calibration/_staging/encode_parity_football_2026-09-03_final.json,measured point
football_iso_bitrate_sweep_2026-09-03,RTX 5080 NVENC,"v0.6.1 (default model, pre-OWL-v1)",football_30s,"sport-broadcast (SI~48.3/TI~10.3, measured 2026-09-04)",h264,gpu_baseline,gpu,sweep,1080,15000,14982.5,93.12,0.1284,60.57,6,Repeatable,results/calibration/_staging/encode_parity_football_2026-09-03_final.json,measured point
football_iso_bitrate_sweep_2026-09-03,RTX 5080 NVENC,"v0.6.1 (default model, pre-OWL-v1)",football_30s,"sport-broadcast (SI~48.3/TI~10.3, measured 2026-09-04)",h264,gpu_tuned,gpu,sweep,1080,15000,15027.4,92.53,0.2194,48.76,3,Repeatable,results/calibration/_staging/encode_parity_football_2026-09-03_final.json,measured point
football_iso_bitrate_sweep_2026-09-03,"Ryzen 9 7900 (24c CPU, libx264/libx265/libsvtav1)","v0.6.1 (default model, pre-OWL-v1)",football_30s,"sport-broadcast (SI~48.3/TI~10.3, measured 2026-09-04)",h265,cpu,cpu,sweep,1080,1500,1510.8,65.56,0.6712,69.43,2,Repeatable,results/calibration/_staging/encode_parity_football_2026-09-03_final.json,measured point
football_iso_bitrate_sweep_2026-09-03,RTX 5080 NVENC,"v0.6.1 (default model, pre-OWL-v1)",football_30s,"sport-broadcast (SI~48.3/TI~10.3, measured 2026-09-04)",h265,gpu_baseline,gpu,sweep,1080,1500,1462.2,63.24,0.137,61.32,5,Repeatable,results/calibration/_staging/encode_parity_football_2026-09-03_final.json,measured point
football_iso_bitrate_sweep_2026-09-03,RTX 5080 NVENC,"v0.6.1 (default model, pre-OWL-v1)",football_30s,"sport-broadcast (SI~48.3/TI~10.3, measured 2026-09-04)",h265,gpu_tuned,gpu,sweep,1080,1500,1498.9,64.9,0.3608,45.42,2,Repeatable,results/calibration/_staging/encode_parity_football_2026-09-03_final.json,measured point
football_iso_bitrate_sweep_2026-09-03,"Ryzen 9 7900 (24c CPU, libx264/libx265/libsvtav1)","v0.6.1 (default model, pre-OWL-v1)",football_30s,"sport-broadcast (SI~48.3/TI~10.3, measured 2026-09-04)",h265,cpu,cpu,sweep,1080,2500,2515.4,77.25,0.7532,69.53,2,Repeatable,results/calibration/_staging/encode_parity_football_2026-09-03_final.json,measured point
football_iso_bitrate_sweep_2026-09-03,RTX 5080 NVENC,"v0.6.1 (default model, pre-OWL-v1)",football_30s,"sport-broadcast (SI~48.3/TI~10.3, measured 2026-09-04)",h265,gpu_baseline,gpu,sweep,1080,2500,2417.5,75.49,0.1336,58.94,5,Repeatable,results/calibration/_staging/encode_parity_football_2026-09-03_final.json,measured point
football_iso_bitrate_sweep_2026-09-03,RTX 5080 NVENC,"v0.6.1 (default model, pre-OWL-v1)",football_30s,"sport-broadcast (SI~48.3/TI~10.3, measured 2026-09-04)",h265,gpu_tuned,gpu,sweep,1080,2500,2505.9,76.88,0.3656,46.02,2,Repeatable,results/calibration/_staging/encode_parity_football_2026-09-03_final.json,measured point
football_iso_bitrate_sweep_2026-09-03,"Ryzen 9 7900 (24c CPU, libx264/libx265/libsvtav1)","v0.6.1 (default model, pre-OWL-v1)",football_30s,"sport-broadcast (SI~48.3/TI~10.3, measured 2026-09-04)",h265,cpu,cpu,sweep,1080,3500,3513.3,82.82,0.793,66.7,1,Repeatable,results/calibration/_staging/encode_parity_football_2026-09-03_final.json,measured point
football_iso_bitrate_sweep_2026-09-03,RTX 5080 NVENC,"v0.6.1 (default model, pre-OWL-v1)",football_30s,"sport-broadcast (SI~48.3/TI~10.3, measured 2026-09-04)",h265,gpu_baseline,gpu,sweep,1080,3500,3365.7,81.34,0.1322,58.62,5,Repeatable,results/calibration/_staging/encode_parity_football_2026-09-03_final.json,measured point
football_iso_bitrate_sweep_2026-09-03,RTX 5080 NVENC,"v0.6.1 (default model, pre-OWL-v1)",football_30s,"sport-broadcast (SI~48.3/TI~10.3, measured 2026-09-04)",h265,gpu_tuned,gpu,sweep,1080,3500,3501.5,82.47,0.3692,46.64,2,Repeatable,results/calibration/_staging/encode_parity_football_2026-09-03_final.json,measured point
football_iso_bitrate_sweep_2026-09-03,"Ryzen 9 7900 (24c CPU, libx264/libx265/libsvtav1)","v0.6.1 (default model, pre-OWL-v1)",football_30s,"sport-broadcast (SI~48.3/TI~10.3, measured 2026-09-04)",h265,cpu,cpu,sweep,1080,5000,4998.8,87.08,0.8702,65.81,1,Repeatable,results/calibration/_staging/encode_parity_football_2026-09-03_final.json,measured point
football_iso_bitrate_sweep_2026-09-03,RTX 5080 NVENC,"v0.6.1 (default model, pre-OWL-v1)",football_30s,"sport-broadcast (SI~48.3/TI~10.3, measured 2026-09-04)",h265,gpu_baseline,gpu,sweep,1080,5000,4828.7,85.97,0.1357,60.17,5,Repeatable,results/calibration/_staging/encode_parity_football_2026-09-03_final.json,measured point
football_iso_bitrate_sweep_2026-09-03,RTX 5080 NVENC,"v0.6.1 (default model, pre-OWL-v1)",football_30s,"sport-broadcast (SI~48.3/TI~10.3, measured 2026-09-04)",h265,gpu_tuned,gpu,sweep,1080,5000,5004.7,86.61,0.372,46.83,2,Repeatable,results/calibration/_staging/encode_parity_football_2026-09-03_final.json,measured point
football_iso_bitrate_sweep_2026-09-03,"Ryzen 9 7900 (24c CPU, libx264/libx265/libsvtav1)","v0.6.1 (default model, pre-OWL-v1)",football_30s,"sport-broadcast (SI~48.3/TI~10.3, measured 2026-09-04)",h265,cpu,cpu,sweep,1080,7000,6970.4,89.99,0.9784,67.22,1,Repeatable,results/calibration/_staging/encode_parity_football_2026-09-03_final.json,measured point
football_iso_bitrate_sweep_2026-09-03,RTX 5080 NVENC,"v0.6.1 (default model, pre-OWL-v1)",football_30s,"sport-broadcast (SI~48.3/TI~10.3, measured 2026-09-04)",h265,gpu_baseline,gpu,sweep,1080,7000,6800.5,89.1,0.133,58.66,5,Repeatable,results/calibration/_staging/encode_parity_football_2026-09-03_final.json,measured point
football_iso_bitrate_sweep_2026-09-03,RTX 5080 NVENC,"v0.6.1 (default model, pre-OWL-v1)",football_30s,"sport-broadcast (SI~48.3/TI~10.3, measured 2026-09-04)",h265,gpu_tuned,gpu,sweep,1080,7000,7021.2,89.37,0.3779,47.74,2,Repeatable,results/calibration/_staging/encode_parity_football_2026-09-03_final.json,measured point
football_iso_bitrate_sweep_2026-09-03,"Ryzen 9 7900 (24c CPU, libx264/libx265/libsvtav1)","v0.6.1 (default model, pre-OWL-v1)",football_30s,"sport-broadcast (SI~48.3/TI~10.3, measured 2026-09-04)",h265,cpu,cpu,sweep,1080,8500,8443.2,91.3,1.0512,67.58,1,Repeatable,results/calibration/_staging/encode_parity_football_2026-09-03_final.json,measured point
football_iso_bitrate_sweep_2026-09-03,RTX 5080 NVENC,"v0.6.1 (default model, pre-OWL-v1)",football_30s,"sport-broadcast (SI~48.3/TI~10.3, measured 2026-09-04)",h265,gpu_baseline,gpu,sweep,1080,8500,8284.9,90.42,0.1374,60.93,5,Repeatable,results/calibration/_staging/encode_parity_football_2026-09-03_final.json,measured point
football_iso_bitrate_sweep_2026-09-03,RTX 5080 NVENC,"v0.6.1 (default model, pre-OWL-v1)",football_30s,"sport-broadcast (SI~48.3/TI~10.3, measured 2026-09-04)",h265,gpu_tuned,gpu,sweep,1080,8500,8543.1,90.58,0.3732,46.98,2,Repeatable,results/calibration/_staging/encode_parity_football_2026-09-03_final.json,measured point
football_iso_bitrate_sweep_2026-09-03,"Ryzen 9 7900 (24c CPU, libx264/libx265/libsvtav1)","v0.6.1 (default model, pre-OWL-v1)",football_30s,"sport-broadcast (SI~48.3/TI~10.3, measured 2026-09-04)",h265,cpu,cpu,sweep,1080,10000,9921.9,92.21,1.1026,67.51,1,Repeatable,results/calibration/_staging/encode_parity_football_2026-09-03_final.json,measured point
football_iso_bitrate_sweep_2026-09-03,RTX 5080 NVENC,"v0.6.1 (default model, pre-OWL-v1)",football_30s,"sport-broadcast (SI~48.3/TI~10.3, measured 2026-09-04)",h265,gpu_baseline,gpu,sweep,1080,10000,9794.1,91.35,0.1351,59.3,5,Repeatable,results/calibration/_staging/encode_parity_football_2026-09-03_final.json,measured point
football_iso_bitrate_sweep_2026-09-03,RTX 5080 NVENC,"v0.6.1 (default model, pre-OWL-v1)",football_30s,"sport-broadcast (SI~48.3/TI~10.3, measured 2026-09-04)",h265,gpu_tuned,gpu,sweep,1080,10000,10064.8,91.4,0.3521,44.47,2,Repeatable,results/calibration/_staging/encode_parity_football_2026-09-03_final.json,measured point
football_iso_bitrate_sweep_2026-09-03,"Ryzen 9 7900 (24c CPU, libx264/libx265/libsvtav1)","v0.6.1 (default model, pre-OWL-v1)",football_30s,"sport-broadcast (SI~48.3/TI~10.3, measured 2026-09-04)",av1,cpu,cpu,sweep,1080,1000,1007.2,64.13,0.3654,64.8,2,Repeatable,results/calibration/_staging/encode_parity_football_2026-09-03_final.json,measured point
football_iso_bitrate_sweep_2026-09-03,RTX 5080 NVENC,"v0.6.1 (default model, pre-OWL-v1)",football_30s,"sport-broadcast (SI~48.3/TI~10.3, measured 2026-09-04)",av1,gpu_baseline,gpu,sweep,1080,1000,1022.2,56.35,0.1317,63.8,6,Repeatable,results/calibration/_staging/encode_parity_football_2026-09-03_final.json,measured point
football_iso_bitrate_sweep_2026-09-03,RTX 5080 NVENC,"v0.6.1 (default model, pre-OWL-v1)",football_30s,"sport-broadcast (SI~48.3/TI~10.3, measured 2026-09-04)",av1,gpu_tuned,gpu,sweep,1080,1000,1025.2,53.65,0.2541,52.16,3,Repeatable,results/calibration/_staging/encode_parity_football_2026-09-03_final.json,measured point
football_iso_bitrate_sweep_2026-09-03,"Ryzen 9 7900 (24c CPU, libx264/libx265/libsvtav1)","v0.6.1 (default model, pre-OWL-v1)",football_30s,"sport-broadcast (SI~48.3/TI~10.3, measured 2026-09-04)",av1,cpu,cpu,sweep,1080,1800,1810.6,76.46,0.3825,64.64,2,Repeatable,results/calibration/_staging/encode_parity_football_2026-09-03_final.json,measured point
football_iso_bitrate_sweep_2026-09-03,RTX 5080 NVENC,"v0.6.1 (default model, pre-OWL-v1)",football_30s,"sport-broadcast (SI~48.3/TI~10.3, measured 2026-09-04)",av1,gpu_baseline,gpu,sweep,1080,1800,1822.4,72.37,0.1309,63.66,6,Repeatable,results/calibration/_staging/encode_parity_football_2026-09-03_final.json,measured point
football_iso_bitrate_sweep_2026-09-03,RTX 5080 NVENC,"v0.6.1 (default model, pre-OWL-v1)",football_30s,"sport-broadcast (SI~48.3/TI~10.3, measured 2026-09-04)",av1,gpu_tuned,gpu,sweep,1080,1800,1823.3,69.81,0.2622,53.63,3,Repeatable,results/calibration/_staging/encode_parity_football_2026-09-03_final.json,measured point
football_iso_bitrate_sweep_2026-09-03,"Ryzen 9 7900 (24c CPU, libx264/libx265/libsvtav1)","v0.6.1 (default model, pre-OWL-v1)",football_30s,"sport-broadcast (SI~48.3/TI~10.3, measured 2026-09-04)",av1,cpu,cpu,sweep,1080,2800,2804.0,82.97,0.4102,66.82,2,Repeatable,results/calibration/_staging/encode_parity_football_2026-09-03_final.json,measured point
football_iso_bitrate_sweep_2026-09-03,RTX 5080 NVENC,"v0.6.1 (default model, pre-OWL-v1)",football_30s,"sport-broadcast (SI~48.3/TI~10.3, measured 2026-09-04)",av1,gpu_baseline,gpu,sweep,1080,2800,2839.1,80.98,0.1444,70.91,6,Repeatable,results/calibration/_staging/encode_parity_football_2026-09-03_final.json,measured point
football_iso_bitrate_sweep_2026-09-03,RTX 5080 NVENC,"v0.6.1 (default model, pre-OWL-v1)",football_30s,"sport-broadcast (SI~48.3/TI~10.3, measured 2026-09-04)",av1,gpu_tuned,gpu,sweep,1080,2800,2835.5,79.04,0.2864,58.58,3,Repeatable,results/calibration/_staging/encode_parity_football_2026-09-03_final.json,measured point
football_iso_bitrate_sweep_2026-09-03,"Ryzen 9 7900 (24c CPU, libx264/libx265/libsvtav1)","v0.6.1 (default model, pre-OWL-v1)",football_30s,"sport-broadcast (SI~48.3/TI~10.3, measured 2026-09-04)",av1,cpu,cpu,sweep,1080,4000,3973.9,86.98,0.4151,66.42,2,Repeatable,results/calibration/_staging/encode_parity_football_2026-09-03_final.json,measured point
football_iso_bitrate_sweep_2026-09-03,RTX 5080 NVENC,"v0.6.1 (default model, pre-OWL-v1)",football_30s,"sport-broadcast (SI~48.3/TI~10.3, measured 2026-09-04)",av1,gpu_baseline,gpu,sweep,1080,4000,4066.3,86.03,0.1344,65.36,6,Repeatable,results/calibration/_staging/encode_parity_football_2026-09-03_final.json,measured point
football_iso_bitrate_sweep_2026-09-03,RTX 5080 NVENC,"v0.6.1 (default model, pre-OWL-v1)",football_30s,"sport-broadcast (SI~48.3/TI~10.3, measured 2026-09-04)",av1,gpu_tuned,gpu,sweep,1080,4000,4062.4,84.49,0.2543,51.83,3,Repeatable,results/calibration/_staging/encode_parity_football_2026-09-03_final.json,measured point
football_iso_bitrate_sweep_2026-09-03,"Ryzen 9 7900 (24c CPU, libx264/libx265/libsvtav1)","v0.6.1 (default model, pre-OWL-v1)",football_30s,"sport-broadcast (SI~48.3/TI~10.3, measured 2026-09-04)",av1,cpu,cpu,sweep,1080,6000,5932.7,90.27,0.4123,65.67,2,Repeatable,results/calibration/_staging/encode_parity_football_2026-09-03_final.json,measured point
football_iso_bitrate_sweep_2026-09-03,RTX 5080 NVENC,"v0.6.1 (default model, pre-OWL-v1)",football_30s,"sport-broadcast (SI~48.3/TI~10.3, measured 2026-09-04)",av1,gpu_baseline,gpu,sweep,1080,6000,6092.2,89.84,0.1348,65.89,6,Repeatable,results/calibration/_staging/encode_parity_football_2026-09-03_final.json,measured point
football_iso_bitrate_sweep_2026-09-03,RTX 5080 NVENC,"v0.6.1 (default model, pre-OWL-v1)",football_30s,"sport-broadcast (SI~48.3/TI~10.3, measured 2026-09-04)",av1,gpu_tuned,gpu,sweep,1080,6000,6086.0,88.67,0.252,51.74,3,Repeatable,results/calibration/_staging/encode_parity_football_2026-09-03_final.json,measured point
football_iso_bitrate_sweep_2026-09-03,"Ryzen 9 7900 (24c CPU, libx264/libx265/libsvtav1)","v0.6.1 (default model, pre-OWL-v1)",football_30s,"sport-broadcast (SI~48.3/TI~10.3, measured 2026-09-04)",av1,cpu,cpu,sweep,1080,7500,7382.9,91.58,0.4246,65.6,2,Repeatable,results/calibration/_staging/encode_parity_football_2026-09-03_final.json,measured point
football_iso_bitrate_sweep_2026-09-03,RTX 5080 NVENC,"v0.6.1 (default model, pre-OWL-v1)",football_30s,"sport-broadcast (SI~48.3/TI~10.3, measured 2026-09-04)",av1,gpu_baseline,gpu,sweep,1080,7500,7622.4,91.3,0.1311,64.05,6,Repeatable,results/calibration/_staging/encode_parity_football_2026-09-03_final.json,measured point
football_iso_bitrate_sweep_2026-09-03,RTX 5080 NVENC,"v0.6.1 (default model, pre-OWL-v1)",football_30s,"sport-broadcast (SI~48.3/TI~10.3, measured 2026-09-04)",av1,gpu_tuned,gpu,sweep,1080,7500,7609.8,90.28,0.2589,52.96,3,Repeatable,results/calibration/_staging/encode_parity_football_2026-09-03_final.json,measured point
football_abr_ladder_typical_2026-09-03,"Ryzen 9 7900 (24c CPU, libx264/libx265/libsvtav1)","v0.6.1 (default model, pre-OWL-v1)",football_30s,"sport-broadcast (SI~48.3/TI~10.3, measured 2026-09-04)",h264,cpu,cpu,ladder,720,2800,2830.4,85.1,0.2535,69.39,4,Repeatable,results/calibration/_staging/encode_parity_football_2026-09-03_final.json,fixed ABR-ladder rung (typical per-resolution bitrate)
football_abr_ladder_typical_2026-09-03,RTX 5080 NVENC,"v0.6.1 (default model, pre-OWL-v1)",football_30s,"sport-broadcast (SI~48.3/TI~10.3, measured 2026-09-04)",h264,gpu_baseline,gpu,ladder,720,2800,2797.4,82.72,0.1159,67.29,7,Repeatable,results/calibration/_staging/encode_parity_football_2026-09-03_final.json,fixed ABR-ladder rung (typical per-resolution bitrate)
football_abr_ladder_typical_2026-09-03,"Ryzen 9 7900 (24c CPU, libx264/libx265/libsvtav1)","v0.6.1 (default model, pre-OWL-v1)",football_30s,"sport-broadcast (SI~48.3/TI~10.3, measured 2026-09-04)",h264,cpu,cpu,ladder,540,1600,1625.5,83.26,0.1934,67.59,4,Repeatable,results/calibration/_staging/encode_parity_football_2026-09-03_final.json,fixed ABR-ladder rung (typical per-resolution bitrate)
football_abr_ladder_typical_2026-09-03,RTX 5080 NVENC,"v0.6.1 (default model, pre-OWL-v1)",football_30s,"sport-broadcast (SI~48.3/TI~10.3, measured 2026-09-04)",h264,gpu_baseline,gpu,ladder,540,1600,1601.4,80.2,0.1101,63.61,7,Repeatable,results/calibration/_staging/encode_parity_football_2026-09-03_final.json,fixed ABR-ladder rung (typical per-resolution bitrate)
football_abr_ladder_typical_2026-09-03,"Ryzen 9 7900 (24c CPU, libx264/libx265/libsvtav1)","v0.6.1 (default model, pre-OWL-v1)",football_30s,"sport-broadcast (SI~48.3/TI~10.3, measured 2026-09-04)",h264,cpu,cpu,ladder,480,1100,1123.3,79.9,0.1844,69.15,5,Repeatable,results/calibration/_staging/encode_parity_football_2026-09-03_final.json,fixed ABR-ladder rung (typical per-resolution bitrate)
football_abr_ladder_typical_2026-09-03,RTX 5080 NVENC,"v0.6.1 (default model, pre-OWL-v1)",football_30s,"sport-broadcast (SI~48.3/TI~10.3, measured 2026-09-04)",h264,gpu_baseline,gpu,ladder,480,1100,1100.8,74.66,0.1022,59.61,7,Repeatable,results/calibration/_staging/encode_parity_football_2026-09-03_final.json,fixed ABR-ladder rung (typical per-resolution bitrate)
football_abr_ladder_typical_2026-09-03,"Ryzen 9 7900 (24c CPU, libx264/libx265/libsvtav1)","v0.6.1 (default model, pre-OWL-v1)",football_30s,"sport-broadcast (SI~48.3/TI~10.3, measured 2026-09-04)",h264,cpu,cpu,ladder,360,800,819.0,81.92,0.1606,66.31,5,Repeatable,results/calibration/_staging/encode_parity_football_2026-09-03_final.json,fixed ABR-ladder rung (typical per-resolution bitrate)
football_abr_ladder_typical_2026-09-03,RTX 5080 NVENC,"v0.6.1 (default model, pre-OWL-v1)",football_30s,"sport-broadcast (SI~48.3/TI~10.3, measured 2026-09-04)",h264,gpu_baseline,gpu,ladder,360,800,800.7,75.6,0.1107,64.56,7,Repeatable,results/calibration/_staging/encode_parity_football_2026-09-03_final.json,fixed ABR-ladder rung (typical per-resolution bitrate)
football_abr_ladder_typical_2026-09-03,"Ryzen 9 7900 (24c CPU, libx264/libx265/libsvtav1)","v0.6.1 (default model, pre-OWL-v1)",football_30s,"sport-broadcast (SI~48.3/TI~10.3, measured 2026-09-04)",h265,cpu,cpu,ladder,720,1700,1716.5,78.85,0.5258,68.33,2,Repeatable,results/calibration/_staging/encode_parity_football_2026-09-03_final.json,fixed ABR-ladder rung (typical per-resolution bitrate)
football_abr_ladder_typical_2026-09-03,RTX 5080 NVENC,"v0.6.1 (default model, pre-OWL-v1)",football_30s,"sport-broadcast (SI~48.3/TI~10.3, measured 2026-09-04)",h265,gpu_baseline,gpu,ladder,720,1700,1632.4,76.53,0.1155,67.36,7,Repeatable,results/calibration/_staging/encode_parity_football_2026-09-03_final.json,fixed ABR-ladder rung (typical per-resolution bitrate)
football_abr_ladder_typical_2026-09-03,"Ryzen 9 7900 (24c CPU, libx264/libx265/libsvtav1)","v0.6.1 (default model, pre-OWL-v1)",football_30s,"sport-broadcast (SI~48.3/TI~10.3, measured 2026-09-04)",h265,cpu,cpu,ladder,540,950,963.5,75.08,0.3631,64.4,2,Repeatable,results/calibration/_staging/encode_parity_football_2026-09-03_final.json,fixed ABR-ladder rung (typical per-resolution bitrate)
football_abr_ladder_typical_2026-09-03,RTX 5080 NVENC,"v0.6.1 (default model, pre-OWL-v1)",football_30s,"sport-broadcast (SI~48.3/TI~10.3, measured 2026-09-04)",h265,gpu_baseline,gpu,ladder,540,950,919.6,72.81,0.1144,66.75,7,Repeatable,results/calibration/_staging/encode_parity_football_2026-09-03_final.json,fixed ABR-ladder rung (typical per-resolution bitrate)
football_abr_ladder_typical_2026-09-03,"Ryzen 9 7900 (24c CPU, libx264/libx265/libsvtav1)","v0.6.1 (default model, pre-OWL-v1)",football_30s,"sport-broadcast (SI~48.3/TI~10.3, measured 2026-09-04)",h265,cpu,cpu,ladder,480,650,662.2,70.33,0.3276,68.3,3,Repeatable,results/calibration/_staging/encode_parity_football_2026-09-03_final.json,fixed ABR-ladder rung (typical per-resolution bitrate)
football_abr_ladder_typical_2026-09-03,RTX 5080 NVENC,"v0.6.1 (default model, pre-OWL-v1)",football_30s,"sport-broadcast (SI~48.3/TI~10.3, measured 2026-09-04)",h265,gpu_baseline,gpu,ladder,480,650,639.4,66.61,0.1035,60.1,7,Repeatable,results/calibration/_staging/encode_parity_football_2026-09-03_final.json,fixed ABR-ladder rung (typical per-resolution bitrate)
football_abr_ladder_typical_2026-09-03,"Ryzen 9 7900 (24c CPU, libx264/libx265/libsvtav1)","v0.6.1 (default model, pre-OWL-v1)",football_30s,"sport-broadcast (SI~48.3/TI~10.3, measured 2026-09-04)",h265,cpu,cpu,ladder,360,500,511.0,73.2,0.2422,61.99,3,Repeatable,results/calibration/_staging/encode_parity_football_2026-09-03_final.json,fixed ABR-ladder rung (typical per-resolution bitrate)
football_abr_ladder_typical_2026-09-03,RTX 5080 NVENC,"v0.6.1 (default model, pre-OWL-v1)",football_30s,"sport-broadcast (SI~48.3/TI~10.3, measured 2026-09-04)",h265,gpu_baseline,gpu,ladder,360,500,496.6,68.44,0.1088,63.78,7,Repeatable,results/calibration/_staging/encode_parity_football_2026-09-03_final.json,fixed ABR-ladder rung (typical per-resolution bitrate)
football_abr_ladder_typical_2026-09-03,"Ryzen 9 7900 (24c CPU, libx264/libx265/libsvtav1)","v0.6.1 (default model, pre-OWL-v1)",football_30s,"sport-broadcast (SI~48.3/TI~10.3, measured 2026-09-04)",av1,cpu,cpu,ladder,720,1400,1408.6,80.07,0.264,62.8,3,Repeatable,results/calibration/_staging/encode_parity_football_2026-09-03_final.json,fixed ABR-ladder rung (typical per-resolution bitrate)
football_abr_ladder_typical_2026-09-03,RTX 5080 NVENC,"v0.6.1 (default model, pre-OWL-v1)",football_30s,"sport-broadcast (SI~48.3/TI~10.3, measured 2026-09-04)",av1,gpu_baseline,gpu,ladder,720,1400,1430.1,76.67,0.1207,69.78,7,Repeatable,results/calibration/_staging/encode_parity_football_2026-09-03_final.json,fixed ABR-ladder rung (typical per-resolution bitrate)
football_abr_ladder_typical_2026-09-03,"Ryzen 9 7900 (24c CPU, libx264/libx265/libsvtav1)","v0.6.1 (default model, pre-OWL-v1)",football_30s,"sport-broadcast (SI~48.3/TI~10.3, measured 2026-09-04)",av1,cpu,cpu,ladder,540,800,803.5,78.35,0.2185,64.47,4,Repeatable,results/calibration/_staging/encode_parity_football_2026-09-03_final.json,fixed ABR-ladder rung (typical per-resolution bitrate)
football_abr_ladder_typical_2026-09-03,RTX 5080 NVENC,"v0.6.1 (default model, pre-OWL-v1)",football_30s,"sport-broadcast (SI~48.3/TI~10.3, measured 2026-09-04)",av1,gpu_baseline,gpu,ladder,540,800,822.9,73.18,0.1139,66.11,7,Repeatable,results/calibration/_staging/encode_parity_football_2026-09-03_final.json,fixed ABR-ladder rung (typical per-resolution bitrate)
football_abr_ladder_typical_2026-09-03,"Ryzen 9 7900 (24c CPU, libx264/libx265/libsvtav1)","v0.6.1 (default model, pre-OWL-v1)",football_30s,"sport-broadcast (SI~48.3/TI~10.3, measured 2026-09-04)",av1,cpu,cpu,ladder,480,550,551.7,74.38,0.2051,68.39,4,Repeatable,results/calibration/_staging/encode_parity_football_2026-09-03_final.json,fixed ABR-ladder rung (typical per-resolution bitrate)
football_abr_ladder_typical_2026-09-03,RTX 5080 NVENC,"v0.6.1 (default model, pre-OWL-v1)",football_30s,"sport-broadcast (SI~48.3/TI~10.3, measured 2026-09-04)",av1,gpu_baseline,gpu,ladder,480,550,558.6,66.38,0.1067,62.22,7,Repeatable,results/calibration/_staging/encode_parity_football_2026-09-03_final.json,fixed ABR-ladder rung (typical per-resolution bitrate)
football_abr_ladder_typical_2026-09-03,"Ryzen 9 7900 (24c CPU, libx264/libx265/libsvtav1)","v0.6.1 (default model, pre-OWL-v1)",football_30s,"sport-broadcast (SI~48.3/TI~10.3, measured 2026-09-04)",av1,cpu,cpu,ladder,360,400,404.3,76.43,0.1751,65.4,5,Repeatable,results/calibration/_staging/encode_parity_football_2026-09-03_final.json,fixed ABR-ladder rung (typical per-resolution bitrate)
football_abr_ladder_typical_2026-09-03,RTX 5080 NVENC,"v0.6.1 (default model, pre-OWL-v1)",football_30s,"sport-broadcast (SI~48.3/TI~10.3, measured 2026-09-04)",av1,gpu_baseline,gpu,ladder,360,400,416.5,68.08,0.1097,63.71,7,Repeatable,results/calibration/_staging/encode_parity_football_2026-09-03_final.json,fixed ABR-ladder rung (typical per-resolution bitrate)
football_bitrate_ceiling_ext_2026-09-04,"Ryzen 9 7900 (24c CPU, libx264/libx265/libsvtav1)","v0.6.1 (default model, pre-OWL-v1)",football_30s,"sport-broadcast (SI~48.3/TI~10.3, measured 2026-09-04)",av1,cpu,cpu,sweep,1080,9000,8736.5,92.47,0.4152,67.02,2,Repeatable,results/calibration/_staging/encode_parity_football_2026-09-03_merged_final.json,"bitrate-ceiling extension point (separate artifact, additive)"
football_bitrate_ceiling_ext_2026-09-04,RTX 5080 NVENC,"v0.6.1 (default model, pre-OWL-v1)",football_30s,"sport-broadcast (SI~48.3/TI~10.3, measured 2026-09-04)",av1,gpu_baseline,gpu,sweep,1080,9000,9133.4,92.24,0.1332,65.08,6,Repeatable,results/calibration/_staging/encode_parity_football_2026-09-03_merged_final.json,"bitrate-ceiling extension point (separate artifact, additive)"
football_bitrate_ceiling_ext_2026-09-04,RTX 5080 NVENC,"v0.6.1 (default model, pre-OWL-v1)",football_30s,"sport-broadcast (SI~48.3/TI~10.3, measured 2026-09-04)",av1,gpu_tuned,gpu,sweep,1080,9000,9124.2,91.32,0.2569,52.54,3,Repeatable,results/calibration/_staging/encode_parity_football_2026-09-03_merged_final.json,"bitrate-ceiling extension point (separate artifact, additive)"
football_bitrate_ceiling_ext_2026-09-04,"Ryzen 9 7900 (24c CPU, libx264/libx265/libsvtav1)","v0.6.1 (default model, pre-OWL-v1)",football_30s,"sport-broadcast (SI~48.3/TI~10.3, measured 2026-09-04)",av1,cpu,cpu,sweep,1080,11000,10477.0,93.11,0.4273,67.77,2,Repeatable,results/calibration/_staging/encode_parity_football_2026-09-03_merged_final.json,"bitrate-ceiling extension point (separate artifact, additive)"
football_bitrate_ceiling_ext_2026-09-04,RTX 5080 NVENC,"v0.6.1 (default model, pre-OWL-v1)",football_30s,"sport-broadcast (SI~48.3/TI~10.3, measured 2026-09-04)",av1,gpu_baseline,gpu,sweep,1080,11000,11168.7,93.05,0.13,63.23,6,Repeatable,results/calibration/_staging/encode_parity_football_2026-09-03_merged_final.json,"bitrate-ceiling extension point (separate artifact, additive)"
football_bitrate_ceiling_ext_2026-09-04,RTX 5080 NVENC,"v0.6.1 (default model, pre-OWL-v1)",football_30s,"sport-broadcast (SI~48.3/TI~10.3, measured 2026-09-04)",av1,gpu_tuned,gpu,sweep,1080,11000,11156.9,92.26,0.2555,52.46,3,Repeatable,results/calibration/_staging/encode_parity_football_2026-09-03_merged_final.json,"bitrate-ceiling extension point (separate artifact, additive)"
football_bitrate_ceiling_ext_2026-09-04,"Ryzen 9 7900 (24c CPU, libx264/libx265/libsvtav1)","v0.6.1 (default model, pre-OWL-v1)",football_30s,"sport-broadcast (SI~48.3/TI~10.3, measured 2026-09-04)",av1,cpu,cpu,sweep,1080,13000,11920.5,93.6,0.3947,64.29,2,Repeatable,results/calibration/_staging/encode_parity_football_2026-09-03_merged_final.json,"bitrate-ceiling extension point (separate artifact, additive)"
football_bitrate_ceiling_ext_2026-09-04,RTX 5080 NVENC,"v0.6.1 (default model, pre-OWL-v1)",football_30s,"sport-broadcast (SI~48.3/TI~10.3, measured 2026-09-04)",av1,gpu_baseline,gpu,sweep,1080,13000,13182.6,93.58,0.1304,64.03,6,Repeatable,results/calibration/_staging/encode_parity_football_2026-09-03_merged_final.json,"bitrate-ceiling extension point (separate artifact, additive)"
football_bitrate_ceiling_ext_2026-09-04,RTX 5080 NVENC,"v0.6.1 (default model, pre-OWL-v1)",football_30s,"sport-broadcast (SI~48.3/TI~10.3, measured 2026-09-04)",av1,gpu_tuned,gpu,sweep,1080,13000,13167.4,92.88,0.2599,53.17,3,Repeatable,results/calibration/_staging/encode_parity_football_2026-09-03_merged_final.json,"bitrate-ceiling extension point (separate artifact, additive)"
football_bitrate_ceiling_ext_2026-09-04,"Ryzen 9 7900 (24c CPU, libx264/libx265/libsvtav1)","v0.6.1 (default model, pre-OWL-v1)",football_30s,"sport-broadcast (SI~48.3/TI~10.3, measured 2026-09-04)",h265,cpu,cpu,sweep,1080,12000,11883.6,93.08,1.1664,67.08,1,Repeatable,results/calibration/_staging/encode_parity_football_2026-09-03_merged_final.json,"bitrate-ceiling extension point (separate artifact, additive)"
football_bitrate_ceiling_ext_2026-09-04,RTX 5080 NVENC,"v0.6.1 (default model, pre-OWL-v1)",football_30s,"sport-broadcast (SI~48.3/TI~10.3, measured 2026-09-04)",h265,gpu_baseline,gpu,sweep,1080,12000,11805.4,92.19,0.139,61.05,5,Repeatable,results/calibration/_staging/encode_parity_football_2026-09-03_merged_final.json,"bitrate-ceiling extension point (separate artifact, additive)"
football_bitrate_ceiling_ext_2026-09-04,RTX 5080 NVENC,"v0.6.1 (default model, pre-OWL-v1)",football_30s,"sport-broadcast (SI~48.3/TI~10.3, measured 2026-09-04)",h265,gpu_tuned,gpu,sweep,1080,12000,12065.1,92.17,0.3631,45.7,2,Repeatable,results/calibration/_staging/encode_parity_football_2026-09-03_merged_final.json,"bitrate-ceiling extension point (separate artifact, additive)"
football_bitrate_ceiling_ext_2026-09-04,"Ryzen 9 7900 (24c CPU, libx264/libx265/libsvtav1)","v0.6.1 (default model, pre-OWL-v1)",football_30s,"sport-broadcast (SI~48.3/TI~10.3, measured 2026-09-04)",h265,cpu,cpu,sweep,1080,14000,13850.3,93.7,1.1934,65.49,1,Repeatable,results/calibration/_staging/encode_parity_football_2026-09-03_merged_final.json,"bitrate-ceiling extension point (separate artifact, additive)"
football_bitrate_ceiling_ext_2026-09-04,RTX 5080 NVENC,"v0.6.1 (default model, pre-OWL-v1)",football_30s,"sport-broadcast (SI~48.3/TI~10.3, measured 2026-09-04)",h265,gpu_baseline,gpu,sweep,1080,14000,13790.0,92.77,0.1312,57.6,5,Repeatable,results/calibration/_staging/encode_parity_football_2026-09-03_merged_final.json,"bitrate-ceiling extension point (separate artifact, additive)"
football_bitrate_ceiling_ext_2026-09-04,RTX 5080 NVENC,"v0.6.1 (default model, pre-OWL-v1)",football_30s,"sport-broadcast (SI~48.3/TI~10.3, measured 2026-09-04)",h265,gpu_tuned,gpu,sweep,1080,14000,14080.4,92.71,0.3691,46.46,2,Repeatable,results/calibration/_staging/encode_parity_football_2026-09-03_merged_final.json,"bitrate-ceiling extension point (separate artifact, additive)"
football_bitrate_ceiling_ext_2026-09-04,"Ryzen 9 7900 (24c CPU, libx264/libx265/libsvtav1)","v0.6.1 (default model, pre-OWL-v1)",football_30s,"sport-broadcast (SI~48.3/TI~10.3, measured 2026-09-04)",h265,cpu,cpu,sweep,1080,16000,15818.9,94.17,1.296,68.01,1,Repeatable,results/calibration/_staging/encode_parity_football_2026-09-03_merged_final.json,"bitrate-ceiling extension point (separate artifact, additive)"
football_bitrate_ceiling_ext_2026-09-04,RTX 5080 NVENC,"v0.6.1 (default model, pre-OWL-v1)",football_30s,"sport-broadcast (SI~48.3/TI~10.3, measured 2026-09-04)",h265,gpu_baseline,gpu,sweep,1080,16000,15816.8,93.19,0.1412,61.97,5,Repeatable,results/calibration/_staging/encode_parity_football_2026-09-03_merged_final.json,"bitrate-ceiling extension point (separate artifact, additive)"
football_bitrate_ceiling_ext_2026-09-04,RTX 5080 NVENC,"v0.6.1 (default model, pre-OWL-v1)",football_30s,"sport-broadcast (SI~48.3/TI~10.3, measured 2026-09-04)",h265,gpu_tuned,gpu,sweep,1080,16000,16092.7,93.12,0.4268,53.54,2,Repeatable,results/calibration/_staging/encode_parity_football_2026-09-03_merged_final.json,"bitrate-ceiling extension point (separate artifact, additive)"
football_h264_gputuned_recheck_2026-09-04,RTX 5080 NVENC,"v0.6.1 (default model, pre-OWL-v1)",football_30s,"sport-broadcast (SI~48.3/TI~10.3, measured 2026-09-04)",h264,gpu_tuned,gpu,sweep,1080,11000,11020.2,90.9,0.2237,49.93,3,Repeatable,results/calibration/_staging/encode_parity_football_recheck_2026-09-04.json,"re-measure of the main sweep's 11/13/15 Mbps h264 gpu_tuned rows (its 13000k row read 32.5 W, an outlier)"
football_h264_gputuned_recheck_2026-09-04,RTX 5080 NVENC,"v0.6.1 (default model, pre-OWL-v1)",football_30s,"sport-broadcast (SI~48.3/TI~10.3, measured 2026-09-04)",h264,gpu_tuned,gpu,sweep,1080,13000,13022.6,91.86,0.2181,48.47,3,Repeatable,results/calibration/_staging/encode_parity_football_recheck_2026-09-04.json,"re-measure of the main sweep's 11/13/15 Mbps h264 gpu_tuned rows (its 13000k row read 32.5 W, an outlier)"
football_h264_gputuned_recheck_2026-09-04,RTX 5080 NVENC,"v0.6.1 (default model, pre-OWL-v1)",football_30s,"sport-broadcast (SI~48.3/TI~10.3, measured 2026-09-04)",h264,gpu_tuned,gpu,sweep,1080,15000,15027.4,92.53,0.2279,50.63,3,Repeatable,results/calibration/_staging/encode_parity_football_recheck_2026-09-04.json,"re-measure of the main sweep's 11/13/15 Mbps h264 gpu_tuned rows (its 13000k row read 32.5 W, an outlier)"
football_iso_quality_interpolated_2026-09-03,"Ryzen 9 7900 (24c CPU, libx264/libx265/libsvtav1)","v0.6.1 (default model, pre-OWL-v1)",football_30s,sport-broadcast,h264,cpu,cpu,iso_quality_interp,1080,6493,,88,0.385,,,,docs/smpte_2026/football_iso_vmaf_table.csv,"bitrate LINEARLY INTERPOLATED between 7 measured sweep points, not independently measured"
football_iso_quality_interpolated_2026-09-03,"Ryzen 9 7900 (24c CPU, libx264/libx265/libsvtav1)","v0.6.1 (default model, pre-OWL-v1)",football_30s,sport-broadcast,h264,cpu,cpu,iso_quality_interp,1080,7916,,90,0.389,,,,docs/smpte_2026/football_iso_vmaf_table.csv,"bitrate LINEARLY INTERPOLATED between 7 measured sweep points, not independently measured"
football_iso_quality_interpolated_2026-09-03,"Ryzen 9 7900 (24c CPU, libx264/libx265/libsvtav1)","v0.6.1 (default model, pre-OWL-v1)",football_30s,sport-broadcast,h264,cpu,cpu,iso_quality_interp,1080,10497,,92,0.421,,,,docs/smpte_2026/football_iso_vmaf_table.csv,"bitrate LINEARLY INTERPOLATED between 7 measured sweep points, not independently measured"
football_iso_quality_interpolated_2026-09-03,"Ryzen 9 7900 (24c CPU, libx264/libx265/libsvtav1)","v0.6.1 (default model, pre-OWL-v1)",football_30s,sport-broadcast,h264,cpu,cpu,iso_quality_interp,1080,,,94,,,,,docs/smpte_2026/football_iso_vmaf_table.csv,target VMAF unreachable in sweep (max measured 93.9)
football_iso_quality_interpolated_2026-09-03,"Ryzen 9 7900 (24c CPU, libx264/libx265/libsvtav1)","v0.6.1 (default model, pre-OWL-v1)",football_30s,sport-broadcast,h264,cpu,cpu,iso_quality_interp,1080,,,96,,,,,docs/smpte_2026/football_iso_vmaf_table.csv,target VMAF unreachable in sweep (max measured 93.9)
football_iso_quality_interpolated_2026-09-03,RTX 5080 NVENC,"v0.6.1 (default model, pre-OWL-v1)",football_30s,sport-broadcast,h264,gpu_baseline,gpu,iso_quality_interp,1080,6994,,88,0.125,,,,docs/smpte_2026/football_iso_vmaf_table.csv,"bitrate LINEARLY INTERPOLATED between 7 measured sweep points, not independently measured"
football_iso_quality_interpolated_2026-09-03,RTX 5080 NVENC,"v0.6.1 (default model, pre-OWL-v1)",football_30s,sport-broadcast,h264,gpu_baseline,gpu,iso_quality_interp,1080,8724,,90,0.126,,,,docs/smpte_2026/football_iso_vmaf_table.csv,"bitrate LINEARLY INTERPOLATED between 7 measured sweep points, not independently measured"
football_iso_quality_interpolated_2026-09-03,RTX 5080 NVENC,"v0.6.1 (default model, pre-OWL-v1)",football_30s,sport-broadcast,h264,gpu_baseline,gpu,iso_quality_interp,1080,11755,,92,0.13,,,,docs/smpte_2026/football_iso_vmaf_table.csv,"bitrate LINEARLY INTERPOLATED between 7 measured sweep points, not independently measured"
football_iso_quality_interpolated_2026-09-03,RTX 5080 NVENC,"v0.6.1 (default model, pre-OWL-v1)",football_30s,sport-broadcast,h264,gpu_baseline,gpu,iso_quality_interp,1080,,,94,,,,,docs/smpte_2026/football_iso_vmaf_table.csv,target VMAF unreachable in sweep (max measured 93.12)
football_iso_quality_interpolated_2026-09-03,RTX 5080 NVENC,"v0.6.1 (default model, pre-OWL-v1)",football_30s,sport-broadcast,h264,gpu_baseline,gpu,iso_quality_interp,1080,,,96,,,,,docs/smpte_2026/football_iso_vmaf_table.csv,target VMAF unreachable in sweep (max measured 93.12)
football_iso_quality_interpolated_2026-09-03,RTX 5080 NVENC,"v0.6.1 (default model, pre-OWL-v1)",football_30s,sport-broadcast,h264,gpu_tuned,gpu,iso_quality_interp,1080,7787,,88,0.231,,,,docs/smpte_2026/football_iso_vmaf_table.csv,"bitrate LINEARLY INTERPOLATED between 7 measured sweep points, not independently measured"
football_iso_quality_interpolated_2026-09-03,RTX 5080 NVENC,"v0.6.1 (default model, pre-OWL-v1)",football_30s,sport-broadcast,h264,gpu_tuned,gpu,iso_quality_interp,1080,9948,,90,0.228,,,,docs/smpte_2026/football_iso_vmaf_table.csv,"bitrate LINEARLY INTERPOLATED between 7 measured sweep points, not independently measured"
football_iso_quality_interpolated_2026-09-03,RTX 5080 NVENC,"v0.6.1 (default model, pre-OWL-v1)",football_30s,sport-broadcast,h264,gpu_tuned,gpu,iso_quality_interp,1080,13441,,92,0.162,,,,docs/smpte_2026/football_iso_vmaf_table.csv,"bitrate LINEARLY INTERPOLATED between 7 measured sweep points, not independently measured"
football_iso_quality_interpolated_2026-09-03,RTX 5080 NVENC,"v0.6.1 (default model, pre-OWL-v1)",football_30s,sport-broadcast,h264,gpu_tuned,gpu,iso_quality_interp,1080,,,94,,,,,docs/smpte_2026/football_iso_vmaf_table.csv,target VMAF unreachable in sweep (max measured 92.53)
football_iso_quality_interpolated_2026-09-03,RTX 5080 NVENC,"v0.6.1 (default model, pre-OWL-v1)",football_30s,sport-broadcast,h264,gpu_tuned,gpu,iso_quality_interp,1080,,,96,,,,,docs/smpte_2026/football_iso_vmaf_table.csv,target VMAF unreachable in sweep (max measured 92.53)
football_iso_quality_interpolated_2026-09-03,"Ryzen 9 7900 (24c CPU, libx264/libx265/libsvtav1)","v0.6.1 (default model, pre-OWL-v1)",football_30s,sport-broadcast,h265,cpu,cpu,iso_quality_interp,1080,5622,,88,0.904,,,,docs/smpte_2026/football_iso_vmaf_table.csv,"bitrate LINEARLY INTERPOLATED between 10 measured sweep points, not independently measured"
football_iso_quality_interpolated_2026-09-03,"Ryzen 9 7900 (24c CPU, libx264/libx265/libsvtav1)","v0.6.1 (default model, pre-OWL-v1)",football_30s,sport-broadcast,h265,cpu,cpu,iso_quality_interp,1080,6982,,90,0.979,,,,docs/smpte_2026/football_iso_vmaf_table.csv,"bitrate LINEARLY INTERPOLATED between 10 measured sweep points, not independently measured"
football_iso_quality_interpolated_2026-09-03,"Ryzen 9 7900 (24c CPU, libx264/libx265/libsvtav1)","v0.6.1 (default model, pre-OWL-v1)",football_30s,sport-broadcast,h265,cpu,cpu,iso_quality_interp,1080,9581,,92,1.091,,,,docs/smpte_2026/football_iso_vmaf_table.csv,"bitrate LINEARLY INTERPOLATED between 10 measured sweep points, not independently measured"
football_iso_quality_interpolated_2026-09-03,"Ryzen 9 7900 (24c CPU, libx264/libx265/libsvtav1)","v0.6.1 (default model, pre-OWL-v1)",football_30s,sport-broadcast,h265,cpu,cpu,iso_quality_interp,1080,15107,,94,1.259,,,,docs/smpte_2026/football_iso_vmaf_table.csv,"bitrate LINEARLY INTERPOLATED between 10 measured sweep points, not independently measured"
football_iso_quality_interpolated_2026-09-03,"Ryzen 9 7900 (24c CPU, libx264/libx265/libsvtav1)","v0.6.1 (default model, pre-OWL-v1)",football_30s,sport-broadcast,h265,cpu,cpu,iso_quality_interp,1080,,,96,,,,,docs/smpte_2026/football_iso_vmaf_table.csv,target VMAF unreachable in sweep (max measured 94.17)
football_iso_quality_interpolated_2026-09-03,RTX 5080 NVENC,"v0.6.1 (default model, pre-OWL-v1)",football_30s,sport-broadcast,h265,gpu_baseline,gpu,iso_quality_interp,1080,6108,,88,0.134,,,,docs/smpte_2026/football_iso_vmaf_table.csv,"bitrate LINEARLY INTERPOLATED between 10 measured sweep points, not independently measured"
football_iso_quality_interpolated_2026-09-03,RTX 5080 NVENC,"v0.6.1 (default model, pre-OWL-v1)",football_30s,sport-broadcast,h265,gpu_baseline,gpu,iso_quality_interp,1080,7813,,90,0.136,,,,docs/smpte_2026/football_iso_vmaf_table.csv,"bitrate LINEARLY INTERPOLATED between 10 measured sweep points, not independently measured"
football_iso_quality_interpolated_2026-09-03,RTX 5080 NVENC,"v0.6.1 (default model, pre-OWL-v1)",football_30s,sport-broadcast,h265,gpu_baseline,gpu,iso_quality_interp,1080,11350,,92,0.138,,,,docs/smpte_2026/football_iso_vmaf_table.csv,"bitrate LINEARLY INTERPOLATED between 10 measured sweep points, not independently measured"
football_iso_quality_interpolated_2026-09-03,RTX 5080 NVENC,"v0.6.1 (default model, pre-OWL-v1)",football_30s,sport-broadcast,h265,gpu_baseline,gpu,iso_quality_interp,1080,,,94,,,,,docs/smpte_2026/football_iso_vmaf_table.csv,target VMAF unreachable in sweep (max measured 93.19)
football_iso_quality_interpolated_2026-09-03,RTX 5080 NVENC,"v0.6.1 (default model, pre-OWL-v1)",football_30s,sport-broadcast,h265,gpu_baseline,gpu,iso_quality_interp,1080,,,96,,,,,docs/smpte_2026/football_iso_vmaf_table.csv,target VMAF unreachable in sweep (max measured 93.19)
football_iso_quality_interpolated_2026-09-03,RTX 5080 NVENC,"v0.6.1 (default model, pre-OWL-v1)",football_30s,sport-broadcast,h265,gpu_tuned,gpu,iso_quality_interp,1080,6020,,88,0.375,,,,docs/smpte_2026/football_iso_vmaf_table.csv,"bitrate LINEARLY INTERPOLATED between 10 measured sweep points, not independently measured"
football_iso_quality_interpolated_2026-09-03,RTX 5080 NVENC,"v0.6.1 (default model, pre-OWL-v1)",football_30s,sport-broadcast,h265,gpu_tuned,gpu,iso_quality_interp,1080,7814,,90,0.375,,,,docs/smpte_2026/football_iso_vmaf_table.csv,"bitrate LINEARLY INTERPOLATED between 10 measured sweep points, not independently measured"
football_iso_quality_interpolated_2026-09-03,RTX 5080 NVENC,"v0.6.1 (default model, pre-OWL-v1)",football_30s,sport-broadcast,h265,gpu_tuned,gpu,iso_quality_interp,1080,11623,,92,0.361,,,,docs/smpte_2026/football_iso_vmaf_table.csv,"bitrate LINEARLY INTERPOLATED between 10 measured sweep points, not independently measured"
football_iso_quality_interpolated_2026-09-03,RTX 5080 NVENC,"v0.6.1 (default model, pre-OWL-v1)",football_30s,sport-broadcast,h265,gpu_tuned,gpu,iso_quality_interp,1080,,,94,,,,,docs/smpte_2026/football_iso_vmaf_table.csv,target VMAF unreachable in sweep (max measured 93.12)
football_iso_quality_interpolated_2026-09-03,RTX 5080 NVENC,"v0.6.1 (default model, pre-OWL-v1)",football_30s,sport-broadcast,h265,gpu_tuned,gpu,iso_quality_interp,1080,,,96,,,,,docs/smpte_2026/football_iso_vmaf_table.csv,target VMAF unreachable in sweep (max measured 93.12)
football_iso_quality_interpolated_2026-09-03,"Ryzen 9 7900 (24c CPU, libx264/libx265/libsvtav1)","v0.6.1 (default model, pre-OWL-v1)",football_30s,sport-broadcast,av1,cpu,cpu,iso_quality_interp,1080,4581,,88,0.414,,,,docs/smpte_2026/football_iso_vmaf_table.csv,"bitrate LINEARLY INTERPOLATED between 9 measured sweep points, not independently measured"
football_iso_quality_interpolated_2026-09-03,"Ryzen 9 7900 (24c CPU, libx264/libx265/libsvtav1)","v0.6.1 (default model, pre-OWL-v1)",football_30s,sport-broadcast,av1,cpu,cpu,iso_quality_interp,1080,5772,,90,0.413,,,,docs/smpte_2026/football_iso_vmaf_table.csv,"bitrate LINEARLY INTERPOLATED between 9 measured sweep points, not independently measured"
football_iso_quality_interpolated_2026-09-03,"Ryzen 9 7900 (24c CPU, libx264/libx265/libsvtav1)","v0.6.1 (default model, pre-OWL-v1)",football_30s,sport-broadcast,av1,cpu,cpu,iso_quality_interp,1080,8022,,92,0.42,,,,docs/smpte_2026/football_iso_vmaf_table.csv,"bitrate LINEARLY INTERPOLATED between 9 measured sweep points, not independently measured"
football_iso_quality_interpolated_2026-09-03,"Ryzen 9 7900 (24c CPU, libx264/libx265/libsvtav1)","v0.6.1 (default model, pre-OWL-v1)",football_30s,sport-broadcast,av1,cpu,cpu,iso_quality_interp,1080,,,94,,,,,docs/smpte_2026/football_iso_vmaf_table.csv,target VMAF unreachable in sweep (max measured 93.6)
football_iso_quality_interpolated_2026-09-03,"Ryzen 9 7900 (24c CPU, libx264/libx265/libsvtav1)","v0.6.1 (default model, pre-OWL-v1)",football_30s,sport-broadcast,av1,cpu,cpu,iso_quality_interp,1080,,,96,,,,,docs/smpte_2026/football_iso_vmaf_table.csv,target VMAF unreachable in sweep (max measured 93.6)
football_iso_quality_interpolated_2026-09-03,RTX 5080 NVENC,"v0.6.1 (default model, pre-OWL-v1)",football_30s,sport-broadcast,av1,gpu_baseline,gpu,iso_quality_interp,1080,5114,,88,0.135,,,,docs/smpte_2026/football_iso_vmaf_table.csv,"bitrate LINEARLY INTERPOLATED between 9 measured sweep points, not independently measured"
football_iso_quality_interpolated_2026-09-03,RTX 5080 NVENC,"v0.6.1 (default model, pre-OWL-v1)",football_30s,sport-broadcast,av1,gpu_baseline,gpu,iso_quality_interp,1080,6260,,90,0.134,,,,docs/smpte_2026/football_iso_vmaf_table.csv,"bitrate LINEARLY INTERPOLATED between 9 measured sweep points, not independently measured"
football_iso_quality_interpolated_2026-09-03,RTX 5080 NVENC,"v0.6.1 (default model, pre-OWL-v1)",football_30s,sport-broadcast,av1,gpu_baseline,gpu,iso_quality_interp,1080,8748,,92,0.133,,,,docs/smpte_2026/football_iso_vmaf_table.csv,"bitrate LINEARLY INTERPOLATED between 9 measured sweep points, not independently measured"
football_iso_quality_interpolated_2026-09-03,RTX 5080 NVENC,"v0.6.1 (default model, pre-OWL-v1)",football_30s,sport-broadcast,av1,gpu_baseline,gpu,iso_quality_interp,1080,,,94,,,,,docs/smpte_2026/football_iso_vmaf_table.csv,target VMAF unreachable in sweep (max measured 93.58)
football_iso_quality_interpolated_2026-09-03,RTX 5080 NVENC,"v0.6.1 (default model, pre-OWL-v1)",football_30s,sport-broadcast,av1,gpu_baseline,gpu,iso_quality_interp,1080,,,96,,,,,docs/smpte_2026/football_iso_vmaf_table.csv,target VMAF unreachable in sweep (max measured 93.58)
football_iso_quality_interpolated_2026-09-03,RTX 5080 NVENC,"v0.6.1 (default model, pre-OWL-v1)",football_30s,sport-broadcast,av1,gpu_tuned,gpu,iso_quality_interp,1080,5762,,88,0.252,,,,docs/smpte_2026/football_iso_vmaf_table.csv,"bitrate LINEARLY INTERPOLATED between 9 measured sweep points, not independently measured"
football_iso_quality_interpolated_2026-09-03,RTX 5080 NVENC,"v0.6.1 (default model, pre-OWL-v1)",football_30s,sport-broadcast,av1,gpu_tuned,gpu,iso_quality_interp,1080,7345,,90,0.258,,,,docs/smpte_2026/football_iso_vmaf_table.csv,"bitrate LINEARLY INTERPOLATED between 9 measured sweep points, not independently measured"
football_iso_quality_interpolated_2026-09-03,RTX 5080 NVENC,"v0.6.1 (default model, pre-OWL-v1)",football_30s,sport-broadcast,av1,gpu_tuned,gpu,iso_quality_interp,1080,10595,,92,0.256,,,,docs/smpte_2026/football_iso_vmaf_table.csv,"bitrate LINEARLY INTERPOLATED between 9 measured sweep points, not independently measured"
football_iso_quality_interpolated_2026-09-03,RTX 5080 NVENC,"v0.6.1 (default model, pre-OWL-v1)",football_30s,sport-broadcast,av1,gpu_tuned,gpu,iso_quality_interp,1080,,,94,,,,,docs/smpte_2026/football_iso_vmaf_table.csv,target VMAF unreachable in sweep (max measured 92.88)
football_iso_quality_interpolated_2026-09-03,RTX 5080 NVENC,"v0.6.1 (default model, pre-OWL-v1)",football_30s,sport-broadcast,av1,gpu_tuned,gpu,iso_quality_interp,1080,,,96,,,,,docs/smpte_2026/football_iso_vmaf_table.csv,target VMAF unreachable in sweep (max measured 92.88)
